dispatch_id,equipment_id,customer_id,dispatch_date,technician,service_type,hours_spent,labor_cost,resolution_summary,status
DISP-10001,EQ-5805,C-1076,03-21-2024,   Mike Johnson,Diagnostic,3.2,384.0,Emergency dispatch for over-temperature alarm. Cleaned heat exchanger.,Pending
DISP-10002,EQ-6058,C-1431,2022-07-15,Jennifer Chen,Diagnostic,10.3,1545.0,Performed standard preventive check. Updated firmware to v4.2.1.,Pending
DISP-10003,EQ-5761,C-1113,08/01/2023,   Carlos Sanchez,Installation,3.2,$480.00,Emergency dispatch for over-temperature alarm. Cleaned heat exchanger.,COMPLETED
DISP-10004,EQ-6682,C-1055,01/26/2023,NULL,Software Update,3.4,408.0,Emergency dispatch for over-temperature alarm. Cleaned heat exchanger.,Cancelled
DISP-10005,EQ-5105,C-1448,04-13-2023,Carlos Sanchez,Installation,9.8,1176.0,Replaced burnt fuse block. Test run completed successfully.,COMPLETED
DISP-10006,EQ-6178,C-1001,2022/11/23,Sarah Williams,Corrective Maintenance,0.8,76.0,Emergency dispatch for over-temperature alarm. Cleaned heat exchanger.,Pending
DISP-10007,EQ-5069,C-1150,05/12/2022,David Lee,Warranty Replacement,2.7,405.0,Calibrated inverter output. System operating within normal parameters.,Completed
DISP-10008,EQ-5491,C-1226,2022/04/06,Robert Martinez,Emergency Repair,8.3,1245.0,Calibrated inverter output. System operating within normal parameters.,COMPLETED
DISP-10009,EQ-6081,C-1237,2024-05-09,Maria Garcia  ,Installation,5.1,$484.50,<p>Calibrated inverter output. System operating within normal parameters.</p>,Completed
DISP-10010,EQ-5405,C-1292,2023-03-01,Lisa Rodriguez,Diagnostic,5.6,420.0,Performed standard preventive check. Updated firmware to v4.2.1.,Pending
DISP-10011,EQ-7095,C-1497,2021/06/02,,Software Update,4.2,504.0,<b>Emergency dispatch for over-temperature alarm. Cleaned heat exchanger.</b>,completed
DISP-10012,EQ-5740,C-1031,2024-03-06,Carlos Sanchez,Preventive Maintenance,4.9,465.5,Replaced faulty thermal sensor and verified system bus voltage.,Completed
DISP-10013,EQ-7123,C-1247,2021/11/27,   ,Corrective Maintenance,3.3,396.0,<html><body>Replaced burnt fuse block. Test run completed successfully.</body></html>,completed
DISP-10014,EQ-6024,C-1076,2023-01-17,  Robert Martinez  ,Installation,1.2,180.0,Performed standard preventive check. Updated firmware to v4.2.1.,completed
DISP-10015,EQ-5096,C-1057,2022-02-06T00:00:00Z,David Lee  ,Software Update,3.9,585.0,<div>Performed standard preventive check. Updated firmware to v4.2.1.</div>,completed
DISP-10016,EQ-6585,C-1204,2022-02-14T00:00:00Z,Patricia Davis,Preventive Maintenance,5.4,648.0,Performed standard preventive check. Updated firmware to v4.2.1.,In Progress
DISP-10017,EQ-7388,C-1484,12/24/2022,Patricia Davis,Software Update,2.2,330.0,Calibrated inverter output. System operating within normal parameters.,completed
DISP-10018,EQ-6037,C-1262,03/07/2023,Mike Johnson  ,Software Update,4.2,504.0,Performed standard preventive check. Updated firmware to v4.2.1.,Pending
DISP-10019,EQ-7252,C-1083,2022-01-02T00:00:00Z,Michael Brown,Preventive Maintenance,6.7,502.5,Emergency dispatch for over-temperature alarm. Cleaned heat exchanger.,Pending
DISP-10020,EQ-5522,C-1021,07-16-2024,James Wilson,Corrective Maintenance,3.7,444.0,Calibrated inverter output. System operating within normal parameters.,Cancelled
DISP-10021,EQ-6164,C-1465,2023-07-01,Michael   Brown,Installation,7.5,712.5,Emergency dispatch for over-temperature alarm. Cleaned heat exchanger.,Pending
DISP-10022,EQ-6565,C-1071,2022/10/08,   Sarah Williams,Emergency Repair,8.6,$1032.00,Emergency dispatch for over-temperature alarm. Cleaned heat exchanger.,COMPLETED
DISP-10023,EQ-7055,C-1125,2022-12-03T00:00:00Z,Michael Brown,Preventive Maintenance,4.6,345.0,Calibrated inverter output. System operating within normal parameters.,Completed
DISP-10024,EQ-5498,C-1503,12/03/2023,Patricia Davis,Corrective Maintenance,6.3,945.0,Emergency dispatch for over-temperature alarm. Cleaned heat exchanger.,In Progress
DISP-10025,EQ-6672,C-1226,05/11/2023,David Lee,Preventive Maintenance,8.8,1320.0,Replaced burnt fuse block. Test run completed successfully.,In Progress
DISP-10026,EQ-5388,C-1508,2023-08-16T00:00:00Z,James Wilson,Installation,9.3,883.5,Replaced faulty thermal sensor and verified system bus voltage.,Pending
DISP-10027,EQ-5942,C-1023,08/04/2022,Jennifer Chen,Preventive Maintenance,5.0,750.0,Replaced faulty thermal sensor and verified system bus voltage.,Cancelled
DISP-10028,EQ-6418,C-1182,02/08/2022,Carlos Sanchez,Corrective Maintenance,8.5,USD 1020.00,Performed standard preventive check. Updated firmware to v4.2.1.,Pending
DISP-10029,EQ-6307,C-1124,02-29-2024,David Lee,Corrective Maintenance,1.7,204.0,Replaced faulty thermal sensor and verified system bus voltage.,In Progress
DISP-10030,EQ-7218,C-1474,06-27-2023,Michael Brown,Warranty Replacement,7.6,912.0,Replaced faulty thermal sensor and verified system bus voltage.,Cancelled
DISP-10031,EQ-5625,C-1140,2021/06/05,Maria Garcia,Diagnostic,10.3,1545.0,Emergency dispatch for over-temperature alarm. Cleaned heat exchanger.,COMPLETED
DISP-10032,EQ-6531,C-1236,2023-12-17T00:00:00Z,Robert Martinez  ,Corrective Maintenance,7.7,1155.0,<html><body>Replaced faulty thermal sensor and verified system bus voltage.</body></html>,COMPLETED
DISP-10033,EQ-6216,C-1038,2021-09-12T00:00:00Z,Sarah Williams,Preventive Maintenance,2.7,202.5,Calibrated inverter output. System operating within normal parameters.,Pending
DISP-10034,EQ-5411,C-1328,2022/05/16,Jennifer Chen,Corrective Maintenance,2.0,190.0,Replaced faulty thermal sensor and verified system bus voltage.,In Progress
DISP-10035,EQ-6831,C-1005,09-30-2021,Patricia Davis,Warranty Replacement,7.2,540.0,Replaced faulty thermal sensor and verified system bus voltage.,In Progress
DISP-10036,EQ-5294,C-1405,2022-02-09,Jennifer Chen,Preventive Maintenance,11.4,1083.0,Replaced faulty thermal sensor and verified system bus voltage.,In Progress
DISP-10037,EQ-6396,C-1047,09/18/2022,Sarah Williams,Software Update,4.0,380.0,Performed standard preventive check. Updated firmware to v4.2.1.,Pending
DISP-10038,EQ-5310,C-1227,02-08-2022,Sarah Williams,Corrective Maintenance,5.6,672.0,<div>Replaced burnt fuse block. Test run completed successfully.</div>,COMPLETED
DISP-10039,EQ-6952,C-1492,07/02/2021,   Lisa Rodriguez,Corrective Maintenance,4.2,399.0,<html>Calibrated inverter output. System operating within normal parameters.</html>,In Progress
DISP-10040,EQ-5018,C-1052,09/19/2022,James Wilson,Diagnostic,11.2,1344.0,Emergency dispatch for over-temperature alarm. Cleaned heat exchanger.,In Progress
DISP-10041,EQ-6258,C-1296,2023-07-01,Carlos Sanchez,Installation,4.2,399.0,Replaced faulty thermal sensor and verified system bus voltage.,Pending
DISP-10042,EQ-6011,C-1481,2022-08-11T00:00:00Z,Jennifer Chen,Preventive Maintenance,9.6,720.0,<strong>Replaced faulty thermal sensor and verified system bus voltage.</strong>,Completed
DISP-10043,EQ-5925,C-1255,2022/06/25,David Lee,Emergency Repair,6.1,457.5,<b>Replaced faulty thermal sensor and verified system bus voltage.</b>,COMPLETED
DISP-10044,EQ-5097,C-1284,03/08/2022,Mike Johnson,Preventive Maintenance,11.1,"$1,054.50",Replaced faulty thermal sensor and verified system bus voltage.,Pending
DISP-10045,EQ-6606,C-1391,2024-07-19T00:00:00Z,   ,Software Update,4.6,552,Calibrated inverter output. System operating within normal parameters.,COMPLETED
DISP-10046,EQ-5914,C-1323,02/01/2022,NULL,Preventive Maintenance,11.8,885.0,Replaced burnt fuse block. Test run completed successfully.,In Progress
DISP-10047,EQ-6172,C-1225,06-23-2021,James Wilson,Preventive Maintenance,9.2,1380.0,Calibrated inverter output. System operating within normal parameters.,completed
DISP-10048,EQ-5809,C-1282,11/10/2021,Patricia Davis,Software Update,12.0,900.0,Calibrated inverter output. System operating within normal parameters.,Completed
DISP-10049,EQ-5787,C-1274,2023-10-08T00:00:00Z,Amanda Thompson,Installation,0.6,57,<b>Replaced burnt fuse block. Test run completed successfully.</b>,completed
DISP-10050,EQ-5588,C-1463,2021-11-08T00:00:00Z,  David Lee  ,Installation,9.0,675.0,Replaced burnt fuse block. Test run completed successfully.,Completed
DISP-10051,EQ-5053,C-1250,04-29-2024,David Lee,Preventive Maintenance,0.7,USD 84.00,Replaced burnt fuse block. Test run completed successfully.,completed
DISP-10052,EQ-5620,C-1247,11/20/2023,Lisa Rodriguez,Corrective Maintenance,0.7,66.5,<strong>Replaced burnt fuse block. Test run completed successfully.</strong>,Pending
DISP-10053,EQ-7160,C-1500,04-10-2023,Patricia Davis,Preventive Maintenance,6.3,598.5,<html><body>Replaced faulty thermal sensor and verified system bus voltage.</body></html>,Pending
DISP-10054,EQ-7345,C-1431,04-07-2023,Maria   Garcia,Preventive Maintenance,1.8,135.0,Replaced faulty thermal sensor and verified system bus voltage.,Pending
DISP-10055,EQ-6048,C-1335,06/22/2022,Sarah   Williams,Emergency Repair,11.6,1102.0,<p>Performed standard preventive check. Updated firmware to v4.2.1.</p>,Cancelled
DISP-10056,EQ-6969,C-1074,12/22/2021,Carlos Sanchez,Warranty Replacement,3.9,585.0,Calibrated inverter output. System operating within normal parameters.,completed
DISP-10057,EQ-5532,C-1440,06/15/2024,  Jennifer Chen  ,Corrective Maintenance,9.4,705.0,Performed standard preventive check. Updated firmware to v4.2.1.,Pending
DISP-10058,EQ-5982,C-1487,2023-12-25T00:00:00Z,NULL,Emergency Repair,7.1,852.0,Calibrated inverter output. System operating within normal parameters.,In Progress
DISP-10059,EQ-6336,C-1100,06/19/2024,David Lee,Software Update,11.7,1111.5,Calibrated inverter output. System operating within normal parameters.,In Progress
DISP-10060,EQ-5068,C-1046,2022/10/13,Amanda Thompson,Software Update,8.2,1230.0,<strong>Calibrated inverter output. System operating within normal parameters.</strong>,In Progress
DISP-10061,EQ-6430,C-1332,2023/05/20,Sarah Williams,Warranty Replacement,6.7,502.5,Emergency dispatch for over-temperature alarm. Cleaned heat exchanger.,In Progress
DISP-10062,EQ-7092,C-1375,09-26-2021,Patricia Davis  ,Warranty Replacement,1.9,180.5,Performed standard preventive check. Updated firmware to v4.2.1.,Pending
DISP-10063,EQ-7043,C-1309,05/23/2024,Lisa Rodriguez,Software Update,5.6,USD 420.00,Replaced burnt fuse block. Test run completed successfully.,Cancelled
DISP-10064,EQ-6560,C-1117,02-19-2024,Mike   Johnson,Emergency Repair,3.7,555.0,Replaced burnt fuse block. Test run completed successfully.,Completed
DISP-10065,EQ-5957,C-1083,06/18/2023,Patricia Davis,Preventive Maintenance,4.6,552.0,Calibrated inverter output. System operating within normal parameters.,Completed
DISP-10066,EQ-7441,C-1272,2023-03-26T00:00:00Z,Robert Martinez,Diagnostic,7.7,1155.0,Calibrated inverter output. System operating within normal parameters.,Cancelled
DISP-10067,EQ-6764,C-1303,08-09-2023,  Michael Brown  ,Software Update,10.0,1200.0,Replaced faulty thermal sensor and verified system bus voltage.,Cancelled
DISP-10068,EQ-5309,C-1054,01/20/2024,Patricia Davis,Software Update,7.7,731.5,<html><body>Emergency dispatch for over-temperature alarm. Cleaned heat exchanger.</body></html>,completed
DISP-10069,EQ-6707,C-1296,2022-04-19T00:00:00Z,Patricia Davis  ,Emergency Repair,9.9,742.5,Replaced burnt fuse block. Test run completed successfully.,In Progress
DISP-10070,EQ-7003,C-1488,2024-06-12,Robert Martinez,Emergency Repair,7.4,888.0,Calibrated inverter output. System operating within normal parameters.,Completed
DISP-10071,EQ-6749,C-1250,2022/09/02,Amanda Thompson,Software Update,5.9,708.0,<b>Replaced burnt fuse block. Test run completed successfully.</b>,Completed
DISP-10072,EQ-6581,C-1379,2023-04-15,   Mike Johnson,Installation,5.9,560.5,Performed standard preventive check. Updated firmware to v4.2.1.,completed
DISP-10073,EQ-6999,C-1312,04/09/2024,Robert Martinez,Corrective Maintenance,8.2,615.0,<strong>Performed standard preventive check. Updated firmware to v4.2.1.</strong>,COMPLETED
DISP-10074,EQ-6999,C-1312,02-04-2023,   Jennifer Chen,Corrective Maintenance,5.5,522.5,Calibrated inverter output. System operating within normal parameters.,In Progress
DISP-10075,EQ-5114,C-1281,01/28/2022,   Sarah Williams,Emergency Repair,7.1,852.0,Calibrated inverter output. System operating within normal parameters.,Completed
DISP-10076,EQ-7006,C-1477,11/21/2022,Carlos Sanchez,Diagnostic,1.6,120.0,Replaced faulty thermal sensor and verified system bus voltage.,COMPLETED
DISP-10077,EQ-7302,C-1033,2023-07-29T00:00:00Z,Carlos Sanchez,Emergency Repair,7.2,684.0,Calibrated inverter output. System operating within normal parameters.,COMPLETED
DISP-10078,EQ-5567,C-1362,04-22-2022,   ,Warranty Replacement,3.3,495.0,Emergency dispatch for over-temperature alarm. Cleaned heat exchanger.,Cancelled
DISP-10079,EQ-5056,C-1067,11/10/2021,Amanda Thompson,Warranty Replacement,1.4,133.0,Calibrated inverter output. System operating within normal parameters.,completed
DISP-10080,EQ-5213,C-1063,04/12/2024,Jennifer Chen,Emergency Repair,5.0,750.0,Replaced burnt fuse block. Test run completed successfully.,In Progress
DISP-10081,EQ-5769,C-1471,2021/11/10,Robert Martinez,Installation,5.5,522.5,Replaced burnt fuse block. Test run completed successfully.,completed
DISP-10082,EQ-5077,C-1473,11/25/2023,Carlos Sanchez,Emergency Repair,9.5,1425.0,Replaced burnt fuse block. Test run completed successfully.,completed
DISP-10083,EQ-7028,C-1129,2024-04-18,Mike Johnson,Corrective Maintenance,0.7,52.5,Replaced faulty thermal sensor and verified system bus voltage.,Pending
DISP-10084,EQ-6131,C-1355,12-22-2023,Mike Johnson,Corrective Maintenance,5.5,412.5,Replaced burnt fuse block. Test run completed successfully.,COMPLETED
DISP-10085,EQ-5626,C-1258,11/10/2021,Mike Johnson,Preventive Maintenance,6.4,768.0,Performed standard preventive check. Updated firmware to v4.2.1.,Completed
DISP-10086,EQ-6956,C-1057,12/16/2022,   Maria Garcia,Corrective Maintenance,11.4,1368.0,Replaced faulty thermal sensor and verified system bus voltage.,Pending
DISP-10087,EQ-6262,C-1152,08-11-2022,Amanda Thompson,Corrective Maintenance,7.3,$547.50,<html>Replaced faulty thermal sensor and verified system bus voltage.</html>,Cancelled
DISP-10088,EQ-6816,C-1450,2022/04/23,Patricia Davis,Emergency Repair,0.7,52.5,Performed standard preventive check. Updated firmware to v4.2.1.,In Progress
DISP-10089,EQ-6075,C-1356,2022-05-17,Michael Brown,Diagnostic,11.7,1404.0,<html>Emergency dispatch for over-temperature alarm. Cleaned heat exchanger.</html>,Cancelled
DISP-10090,EQ-5575,C-1275,08-06-2021,David Lee,Diagnostic,10.8,1026.0,Replaced faulty thermal sensor and verified system bus voltage.,In Progress
DISP-10091,EQ-5576,C-1079,2021-09-28T00:00:00Z,Robert Martinez,Software Update,9.5,1140.0,Replaced burnt fuse block. Test run completed successfully.,Pending
DISP-10092,EQ-5852,C-1493,07-11-2023,Robert Martinez,Diagnostic,0.6,72.0,Calibrated inverter output. System operating within normal parameters.,Pending
DISP-10093,EQ-7229,C-1269,2023/09/28,Sarah Williams,Installation,6.2,744.0,<html>Emergency dispatch for over-temperature alarm. Cleaned heat exchanger.</html>,COMPLETED
DISP-10094,EQ-6079,C-1260,2023/07/24,Mike Johnson  ,Diagnostic,0.7,52.5,Calibrated inverter output. System operating within normal parameters.,completed
DISP-10095,EQ-6399,C-1098,09/04/2021,David Lee,Diagnostic,1.6,192.0,Calibrated inverter output. System operating within normal parameters.,Cancelled
DISP-10096,EQ-7449,C-1343,07/09/2021,James Wilson,Warranty Replacement,4.5,$337.50,Performed standard preventive check. Updated firmware to v4.2.1.,Pending
DISP-10097,EQ-6466,C-1236,2022-10-30T00:00:00Z,Maria Garcia  ,Software Update,2.1,157.5,Emergency dispatch for over-temperature alarm. Cleaned heat exchanger.,Cancelled
DISP-10098,EQ-6207,C-1282,06-08-2024,Sarah Williams,Software Update,1.0,75.0,Performed standard preventive check. Updated firmware to v4.2.1.,Pending
DISP-10099,EQ-5748,C-1242,08-11-2023,Carlos   Sanchez,Emergency Repair,1.0,120.0,<div>Replaced burnt fuse block. Test run completed successfully.</div>,Completed
DISP-10100,EQ-5023,C-1330,06-04-2024,Mike Johnson,Preventive Maintenance,11.0,1320.0,Calibrated inverter output. System operating within normal parameters.,completed
DISP-10101,EQ-5963,C-1477,09/02/2021,Carlos Sanchez,Software Update,8.4,798.0,Performed standard preventive check. Updated firmware to v4.2.1.,In Progress
DISP-10102,EQ-6327,C-1483,04/06/2022,Sarah Williams,Diagnostic,11.4,1368.0,Emergency dispatch for over-temperature alarm. Cleaned heat exchanger.,COMPLETED
DISP-10103,EQ-5872,C-1499,05-08-2024,Michael Brown,Warranty Replacement,8.4,630.0,Emergency dispatch for over-temperature alarm. Cleaned heat exchanger.,completed
DISP-10104,EQ-5440,C-1343,2024-06-09T00:00:00Z,Mike Johnson,Preventive Maintenance,9.4,1128.0,<html>Performed standard preventive check. Updated firmware to v4.2.1.</html>,Completed
DISP-10105,EQ-6524,C-1046,2023-06-03,Amanda Thompson,Installation,9.6,1440.0,Performed standard preventive check. Updated firmware to v4.2.1.,Cancelled
DISP-10106,EQ-5795,C-1375,2023-04-22,Maria Garcia,Diagnostic,7.7,924.0,Replaced burnt fuse block. Test run completed successfully.,Pending
DISP-10107,EQ-6249,C-1455,2024/06/14,Carlos Sanchez,Installation,4.9,367.5,Calibrated inverter output. System operating within normal parameters.,COMPLETED
DISP-10108,EQ-6430,C-1332,2022-05-31T00:00:00Z,Lisa Rodriguez,Installation,1.0,75.0,Calibrated inverter output. System operating within normal parameters.,Completed
DISP-10109,EQ-7128,C-1113,03/16/2024,Sarah   Williams,Installation,11.0,1320.0,Replaced faulty thermal sensor and verified system bus voltage.,Completed
DISP-10110,EQ-6809,C-1185,07/29/2024,Jennifer Chen,Preventive Maintenance,3.7,277.5,Calibrated inverter output. System operating within normal parameters.,Cancelled
DISP-10111,EQ-6181,C-1358,08-18-2021,Carlos Sanchez,Diagnostic,10.3,978.5,Emergency dispatch for over-temperature alarm. Cleaned heat exchanger.,Completed
DISP-10112,EQ-7237,C-1354,07/10/2024,Jennifer Chen,Preventive Maintenance,0.7,105.0,Emergency dispatch for over-temperature alarm. Cleaned heat exchanger.,Completed
DISP-10113,EQ-6015,C-1270,2021/09/06,Lisa Rodriguez,Emergency Repair,10.8,810.0,Emergency dispatch for over-temperature alarm. Cleaned heat exchanger.,completed
DISP-10114,EQ-7326,C-1128,2024-06-14,David Lee,Corrective Maintenance,0.8,76.0,Emergency dispatch for over-temperature alarm. Cleaned heat exchanger.,completed
DISP-10115,EQ-7406,C-1481,06-03-2024,Lisa Rodriguez,Preventive Maintenance,4.8,360.0,Calibrated inverter output. System operating within normal parameters.,COMPLETED
DISP-10116,EQ-5485,C-1513,2021-06-28T00:00:00Z,   Patricia Davis,Diagnostic,11.8,885.0,<b>Calibrated inverter output. System operating within normal parameters.</b>,Completed
DISP-10117,EQ-7266,C-1226,03/05/2024,David Lee,Emergency Repair,11.7,1404,Emergency dispatch for over-temperature alarm. Cleaned heat exchanger.,In Progress
DISP-10118,EQ-6431,C-1125,07/24/2023,James Wilson  ,Warranty Replacement,7.2,1080.0,Replaced burnt fuse block. Test run completed successfully.,In Progress
DISP-10119,EQ-7029,C-1389,2023-07-09,Mike Johnson,Diagnostic,5.2,390.0,Performed standard preventive check. Updated firmware to v4.2.1.,completed
DISP-10120,EQ-6499,C-1225,2023/03/03,James Wilson,Installation,3.1,465.0,Calibrated inverter output. System operating within normal parameters.,COMPLETED
DISP-10121,EQ-5532,C-1440,2023-02-18,Patricia Davis,Diagnostic,7.4,888.0,Replaced burnt fuse block. Test run completed successfully.,In Progress
DISP-10122,EQ-6152,C-1474,2023-07-22T00:00:00Z,Patricia Davis,Corrective Maintenance,11.2,840.0,Emergency dispatch for over-temperature alarm. Cleaned heat exchanger.,In Progress
DISP-10123,EQ-7403,C-1476,2022-02-19T00:00:00Z,Jennifer Chen,Preventive Maintenance,9.8,931.0,<html>Performed standard preventive check. Updated firmware to v4.2.1.</html>,Cancelled
DISP-10124,EQ-7214,C-1418,03/27/2023,Mike Johnson,Warranty Replacement,8.1,$1215.00,Replaced faulty thermal sensor and verified system bus voltage.,completed
DISP-10125,EQ-6873,C-1383,2023/02/11,Amanda Thompson,Preventive Maintenance,8.0,"$1,200.00",Replaced burnt fuse block. Test run completed successfully.,completed
DISP-10126,EQ-5927,C-1123,07/30/2021,Lisa Rodriguez,Corrective Maintenance,6.1,457.5,Emergency dispatch for over-temperature alarm. Cleaned heat exchanger.,COMPLETED
DISP-10127,EQ-6252,C-1038,2024/06/15,   Robert Martinez,Diagnostic,1.1,165.0,Emergency dispatch for over-temperature alarm. Cleaned heat exchanger.,Cancelled
DISP-10128,EQ-6982,C-1001,2022-06-21T00:00:00Z,Carlos Sanchez,Software Update,11.8,1121.0,<div>Replaced faulty thermal sensor and verified system bus voltage.</div>,Pending
DISP-10129,EQ-7114,C-1503,05-08-2024,Sarah Williams,Corrective Maintenance,1.0,95.0,<html>Emergency dispatch for over-temperature alarm. Cleaned heat exchanger.</html>,Cancelled
DISP-10130,EQ-6458,C-1488,03/02/2022,   Robert Martinez,Emergency Repair,8.2,1230.0,Replaced burnt fuse block. Test run completed successfully.,Completed
DISP-10131,EQ-7366,C-1444,2024-06-23T00:00:00Z,Lisa Rodriguez,Emergency Repair,10.9,1635.0,Replaced faulty thermal sensor and verified system bus voltage.,completed
DISP-10132,EQ-5131,C-1107,2023-12-25,Patricia Davis,Emergency Repair,1.2,90.0,Emergency dispatch for over-temperature alarm. Cleaned heat exchanger.,Cancelled
DISP-10133,EQ-5537,C-1090,02/01/2024,Michael Brown,Emergency Repair,7.9,1185.0,Replaced faulty thermal sensor and verified system bus voltage.,Cancelled
DISP-10134,EQ-6870,C-1069,2023/11/16,Sarah Williams,Corrective Maintenance,10.6,$1590.00,Calibrated inverter output. System operating within normal parameters.,completed
DISP-10135,EQ-5426,C-1436,11-07-2021,David Lee,Installation,11.7,1755.0,Replaced burnt fuse block. Test run completed successfully.,COMPLETED
DISP-10136,EQ-5188,C-1443,2022/01/14,,Warranty Replacement,3.1,232.5,Emergency dispatch for over-temperature alarm. Cleaned heat exchanger.,Pending
DISP-10137,EQ-6962,C-1143,2024/05/02,David Lee,Emergency Repair,3.4,255.0,Calibrated inverter output. System operating within normal parameters.,Pending
DISP-10138,EQ-5291,C-1242,04-12-2024,  Michael Brown  ,Diagnostic,4.4,418.0,Calibrated inverter output. System operating within normal parameters.,Cancelled
DISP-10139,EQ-6783,C-1199,2022-06-01T00:00:00Z,Maria Garcia,Warranty Replacement,5.8,551.0,<p>Replaced burnt fuse block. Test run completed successfully.</p>,Pending
DISP-10140,EQ-7497,C-1222,12/31/2021,Jennifer Chen,Warranty Replacement,8.7,826.5,Emergency dispatch for over-temperature alarm. Cleaned heat exchanger.,In Progress
DISP-10141,EQ-5504,C-1053,2024/05/10,Carlos Sanchez,Corrective Maintenance,7.9,948.0,Emergency dispatch for over-temperature alarm. Cleaned heat exchanger.,Cancelled
DISP-10142,EQ-7035,C-1375,2023/06/09,Carlos Sanchez,Diagnostic,7.9,592.5,Calibrated inverter output. System operating within normal parameters.,COMPLETED
DISP-10143,EQ-5946,C-1181,2023/09/19,Robert Martinez,Software Update,4.7,$705.00,Performed standard preventive check. Updated firmware to v4.2.1.,Pending
DISP-10144,EQ-7190,C-1273,2021/11/02,David Lee,Warranty Replacement,7.0,525.0,Replaced faulty thermal sensor and verified system bus voltage.,Pending
DISP-10145,EQ-5741,C-1129,10/23/2022,Mike Johnson,Preventive Maintenance,10.7,1284.0,Performed standard preventive check. Updated firmware to v4.2.1.,Cancelled
DISP-10146,EQ-5639,C-1412,2021-06-09T00:00:00Z,Michael Brown,Diagnostic,8.7,1044.0,Emergency dispatch for over-temperature alarm. Cleaned heat exchanger.,In Progress
DISP-10147,EQ-6115,C-1287,07/12/2022,Robert Martinez,Preventive Maintenance,5.1,765.0,Replaced faulty thermal sensor and verified system bus voltage.,Completed
DISP-10148,EQ-6030,C-1213,2022-01-28,Amanda Thompson,Preventive Maintenance,11.0,825.0,Calibrated inverter output. System operating within normal parameters.,Completed
DISP-10149,EQ-7268,C-1239,10/16/2022,David Lee,Installation,4.0,600.0,Replaced burnt fuse block. Test run completed successfully.,Cancelled
DISP-10150,EQ-6115,C-1287,2024-03-01T00:00:00Z,Michael Brown,Installation,1.4,210.0,Calibrated inverter output. System operating within normal parameters.,Cancelled
DISP-10151,EQ-6408,C-1126,06/05/2024,   Patricia Davis,Software Update,7.4,1110.0,Emergency dispatch for over-temperature alarm. Cleaned heat exchanger.,Cancelled
DISP-10152,EQ-7111,C-1098,05/04/2022,Jennifer Chen,Preventive Maintenance,1.6,192.0,Replaced faulty thermal sensor and verified system bus voltage.,Cancelled
DISP-10153,EQ-5518,C-1131,01/25/2023,Michael Brown,Installation,3.1,294.5,Calibrated inverter output. System operating within normal parameters.,completed
DISP-10154,EQ-6126,C-1186,09-19-2021,David Lee,Installation,11.3,1073.5,Replaced burnt fuse block. Test run completed successfully.,Cancelled
DISP-10155,EQ-6466,C-1236,2022-08-07,Michael Brown,Installation,7.0,525.0,Replaced faulty thermal sensor and verified system bus voltage.,Completed
DISP-10156,EQ-5879,C-1164,04/06/2024,Robert Martinez,Warranty Replacement,1.3,156.0,Performed standard preventive check. Updated firmware to v4.2.1.,In Progress
DISP-10157,EQ-6475,C-1365,2022-06-04,David Lee,Warranty Replacement,0.5,60.0,Emergency dispatch for over-temperature alarm. Cleaned heat exchanger.,In Progress
DISP-10158,EQ-5486,C-1362,2023-05-20,Carlos Sanchez,Diagnostic,8.0,760.0,<b>Calibrated inverter output. System operating within normal parameters.</b>,completed
DISP-10159,EQ-6588,C-1506,10/24/2021,Patricia Davis,Corrective Maintenance,7.5,900.0,Replaced burnt fuse block. Test run completed successfully.,In Progress
DISP-10160,EQ-7144,C-1154,2022/08/03,Patricia Davis,Emergency Repair,2.3,$218.50,Replaced faulty thermal sensor and verified system bus voltage.,COMPLETED
DISP-10161,EQ-6575,C-1009,2022/11/07,   David Lee,Installation,6.9,655.5,Replaced burnt fuse block. Test run completed successfully.,Completed
DISP-10162,EQ-5060,C-1416,09/02/2023,Robert Martinez,Software Update,2.6,390.0,Calibrated inverter output. System operating within normal parameters.,Cancelled
DISP-10163,EQ-7402,C-1225,2022-04-10T00:00:00Z,Mike Johnson,Installation,6.5,780.0,Replaced faulty thermal sensor and verified system bus voltage.,Pending
DISP-10164,EQ-6992,C-1243,04/25/2024,Amanda Thompson,Software Update,2.4,228.0,Emergency dispatch for over-temperature alarm. Cleaned heat exchanger.,Pending
DISP-10165,EQ-6302,C-1318,12/01/2022,Sarah Williams,Installation,7.2,684.0,Calibrated inverter output. System operating within normal parameters.,Pending
DISP-10166,EQ-7488,C-1360,07/07/2021,Sarah Williams,Software Update,4.5,540.0,Emergency dispatch for over-temperature alarm. Cleaned heat exchanger.,completed
DISP-10167,EQ-6298,C-1241,2021-12-20,Lisa Rodriguez,Emergency Repair,3.1,294,Emergency dispatch for over-temperature alarm. Cleaned heat exchanger.,COMPLETED
DISP-10168,EQ-5601,C-1032,2021-10-09,Maria Garcia,Installation,1.6,240.0,Replaced faulty thermal sensor and verified system bus voltage.,COMPLETED
DISP-10169,EQ-5034,C-1073,10/17/2023,  David Lee  ,Emergency Repair,7.0,$1050.00,Calibrated inverter output. System operating within normal parameters.,Completed
DISP-10170,EQ-7017,C-1103,07/01/2022,Sarah Williams,Warranty Replacement,4.3,408.5,Replaced burnt fuse block. Test run completed successfully.,In Progress
DISP-10171,EQ-7415,C-1029,2024-03-16T00:00:00Z,David Lee,Emergency Repair,4.9,465.5,<p>Emergency dispatch for over-temperature alarm. Cleaned heat exchanger.</p>,Cancelled
DISP-10172,EQ-6925,C-1199,07/28/2022,  James Wilson  ,Software Update,8.0,1200.0,Emergency dispatch for over-temperature alarm. Cleaned heat exchanger.,COMPLETED
DISP-10173,EQ-6066,C-1262,07/31/2024,   ,Emergency Repair,11.6,1740.0,Calibrated inverter output. System operating within normal parameters.,Cancelled
DISP-10174,EQ-5510,C-1341,03-06-2024,Amanda   Thompson,Emergency Repair,4.6,437.0,Replaced burnt fuse block. Test run completed successfully.,In Progress
DISP-10175,EQ-6141,C-1287,05/17/2023,Sarah Williams,Emergency Repair,9.6,912.0,Replaced burnt fuse block. Test run completed successfully.,Pending
DISP-10176,EQ-6020,C-1163,09/27/2023,Carlos Sanchez,Preventive Maintenance,9.8,1470.0,Replaced faulty thermal sensor and verified system bus voltage.,Completed
DISP-10177,EQ-5125,C-1449,2021/06/03,Robert Martinez,Software Update,4.4,660.0,Replaced burnt fuse block. Test run completed successfully.,completed
DISP-10178,EQ-5527,C-1362,2022/06/30,Patricia Davis,Corrective Maintenance,6.0,$720.00,Calibrated inverter output. System operating within normal parameters.,Completed
DISP-10179,EQ-6162,C-1020,10-08-2022,Jennifer Chen,Preventive Maintenance,3.9,585.0,Performed standard preventive check. Updated firmware to v4.2.1.,Completed
DISP-10180,EQ-5476,C-1066,2023-04-16T00:00:00Z,Jennifer Chen,Installation,5.8,435.0,Calibrated inverter output. System operating within normal parameters.,COMPLETED
DISP-10181,EQ-6529,C-1320,2022-04-02,Maria Garcia,Corrective Maintenance,7.1,1065.0,Replaced faulty thermal sensor and verified system bus voltage.,Pending
DISP-10182,EQ-5829,C-1394,08/26/2022,Carlos Sanchez,Installation,1.2,90.0,Replaced faulty thermal sensor and verified system bus voltage.,Pending
DISP-10183,EQ-6889,C-1364,2022-07-21,Sarah Williams,Warranty Replacement,3.8,570.0,Replaced burnt fuse block. Test run completed successfully.,Cancelled
DISP-10184,EQ-6524,C-1046,2022/04/03,Maria Garcia,Installation,3.0,450.0,Calibrated inverter output. System operating within normal parameters.,Cancelled
DISP-10185,EQ-6954,C-1442,2022/08/18,Amanda Thompson,Diagnostic,11.8,1770.0,Replaced burnt fuse block. Test run completed successfully.,COMPLETED
DISP-10186,EQ-7476,C-1163,08-13-2021,Maria Garcia  ,Emergency Repair,10.8,1296.0,Calibrated inverter output. System operating within normal parameters.,In Progress
DISP-10187,EQ-6733,C-1344,04-07-2022,Patricia Davis  ,Emergency Repair,10.1,1515.0,Emergency dispatch for over-temperature alarm. Cleaned heat exchanger.,Completed
DISP-10188,EQ-7359,C-1463,2023/02/22,Maria Garcia,Emergency Repair,9.7,727.5,Replaced burnt fuse block. Test run completed successfully.,Completed
DISP-10189,EQ-7098,C-1266,2022-01-03T00:00:00Z,   Lisa Rodriguez,Warranty Replacement,3.2,240.0,<strong>Replaced faulty thermal sensor and verified system bus voltage.</strong>,Cancelled
DISP-10190,EQ-5863,C-1375,2021-07-18T00:00:00Z,Mike Johnson,Diagnostic,7.3,876.0,Calibrated inverter output. System operating within normal parameters.,completed
DISP-10191,EQ-5739,C-1420,12/19/2021,Maria Garcia,Installation,3.4,323.0,Emergency dispatch for over-temperature alarm. Cleaned heat exchanger.,Completed
DISP-10192,EQ-6072,C-1499,09-20-2021,Mike Johnson,Warranty Replacement,11.9,892.5,Emergency dispatch for over-temperature alarm. Cleaned heat exchanger.,Completed
DISP-10193,EQ-5202,C-1412,2021/12/14,   Sarah Williams,Software Update,8.4,1008.0,Replaced faulty thermal sensor and verified system bus voltage.,Pending
DISP-10194,EQ-5489,C-1341,04-11-2022,David Lee,Emergency Repair,7.7,1155.0,Emergency dispatch for over-temperature alarm. Cleaned heat exchanger.,Cancelled
DISP-10195,EQ-5313,C-1018,2022-07-10T00:00:00Z,Sarah Williams,Diagnostic,9.5,USD 1425.00,Emergency dispatch for over-temperature alarm. Cleaned heat exchanger.,In Progress
DISP-10196,EQ-5932,C-1446,10-07-2023,   David Lee,Emergency Repair,7.5,900.0,Performed standard preventive check. Updated firmware to v4.2.1.,COMPLETED
DISP-10197,EQ-6602,C-1161,2022/09/19,  Jennifer Chen  ,Diagnostic,10.1,959.5,Replaced burnt fuse block. Test run completed successfully.,Cancelled
DISP-10198,EQ-5412,C-1294,2022-05-19T00:00:00Z,Jennifer Chen,Warranty Replacement,4.6,552.0,Calibrated inverter output. System operating within normal parameters.,completed
DISP-10199,EQ-99320,C-99123,2023-04-26T00:00:00Z,Amanda Thompson,Software Update,9.5,1140.0,Replaced faulty thermal sensor and verified system bus voltage.,COMPLETED
DISP-10200,EQ-6131,C-1355,2022/04/18,Jennifer Chen,Software Update,6.3,598.5,Performed standard preventive check. Updated firmware to v4.2.1.,Completed
DISP-10201,EQ-5864,C-1257,2022/03/29,David Lee,Corrective Maintenance,2.2,209.0,Replaced burnt fuse block. Test run completed successfully.,In Progress
DISP-10202,EQ-6164,C-1465,07-06-2023,Mike Johnson,Preventive Maintenance,3.5,420.0,Emergency dispatch for over-temperature alarm. Cleaned heat exchanger.,Completed
DISP-10203,EQ-6095,C-1203,04/23/2022,,Software Update,8.9,1335.0,Emergency dispatch for over-temperature alarm. Cleaned heat exchanger.,COMPLETED
DISP-10204,EQ-5560,C-1125,04/03/2024,Amanda Thompson  ,Emergency Repair,0.7,52.5,Emergency dispatch for over-temperature alarm. Cleaned heat exchanger.,COMPLETED
DISP-10205,EQ-7241,C-1048,2023-12-30,Lisa Rodriguez,Installation,1.5,142.5,Replaced burnt fuse block. Test run completed successfully.,Cancelled
DISP-10206,EQ-5320,C-1190,11/26/2023,Amanda Thompson,Diagnostic,10.3,1545.0,Replaced burnt fuse block. Test run completed successfully.,Completed
DISP-10207,EQ-5888,C-1038,08/03/2021,Patricia Davis,Installation,6.3,472.5,Performed standard preventive check. Updated firmware to v4.2.1.,Cancelled
DISP-10208,EQ-7402,C-1225,2023-06-15,Jennifer Chen,Installation,9.6,1440.0,Calibrated inverter output. System operating within normal parameters.,completed
DISP-10209,EQ-5938,C-1034,2021-06-25T00:00:00Z,James Wilson,Emergency Repair,3.7,555.0,Calibrated inverter output. System operating within normal parameters.,COMPLETED
DISP-10210,EQ-7055,C-1125,2021-11-01T00:00:00Z,James Wilson,Emergency Repair,4.8,720.0,Performed standard preventive check. Updated firmware to v4.2.1.,In Progress
DISP-10211,EQ-5451,C-1113,07/14/2022,James Wilson,Emergency Repair,2.1,315.0,Emergency dispatch for over-temperature alarm. Cleaned heat exchanger.,In Progress
DISP-10212,EQ-6976,C-1465,01/03/2022,Mike Johnson,Corrective Maintenance,2.7,202.5,Emergency dispatch for over-temperature alarm. Cleaned heat exchanger.,completed
DISP-10213,EQ-6000,C-1048,2023-07-26T00:00:00Z,Maria Garcia,Diagnostic,3.0,285.0,Emergency dispatch for over-temperature alarm. Cleaned heat exchanger.,In Progress
DISP-10214,EQ-7086,C-1178,04/28/2024,Carlos Sanchez,Installation,1.3,97.5,Calibrated inverter output. System operating within normal parameters.,In Progress
DISP-10215,EQ-6982,C-1001,2024/04/13,   Mike Johnson,Warranty Replacement,11.8,1416.0,Calibrated inverter output. System operating within normal parameters.,COMPLETED
DISP-10216,EQ-5556,C-1336,2024-03-12T00:00:00Z,   Carlos Sanchez,Corrective Maintenance,9.5,902.5,Replaced faulty thermal sensor and verified system bus voltage.,Cancelled
DISP-10217,EQ-6455,C-1475,2021-09-04,Maria Garcia,Software Update,6.1,915.0,Calibrated inverter output. System operating within normal parameters.,COMPLETED
DISP-10218,EQ-5066,C-1086,01-24-2024,David Lee,Software Update,1.6,152.0,Performed standard preventive check. Updated firmware to v4.2.1.,Pending
DISP-10219,EQ-5464,C-1112,08/10/2022,Sarah Williams,Corrective Maintenance,6.6,990.0,Replaced faulty thermal sensor and verified system bus voltage.,completed
DISP-10220,EQ-7351,C-1519,2024-07-04,Sarah Williams,Installation,4.2,$399.00,Replaced faulty thermal sensor and verified system bus voltage.,completed
DISP-10221,EQ-6346,C-1128,2024/07/08,Maria Garcia,Preventive Maintenance,270.4,20280.0,Replaced faulty thermal sensor and verified system bus voltage.,Completed
DISP-10222,EQ-5048,C-1153,2022-05-14,Robert Martinez,Corrective Maintenance,0.7,66.5,Replaced faulty thermal sensor and verified system bus voltage.,COMPLETED
DISP-10223,EQ-6501,C-1074,03/01/2023,,Preventive Maintenance,9.2,1380.0,Replaced faulty thermal sensor and verified system bus voltage.,Cancelled
DISP-10224,EQ-7200,C-1154,08/14/2021,Michael Brown,Emergency Repair,1.1,82.5,Performed standard preventive check. Updated firmware to v4.2.1.,Cancelled
DISP-10225,EQ-7184,C-1423,2022-01-16,,Emergency Repair,2.0,150.0,Calibrated inverter output. System operating within normal parameters.,Pending
DISP-10226,EQ-5735,C-1131,12/23/2021,,Corrective Maintenance,0.8,120.0,<strong>Replaced faulty thermal sensor and verified system bus voltage.</strong>,In Progress
DISP-10227,EQ-6363,C-1481,2023/09/28,Lisa Rodriguez,Corrective Maintenance,1.1,165.0,<p>Emergency dispatch for over-temperature alarm. Cleaned heat exchanger.</p>,completed
DISP-10228,EQ-5876,C-1129,2021-06-24,  Mike Johnson  ,Installation,1.7,161.5,Replaced burnt fuse block. Test run completed successfully.,completed
DISP-10229,EQ-7253,C-1348,2023-06-13T00:00:00Z,Mike Johnson,Installation,3.1,372.0,Calibrated inverter output. System operating within normal parameters.,completed
DISP-10230,EQ-7041,C-1487,2022-04-27,Mike Johnson,Preventive Maintenance,9.3,697.5,Performed standard preventive check. Updated firmware to v4.2.1.,Completed
DISP-10231,EQ-7394,C-1069,06-15-2021,Carlos Sanchez  ,Emergency Repair,7.3,1095.0,Replaced faulty thermal sensor and verified system bus voltage.,Pending
DISP-10232,EQ-5778,C-1435,07-13-2021,David Lee,Software Update,5.0,475.0,Emergency dispatch for over-temperature alarm. Cleaned heat exchanger.,Cancelled
DISP-10233,EQ-5366,C-1319,2024/07/17,   Michael Brown,Software Update,2.4,228.0,Calibrated inverter output. System operating within normal parameters.,In Progress
DISP-10234,EQ-5722,C-1138,01/04/2023,Amanda Thompson,Software Update,1.5,180.0,Replaced burnt fuse block. Test run completed successfully.,Completed
DISP-10235,EQ-6882,C-1144,01/29/2023,Lisa Rodriguez,Warranty Replacement,0.7,52.5,Replaced faulty thermal sensor and verified system bus voltage.,Pending
DISP-10236,EQ-6236,C-1072,2022-03-04,Amanda Thompson,Emergency Repair,3.4,510.0,Replaced faulty thermal sensor and verified system bus voltage.,In Progress
DISP-10237,EQ-5756,C-1044,2022-01-25,David Lee,Emergency Repair,3.9,292.5,<div>Performed standard preventive check. Updated firmware to v4.2.1.</div>,Pending
DISP-10238,EQ-5217,C-1360,2023/06/14,Robert Martinez,Diagnostic,11.0,825.0,<html>Replaced faulty thermal sensor and verified system bus voltage.</html>,Pending
DISP-10239,EQ-7014,C-1146,2024-03-04,Lisa Rodriguez,Diagnostic,1.6,152.0,Replaced burnt fuse block. Test run completed successfully.,In Progress
DISP-10240,EQ-6212,C-1287,2022-06-20T00:00:00Z,Maria Garcia,Corrective Maintenance,10.2,1530.0,Replaced faulty thermal sensor and verified system bus voltage.,Completed
DISP-10241,EQ-7190,C-1273,2022/01/10,Robert Martinez,Installation,10.2,1530.0,Calibrated inverter output. System operating within normal parameters.,Cancelled
DISP-10242,EQ-5296,C-1285,2023-07-24T00:00:00Z,Robert Martinez,Diagnostic,6.9,$828.00,Calibrated inverter output. System operating within normal parameters.,COMPLETED
DISP-10243,EQ-5863,C-1375,05/16/2022,James Wilson,Software Update,2.2,264.0,Replaced faulty thermal sensor and verified system bus voltage.,completed
DISP-10244,EQ-6828,C-1077,2022-10-18T00:00:00Z,Robert Martinez,Emergency Repair,6.7,1005.0,Emergency dispatch for over-temperature alarm. Cleaned heat exchanger.,Completed
DISP-10245,EQ-5451,C-1113,2021-08-12,Lisa Rodriguez,Corrective Maintenance,2.9,217.5,Calibrated inverter output. System operating within normal parameters.,COMPLETED
DISP-10246,EQ-5811,C-1053,2022/09/04,Mike Johnson,Corrective Maintenance,6.6,495.0,Replaced burnt fuse block. Test run completed successfully.,Cancelled
DISP-10247,EQ-7458,C-1275,02-07-2022,Patricia Davis,Preventive Maintenance,10.2,765.0,Replaced faulty thermal sensor and verified system bus voltage.,In Progress
DISP-10248,EQ-5336,C-1482,2021/07/21,Carlos Sanchez,Warranty Replacement,11.9,1428.0,Replaced burnt fuse block. Test run completed successfully.,Pending
DISP-10249,EQ-5737,C-1240,07/04/2023,Carlos Sanchez,Software Update,4.1,615.0,Emergency dispatch for over-temperature alarm. Cleaned heat exchanger.,Pending
DISP-10250,EQ-5486,C-1362,2022/09/11,Amanda Thompson,Installation,8.3,622.5,Replaced faulty thermal sensor and verified system bus voltage.,completed
DISP-10251,EQ-6503,C-1154,2021-10-07T00:00:00Z,Michael Brown,Corrective Maintenance,0.7,105.0,Performed standard preventive check. Updated firmware to v4.2.1.,COMPLETED
DISP-10252,EQ-6606,C-1391,08/08/2021,Lisa Rodriguez,Installation,1.5,112.5,Replaced faulty thermal sensor and verified system bus voltage.,COMPLETED
DISP-10253,EQ-5415,C-1335,08-15-2022,  Amanda Thompson  ,Corrective Maintenance,1.3,97.5,Calibrated inverter output. System operating within normal parameters.,COMPLETED
DISP-10254,EQ-6907,C-1280,2024/07/25,Robert Martinez,Software Update,1.7,204.0,Performed standard preventive check. Updated firmware to v4.2.1.,Completed
DISP-10255,EQ-5300,C-1369,2023/05/06,David Lee,Preventive Maintenance,11.6,1392.0,<b>Replaced burnt fuse block. Test run completed successfully.</b>,completed
DISP-10256,EQ-5324,C-1178,2024-05-29T00:00:00Z,Lisa Rodriguez,Warranty Replacement,5.1,765.0,Replaced faulty thermal sensor and verified system bus voltage.,Completed
DISP-10257,EQ-6169,C-1410,2021-09-01T00:00:00Z,Sarah Williams,Diagnostic,4.7,352.5,Replaced burnt fuse block. Test run completed successfully.,Completed
DISP-10258,EQ-6548,C-1328,04/06/2024,Michael Brown,Warranty Replacement,11.4,1083.0,Replaced burnt fuse block. Test run completed successfully.,Cancelled
DISP-10259,EQ-5933,C-1510,2023-07-14T00:00:00Z,Mike Johnson,Installation,3.0,450.0,<div>Replaced faulty thermal sensor and verified system bus voltage.</div>,completed
DISP-10260,EQ-5948,C-1168,2022-07-18T00:00:00Z,James Wilson,Emergency Repair,4.0,300.0,Replaced faulty thermal sensor and verified system bus voltage.,Cancelled
DISP-10261,EQ-6275,C-1001,2023-01-08,Amanda Thompson,Software Update,2.6,390.0,Replaced burnt fuse block. Test run completed successfully.,In Progress
DISP-10262,EQ-6991,C-1446,2024-02-24T00:00:00Z,Patricia Davis,Installation,6.9,828.0,Performed standard preventive check. Updated firmware to v4.2.1.,Cancelled
DISP-10263,EQ-7323,C-1494,11/28/2021,Jennifer Chen,Software Update,5.2,494.0,Calibrated inverter output. System operating within normal parameters.,Completed
DISP-10264,EQ-6722,C-1506,02-25-2023,Maria Garcia,Preventive Maintenance,5.3,636.0,<div>Replaced faulty thermal sensor and verified system bus voltage.</div>,Completed
DISP-10265,EQ-5155,C-1217,05/23/2024,James Wilson,Emergency Repair,7.5,712.5,Emergency dispatch for over-temperature alarm. Cleaned heat exchanger.,completed
DISP-10266,EQ-7377,C-1324,06-12-2022,Amanda Thompson,Emergency Repair,1.6,240.0,Performed standard preventive check. Updated firmware to v4.2.1.,In Progress
DISP-10267,EQ-6099,C-1433,05/24/2022,Mike Johnson,Software Update,4.0,$600.00,Calibrated inverter output. System operating within normal parameters.,Pending
DISP-10268,EQ-5202,C-1412,03/17/2024,James Wilson,Preventive Maintenance,7.1,1065.0,Replaced faulty thermal sensor and verified system bus voltage.,completed
DISP-10269,EQ-5067,C-1272,01/25/2023,Amanda Thompson,Preventive Maintenance,10.7,1016.5,Performed standard preventive check. Updated firmware to v4.2.1.,Pending
DISP-10270,EQ-5937,C-1311,2023/12/06,James Wilson,Emergency Repair,5.4,405.0,Performed standard preventive check. Updated firmware to v4.2.1.,COMPLETED
DISP-10271,EQ-5418,C-1059,2023-04-11,Michael Brown,Preventive Maintenance,5.2,390.0,Replaced burnt fuse block. Test run completed successfully.,completed
DISP-10272,EQ-6059,C-1369,09-07-2023,Patricia Davis,Corrective Maintenance,6.0,720.0,Replaced faulty thermal sensor and verified system bus voltage.,In Progress
DISP-10273,EQ-5104,C-1162,2023-06-12T00:00:00Z,Maria Garcia,Corrective Maintenance,3.7,444.0,Replaced burnt fuse block. Test run completed successfully.,Completed
DISP-10274,EQ-5219,C-1124,01-19-2023,  David Lee  ,Warranty Replacement,10.9,1035.5,Replaced burnt fuse block. Test run completed successfully.,Completed
DISP-10275,EQ-7338,C-1316,2024-03-13T00:00:00Z,Michael Brown,Preventive Maintenance,11.8,1121.0,Emergency dispatch for over-temperature alarm. Cleaned heat exchanger.,In Progress
DISP-10276,EQ-5889,C-1463,11/15/2023,Patricia Davis,Software Update,2.4,288.0,Replaced faulty thermal sensor and verified system bus voltage.,completed
DISP-10277,EQ-6778,C-1230,2021-06-20T00:00:00Z,James Wilson,Emergency Repair,4.2,315,Replaced faulty thermal sensor and verified system bus voltage.,In Progress
DISP-10278,EQ-7004,C-1116,07/29/2022,Maria Garcia,Installation,1.4,133.0,Replaced faulty thermal sensor and verified system bus voltage.,COMPLETED
DISP-10279,EQ-6057,C-1171,10/14/2021,   Carlos Sanchez,Diagnostic,4.7,705.0,Replaced burnt fuse block. Test run completed successfully.,COMPLETED
DISP-10280,EQ-7266,C-1226,04/30/2023,Carlos Sanchez,Preventive Maintenance,4.4,528.0,<html>Emergency dispatch for over-temperature alarm. Cleaned heat exchanger.</html>,Cancelled
DISP-10281,EQ-6231,C-1030,2023/11/01,   ,Installation,10.6,795.0,Performed standard preventive check. Updated firmware to v4.2.1.,Completed
DISP-10282,EQ-6595,C-1068,2023/07/12,Maria Garcia,Software Update,1.6,120.0,Performed standard preventive check. Updated firmware to v4.2.1.,Cancelled
DISP-10283,EQ-7173,C-1157,2022-11-21,Carlos Sanchez,Installation,6.9,828.0,Performed standard preventive check. Updated firmware to v4.2.1.,Pending
DISP-10284,EQ-7038,C-1202,2023-11-09T00:00:00Z,   Maria Garcia,Software Update,1.1,82.5,<div>Calibrated inverter output. System operating within normal parameters.</div>,In Progress
DISP-10285,EQ-7107,C-1044,2024/05/14,Amanda Thompson,Diagnostic,2.1,315.0,Emergency dispatch for over-temperature alarm. Cleaned heat exchanger.,COMPLETED
DISP-10286,EQ-6821,C-1331,08/01/2022,Mike Johnson  ,Warranty Replacement,3.8,361.0,Replaced faulty thermal sensor and verified system bus voltage.,Cancelled
DISP-10287,EQ-6349,C-1331,2021/08/02,Mike Johnson,Software Update,5.1,765.0,Performed standard preventive check. Updated firmware to v4.2.1.,Completed
DISP-10288,EQ-6187,C-1456,2023/11/23,Patricia Davis,Preventive Maintenance,4.8,360.0,Performed standard preventive check. Updated firmware to v4.2.1.,Pending
DISP-10289,EQ-7097,C-1114,2022-07-19T00:00:00Z,Patricia Davis,Corrective Maintenance,2.0,300.0,Replaced burnt fuse block. Test run completed successfully.,Completed
DISP-10290,EQ-5350,C-1126,2022-02-26T00:00:00Z,Mike Johnson,Installation,4.3,322.5,Emergency dispatch for over-temperature alarm. Cleaned heat exchanger.,Cancelled
DISP-10291,EQ-5034,C-1073,2022/03/11,Carlos Sanchez,Installation,5.1,612.0,Performed standard preventive check. Updated firmware to v4.2.1.,Cancelled
DISP-10292,EQ-5412,C-1294,2023-08-10,Maria Garcia,Installation,418.1,62715.0,Replaced faulty thermal sensor and verified system bus voltage.,completed
DISP-10293,EQ-6719,C-1379,2023-01-06,Maria Garcia,Preventive Maintenance,9.6,1152.0,Performed standard preventive check. Updated firmware to v4.2.1.,Pending
DISP-10294,EQ-6999,C-1312,2024/07/23,Carlos Sanchez,Preventive Maintenance,4.3,645.0,Performed standard preventive check. Updated firmware to v4.2.1.,In Progress
DISP-10295,EQ-5879,C-1164,2022-10-17T00:00:00Z,,Preventive Maintenance,4.9,367.5,Emergency dispatch for over-temperature alarm. Cleaned heat exchanger.,COMPLETED
DISP-10296,EQ-5392,C-1006,2022/01/22,Michael Brown,Preventive Maintenance,7.9,1185.0,Replaced faulty thermal sensor and verified system bus voltage.,Cancelled
DISP-10297,EQ-5861,C-1124,2022/05/22,Lisa Rodriguez,Software Update,5.7,855.0,Calibrated inverter output. System operating within normal parameters.,Cancelled
DISP-10298,EQ-6617,C-1116,2024/04/28,Carlos Sanchez,Corrective Maintenance,8.9,"$1,335.00",Performed standard preventive check. Updated firmware to v4.2.1.,In Progress
DISP-10299,EQ-7348,C-1469,2023/09/18,Robert Martinez,Diagnostic,7.6,1140.0,Emergency dispatch for over-temperature alarm. Cleaned heat exchanger.,completed
DISP-10300,EQ-6897,C-1324,03-03-2023,Jennifer Chen,Software Update,11.6,1102.0,Emergency dispatch for over-temperature alarm. Cleaned heat exchanger.,Cancelled
DISP-10301,EQ-7029,C-1389,2024-06-12T00:00:00Z,   Michael Brown,Preventive Maintenance,8.6,817.0,Emergency dispatch for over-temperature alarm. Cleaned heat exchanger.,COMPLETED
DISP-10302,EQ-5743,C-1319,2022-10-18T00:00:00Z,   Carlos Sanchez,Diagnostic,7.8,1170.0,Emergency dispatch for over-temperature alarm. Cleaned heat exchanger.,Pending
DISP-10303,EQ-5139,C-1263,2022-02-28T00:00:00Z,David Lee,Preventive Maintenance,10.8,810.0,Replaced burnt fuse block. Test run completed successfully.,completed
DISP-10304,EQ-6321,C-1500,12-08-2021,Michael Brown,Installation,5.7,541.5,Performed standard preventive check. Updated firmware to v4.2.1.,COMPLETED
DISP-10305,EQ-5582,C-1252,07-04-2024,David   Lee,Diagnostic,5.6,$840.00,<b>Emergency dispatch for over-temperature alarm. Cleaned heat exchanger.</b>,Cancelled
DISP-10306,EQ-5626,C-1258,02/23/2024,Jennifer Chen,Emergency Repair,5.2,494.0,Replaced burnt fuse block. Test run completed successfully.,completed
DISP-10307,EQ-5691,C-1406,2022-08-26,James Wilson  ,Diagnostic,5.2,494.0,Calibrated inverter output. System operating within normal parameters.,Cancelled
DISP-10308,EQ-6704,C-1371,08/05/2022,Lisa Rodriguez,Corrective Maintenance,9.9,1188.0,Calibrated inverter output. System operating within normal parameters.,Cancelled
DISP-10309,EQ-6975,C-1009,06/05/2021,Amanda Thompson,Emergency Repair,1.5,142.5,<html><body>Emergency dispatch for over-temperature alarm. Cleaned heat exchanger.</body></html>,completed
DISP-10310,EQ-6016,C-1093,01-05-2024,  Michael Brown  ,Diagnostic,6.3,756.0,Performed standard preventive check. Updated firmware to v4.2.1.,Cancelled
DISP-10311,EQ-6071,C-1167,11-07-2021,Robert Martinez,Preventive Maintenance,0.8,120.0,Emergency dispatch for over-temperature alarm. Cleaned heat exchanger.,Cancelled
DISP-10312,EQ-5477,C-1507,06-03-2021,Jennifer Chen,Preventive Maintenance,3.6,432.0,Emergency dispatch for over-temperature alarm. Cleaned heat exchanger.,completed
DISP-10313,EQ-6236,C-1072,2021/07/05,Mike Johnson,Warranty Replacement,9.5,902.5,Calibrated inverter output. System operating within normal parameters.,Completed
DISP-10314,EQ-6604,C-1374,2021/07/26,  Mike Johnson  ,Corrective Maintenance,7.8,741.0,Emergency dispatch for over-temperature alarm. Cleaned heat exchanger.,COMPLETED
DISP-10315,EQ-6467,C-1392,07/24/2023,Robert Martinez,Warranty Replacement,6.2,930.0,Replaced burnt fuse block. Test run completed successfully.,In Progress
DISP-10316,EQ-6205,C-1086,01-14-2023,Jennifer Chen,Preventive Maintenance,8.3,622.5,Emergency dispatch for over-temperature alarm. Cleaned heat exchanger.,In Progress
DISP-10317,EQ-7111,C-1098,2021-07-01,Michael Brown,Installation,6.0,570.0,Emergency dispatch for over-temperature alarm. Cleaned heat exchanger.,COMPLETED
DISP-10318,EQ-7215,C-1326,2024/05/06,David Lee,Software Update,7.8,585.0,Calibrated inverter output. System operating within normal parameters.,completed
DISP-10319,EQ-6645,C-1361,2022-08-03,Robert Martinez,Software Update,6.6,990.0,<strong>Replaced burnt fuse block. Test run completed successfully.</strong>,completed
DISP-10320,EQ-6240,C-1377,2022-02-15T00:00:00Z,Mike   Johnson,Diagnostic,10.8,810.0,Calibrated inverter output. System operating within normal parameters.,COMPLETED
DISP-10321,EQ-6062,C-1175,06/25/2022,Maria Garcia,Corrective Maintenance,3.9,468.0,Calibrated inverter output. System operating within normal parameters.,Completed
DISP-10322,EQ-5811,C-1053,06/01/2021,Sarah Williams,Preventive Maintenance,9.2,1380.0,Performed standard preventive check. Updated firmware to v4.2.1.,In Progress
DISP-10323,EQ-7169,C-1025,2022/02/12,   Carlos Sanchez,Preventive Maintenance,9.4,1410.0,Replaced burnt fuse block. Test run completed successfully.,completed
DISP-10324,EQ-7483,C-1058,05/01/2023,   Carlos Sanchez,Diagnostic,8.6,645.0,Replaced faulty thermal sensor and verified system bus voltage.,Cancelled
DISP-10325,EQ-6158,C-1437,08/28/2022,Robert Martinez,Preventive Maintenance,11.9,892,Calibrated inverter output. System operating within normal parameters.,Completed
DISP-10326,EQ-5293,C-1002,07/01/2024,Carlos Sanchez,Preventive Maintenance,2.2,209,Performed standard preventive check. Updated firmware to v4.2.1.,COMPLETED
DISP-10327,EQ-6271,C-1242,2024/01/28,Sarah Williams,Preventive Maintenance,9.6,720.0,Performed standard preventive check. Updated firmware to v4.2.1.,Pending
DISP-10328,EQ-6945,C-1203,2022-01-28T00:00:00Z,Mike Johnson,Preventive Maintenance,9.8,735.0,Calibrated inverter output. System operating within normal parameters.,Pending
DISP-10329,EQ-6926,C-1090,12-22-2023,Mike Johnson,Emergency Repair,5.0,750.0,Replaced burnt fuse block. Test run completed successfully.,Cancelled
DISP-10330,EQ-6021,C-1268,2022-09-05T00:00:00Z,Patricia Davis,Corrective Maintenance,5.8,696.0,<html>Calibrated inverter output. System operating within normal parameters.</html>,Pending
DISP-10331,EQ-7085,C-1058,2022-08-20T00:00:00Z,  Patricia Davis  ,Installation,6.6,990.0,Performed standard preventive check. Updated firmware to v4.2.1.,Completed
DISP-10332,EQ-6133,C-1051,11/23/2022,Maria Garcia,Installation,0.8,120.0,Replaced faulty thermal sensor and verified system bus voltage.,Completed
DISP-10333,EQ-6249,C-1455,07/20/2022,Patricia Davis,Installation,9.8,735.0,Performed standard preventive check. Updated firmware to v4.2.1.,In Progress
DISP-10334,EQ-5079,C-1132,09/16/2021,Jennifer Chen,Installation,6.3,472.5,Performed standard preventive check. Updated firmware to v4.2.1.,Pending
DISP-10335,EQ-6607,C-1236,07/08/2024,Michael Brown,Emergency Repair,10.7,1605.0,Replaced faulty thermal sensor and verified system bus voltage.,Completed
DISP-10336,EQ-6599,C-1344,2021/10/02,Carlos   Sanchez,Diagnostic,9.5,1425.0,<html>Replaced faulty thermal sensor and verified system bus voltage.</html>,COMPLETED
DISP-10337,EQ-7447,C-1042,09/30/2023,Carlos Sanchez,Corrective Maintenance,2.0,240.0,<div>Replaced burnt fuse block. Test run completed successfully.</div>,Pending
DISP-10338,EQ-5836,C-1492,05-29-2024,Carlos Sanchez,Warranty Replacement,3.7,444.0,Replaced burnt fuse block. Test run completed successfully.,COMPLETED
DISP-10339,EQ-5491,C-1226,2024-01-12T00:00:00Z,David Lee,Corrective Maintenance,4.2,630.0,Emergency dispatch for over-temperature alarm. Cleaned heat exchanger.,In Progress
DISP-10340,EQ-6159,C-1442,2023/07/06,,Software Update,4.9,465.5,Performed standard preventive check. Updated firmware to v4.2.1.,Cancelled
DISP-10341,EQ-6507,C-1069,2023-05-24T00:00:00Z,Patricia Davis,Emergency Repair,8.3,622.5,Replaced faulty thermal sensor and verified system bus voltage.,In Progress
DISP-10342,EQ-6958,C-1195,09/27/2021,  Michael Brown  ,Diagnostic,6.2,744.0,Replaced burnt fuse block. Test run completed successfully.,Completed
DISP-10343,EQ-6580,C-1313,2023-01-18T00:00:00Z,Sarah   Williams,Software Update,9.2,690.0,Emergency dispatch for over-temperature alarm. Cleaned heat exchanger.,Cancelled
DISP-10344,EQ-6637,C-1171,2021-07-25T00:00:00Z,Maria Garcia,Warranty Replacement,11.3,1073.5,Performed standard preventive check. Updated firmware to v4.2.1.,completed
DISP-10345,EQ-7123,C-1247,03/18/2024,Amanda Thompson,Warranty Replacement,9.2,874.0,Performed standard preventive check. Updated firmware to v4.2.1.,completed
DISP-10346,EQ-6311,C-1386,03/02/2024,Patricia Davis,Diagnostic,7.6,912.0,Performed standard preventive check. Updated firmware to v4.2.1.,In Progress
DISP-10347,EQ-5170,C-1261,07/20/2021,Maria Garcia,Emergency Repair,2.5,300.0,Performed standard preventive check. Updated firmware to v4.2.1.,In Progress
DISP-10348,EQ-6584,C-1108,2023-07-14T00:00:00Z,Robert   Martinez,Software Update,2.9,217.5,Performed standard preventive check. Updated firmware to v4.2.1.,completed
DISP-10349,EQ-6512,C-1445,12-31-2021,Maria Garcia,Software Update,9.0,1080.0,Replaced burnt fuse block. Test run completed successfully.,Pending
DISP-10350,EQ-5090,C-1213,08-31-2023,   James Wilson,Installation,9.3,1395.0,Replaced faulty thermal sensor and verified system bus voltage.,Pending
DISP-10351,EQ-7364,C-1009,01-30-2023,Lisa Rodriguez,Diagnostic,0.8,$96.00,Calibrated inverter output. System operating within normal parameters.,Pending
DISP-10352,EQ-6363,C-1481,2023-03-02,James Wilson,Software Update,1.8,171.0,Replaced burnt fuse block. Test run completed successfully.,Pending
DISP-10353,EQ-6370,C-1353,2022-05-28,NULL,Installation,11.1,1332.0,Emergency dispatch for over-temperature alarm. Cleaned heat exchanger.,In Progress
DISP-10354,EQ-5896,C-1094,2022-01-07,Amanda Thompson,Software Update,4.6,690.0,<html><body>Calibrated inverter output. System operating within normal parameters.</body></html>,Completed
DISP-10355,EQ-5254,C-1429,08/30/2022,Maria Garcia,Emergency Repair,10.7,1016.5,Emergency dispatch for over-temperature alarm. Cleaned heat exchanger.,Cancelled
DISP-10356,EQ-5676,C-1302,2021/12/20,Robert Martinez,Software Update,2.1,315.0,Replaced faulty thermal sensor and verified system bus voltage.,completed
DISP-10357,EQ-6951,C-1126,12/14/2021,Michael Brown  ,Software Update,6.1,732.0,Replaced faulty thermal sensor and verified system bus voltage.,Cancelled
DISP-10358,EQ-7489,C-1171,2021/12/16,Maria Garcia,Warranty Replacement,4.2,504.0,Performed standard preventive check. Updated firmware to v4.2.1.,Pending
DISP-10359,EQ-6519,C-1247,2022-02-21,James Wilson,Preventive Maintenance,3.2,480.0,Performed standard preventive check. Updated firmware to v4.2.1.,Pending
DISP-10360,EQ-5393,C-1444,05/12/2024,James Wilson,Warranty Replacement,8.5,$637.50,Replaced burnt fuse block. Test run completed successfully.,In Progress
DISP-10361,EQ-5942,C-1023,2022-04-13T00:00:00Z,Mike Johnson,Installation,0.6,45.0,Replaced faulty thermal sensor and verified system bus voltage.,Pending
DISP-10362,EQ-5748,C-1242,2023-07-16T00:00:00Z,   Michael Brown,Software Update,4.7,352.5,Replaced faulty thermal sensor and verified system bus voltage.,In Progress
DISP-10363,EQ-7050,C-1328,05-08-2022,Patricia Davis,Warranty Replacement,9.9,940.5,Replaced burnt fuse block. Test run completed successfully.,COMPLETED
DISP-10364,EQ-6546,C-1472,07-16-2022,James Wilson,Warranty Replacement,7.8,1170.0,Calibrated inverter output. System operating within normal parameters.,In Progress
DISP-10365,EQ-5057,C-1375,10/05/2022,Lisa Rodriguez,Diagnostic,6.3,945.0,Performed standard preventive check. Updated firmware to v4.2.1.,In Progress
DISP-10366,EQ-6110,C-1099,12-17-2021,Carlos Sanchez,Preventive Maintenance,0.8,96.0,Emergency dispatch for over-temperature alarm. Cleaned heat exchanger.,Pending
DISP-10367,EQ-6893,C-1083,09/25/2021,Michael Brown,Installation,7.5,562.5,Emergency dispatch for over-temperature alarm. Cleaned heat exchanger.,completed
DISP-10368,EQ-6415,C-1050,2021-12-14,David Lee,Diagnostic,11.1,832.5,Emergency dispatch for over-temperature alarm. Cleaned heat exchanger.,In Progress
DISP-10369,EQ-5070,C-1384,06/02/2024,Patricia Davis,Software Update,3.5,262.5,Performed standard preventive check. Updated firmware to v4.2.1.,Pending
DISP-10370,EQ-5082,C-1196,2021/07/16,Amanda Thompson,Emergency Repair,0.7,52.5,Replaced faulty thermal sensor and verified system bus voltage.,completed
DISP-10371,EQ-7181,C-1323,2023/03/22,Amanda Thompson,Diagnostic,8.1,769.5,Calibrated inverter output. System operating within normal parameters.,Cancelled
DISP-10372,EQ-7455,C-1456,06/28/2021,Mike Johnson,Preventive Maintenance,8.0,600.0,Performed standard preventive check. Updated firmware to v4.2.1.,Pending
DISP-10373,EQ-5320,C-1190,02/16/2024,Michael Brown,Preventive Maintenance,490.6,58872.0,Replaced faulty thermal sensor and verified system bus voltage.,Pending
DISP-10374,EQ-5623,C-1371,2023/06/07,Amanda Thompson,Emergency Repair,2.3,276.0,Replaced burnt fuse block. Test run completed successfully.,completed
DISP-10375,EQ-5179,C-1490,2022-08-10,Lisa   Rodriguez,Software Update,6.7,502.5,Replaced faulty thermal sensor and verified system bus voltage.,Cancelled
DISP-10376,EQ-5065,C-1135,2024-03-31,Mike Johnson,Installation,9.4,705.0,Performed standard preventive check. Updated firmware to v4.2.1.,COMPLETED
DISP-10377,EQ-5378,C-1362,08/14/2022,Carlos Sanchez,Warranty Replacement,9.1,1365.0,Replaced burnt fuse block. Test run completed successfully.,completed
DISP-10378,EQ-6350,C-1417,2024-06-12T00:00:00Z,Lisa Rodriguez,Preventive Maintenance,5.4,810.0,Emergency dispatch for over-temperature alarm. Cleaned heat exchanger.,Pending
DISP-10379,EQ-5522,C-1021,09/03/2022,Mike Johnson,Preventive Maintenance,4.4,528.0,Calibrated inverter output. System operating within normal parameters.,completed
DISP-10380,EQ-6503,C-1154,2024-04-07,David Lee,Diagnostic,3.8,285.0,Calibrated inverter output. System operating within normal parameters.,completed
DISP-10381,EQ-7448,C-1153,2023-10-24T00:00:00Z,Maria Garcia,Diagnostic,10.3,772.5,Replaced faulty thermal sensor and verified system bus voltage.,COMPLETED
DISP-10382,EQ-5787,C-1274,07/29/2024,David Lee,Corrective Maintenance,6.5,487.5,Performed standard preventive check. Updated firmware to v4.2.1.,Cancelled
DISP-10383,EQ-6083,C-1136,11/26/2021,Sarah Williams,Warranty Replacement,187.8,28170.0,Replaced burnt fuse block. Test run completed successfully.,completed
DISP-10384,EQ-6762,C-1278,04-30-2024,Lisa Rodriguez,Warranty Replacement,1.6,192.0,Replaced burnt fuse block. Test run completed successfully.,In Progress
DISP-10385,EQ-6244,C-1260,2023/08/09,Patricia Davis,Warranty Replacement,2.9,$435.00,Emergency dispatch for over-temperature alarm. Cleaned heat exchanger.,Cancelled
DISP-10386,EQ-6352,C-1322,2024/06/10,David Lee,Corrective Maintenance,7.6,912.0,Replaced faulty thermal sensor and verified system bus voltage.,Cancelled
DISP-10387,EQ-7464,C-1489,2022-07-02,  Michael Brown  ,Preventive Maintenance,5.3,636.0,Replaced burnt fuse block. Test run completed successfully.,completed
DISP-10388,EQ-5935,C-1118,2023-10-16,Maria Garcia,Diagnostic,10.5,787.5,Replaced burnt fuse block. Test run completed successfully.,In Progress
DISP-10389,EQ-6686,C-1298,05-01-2024,Patricia Davis,Emergency Repair,7.2,864.0,Performed standard preventive check. Updated firmware to v4.2.1.,Cancelled
DISP-10390,EQ-6421,C-1359,09/23/2021,Patricia Davis,Corrective Maintenance,4.2,$630.00,Replaced burnt fuse block. Test run completed successfully.,COMPLETED
DISP-10391,EQ-5994,C-1467,02-13-2022,James Wilson,Installation,2.0,150.0,Replaced faulty thermal sensor and verified system bus voltage.,Pending
DISP-10392,EQ-6454,C-1466,07/19/2023,Mike Johnson,Installation,6.1,579.5,Calibrated inverter output. System operating within normal parameters.,COMPLETED
DISP-10393,EQ-5671,C-1018,08/01/2022,NULL,Emergency Repair,3.7,555.0,Emergency dispatch for over-temperature alarm. Cleaned heat exchanger.,In Progress
DISP-10394,EQ-5270,C-1236,12/03/2022,Michael Brown,Emergency Repair,3.1,372.0,Replaced faulty thermal sensor and verified system bus voltage.,Pending
DISP-10395,EQ-5456,C-1457,03-01-2023,James Wilson,Diagnostic,1.1,104.5,Performed standard preventive check. Updated firmware to v4.2.1.,completed
DISP-10396,EQ-6575,C-1009,2023-06-08,Jennifer Chen,Preventive Maintenance,10.8,810.0,Emergency dispatch for over-temperature alarm. Cleaned heat exchanger.,Completed
DISP-10397,EQ-6222,C-1319,05-05-2022,Jennifer Chen,Diagnostic,6.2,744.0,Performed standard preventive check. Updated firmware to v4.2.1.,COMPLETED
DISP-10398,EQ-5452,C-1240,2021-10-08T00:00:00Z,James Wilson,Installation,3.5,332.5,<p>Replaced burnt fuse block. Test run completed successfully.</p>,completed
DISP-10399,EQ-7077,C-1327,2022-08-02T00:00:00Z,,Warranty Replacement,368.3,34988.5,Replaced burnt fuse block. Test run completed successfully.,Completed
DISP-10400,EQ-7371,C-1466,2021-12-28T00:00:00Z,Amanda Thompson,Installation,4.3,645.0,Calibrated inverter output. System operating within normal parameters.,In Progress
DISP-10401,EQ-5261,C-1492,05/31/2024,,Installation,10.5,997.5,Performed standard preventive check. Updated firmware to v4.2.1.,completed
DISP-10402,EQ-6917,C-1154,08/16/2021,Carlos Sanchez,Installation,10.1,757.5,Performed standard preventive check. Updated firmware to v4.2.1.,Pending
DISP-10403,EQ-5658,C-1008,2022-03-29T00:00:00Z,Mike Johnson,Installation,5.1,484.5,Performed standard preventive check. Updated firmware to v4.2.1.,COMPLETED
DISP-10404,EQ-6502,C-1267,02/25/2022,NULL,Diagnostic,3.9,370.5,Emergency dispatch for over-temperature alarm. Cleaned heat exchanger.,COMPLETED
DISP-10405,EQ-6352,C-1322,07/01/2021,Mike Johnson,Preventive Maintenance,5.6,532.0,Performed standard preventive check. Updated firmware to v4.2.1.,completed
DISP-10406,EQ-6404,C-1236,09/21/2022,Lisa Rodriguez,Corrective Maintenance,7.4,1110.0,Replaced burnt fuse block. Test run completed successfully.,Pending
DISP-10407,EQ-5781,C-1449,2023/07/10,NULL,Preventive Maintenance,6.7,1005.0,<div>Calibrated inverter output. System operating within normal parameters.</div>,COMPLETED
DISP-10408,EQ-5388,C-1508,2023/08/13,Jennifer Chen,Corrective Maintenance,2.0,190.0,<html><body>Calibrated inverter output. System operating within normal parameters.</body></html>,Pending
DISP-10409,EQ-5561,C-1141,2023-10-28T00:00:00Z,Robert Martinez,Warranty Replacement,4.2,630.0,Replaced burnt fuse block. Test run completed successfully.,COMPLETED
DISP-10410,EQ-6141,C-1287,10/10/2021,David Lee,Software Update,2.3,218.5,Emergency dispatch for over-temperature alarm. Cleaned heat exchanger.,COMPLETED
DISP-10411,EQ-6232,C-1124,2022-05-28,Patricia Davis,Corrective Maintenance,7.4,555.0,Replaced burnt fuse block. Test run completed successfully.,Cancelled
DISP-10412,EQ-5203,C-1016,12-14-2021,David Lee,Diagnostic,4.1,389.5,Performed standard preventive check. Updated firmware to v4.2.1.,completed
DISP-10413,EQ-5384,C-1424,2022-08-26T00:00:00Z,Maria Garcia,Emergency Repair,10.6,1272,Performed standard preventive check. Updated firmware to v4.2.1.,Cancelled
DISP-10414,EQ-5114,C-1281,2022-07-08T00:00:00Z,Lisa Rodriguez,Warranty Replacement,8.9,845.5,Emergency dispatch for over-temperature alarm. Cleaned heat exchanger.,Pending
DISP-10415,EQ-7243,C-1482,2021-07-15T00:00:00Z,Lisa Rodriguez,Corrective Maintenance,7.2,864.0,Replaced burnt fuse block. Test run completed successfully.,completed
DISP-10416,EQ-7420,C-1083,2022-02-20,Jennifer Chen,Corrective Maintenance,8.3,$622.50,Emergency dispatch for over-temperature alarm. Cleaned heat exchanger.,Pending
DISP-10417,EQ-5119,C-1096,2023-12-22T00:00:00Z,David Lee,Software Update,9.2,874.0,Replaced faulty thermal sensor and verified system bus voltage.,completed
DISP-10418,EQ-7465,C-1175,07/13/2024,Michael Brown,Installation,2.1,199.5,Replaced faulty thermal sensor and verified system bus voltage.,Cancelled
DISP-10419,EQ-7003,C-1488,12/29/2021,Sarah Williams,Emergency Repair,10.8,1296.0,Replaced burnt fuse block. Test run completed successfully.,COMPLETED
DISP-10420,EQ-5636,C-1311,2024/04/05,NULL,Installation,7.1,852.0,Calibrated inverter output. System operating within normal parameters.,In Progress
DISP-10421,EQ-5796,C-1362,2023/03/28,Jennifer Chen,Emergency Repair,5.4,648.0,Performed standard preventive check. Updated firmware to v4.2.1.,COMPLETED
DISP-10422,EQ-5564,C-1434,2024-02-05T00:00:00Z,Sarah   Williams,Diagnostic,10.2,1224.0,Replaced faulty thermal sensor and verified system bus voltage.,Completed
DISP-10423,EQ-7360,C-1505,2022-10-07T00:00:00Z,Patricia Davis,Preventive Maintenance,2.6,312.0,Replaced burnt fuse block. Test run completed successfully.,completed
DISP-10424,EQ-5949,C-1184,2023-07-21,David Lee,Diagnostic,5.3,$503.50,Replaced burnt fuse block. Test run completed successfully.,In Progress
DISP-10425,EQ-6448,C-1390,01/15/2023,James Wilson,Installation,287.1,34452.0,Replaced faulty thermal sensor and verified system bus voltage.,Completed
DISP-10426,EQ-5008,C-1226,2022-11-07,Maria Garcia,Preventive Maintenance,8.1,607.5,Performed standard preventive check. Updated firmware to v4.2.1.,Cancelled
DISP-10427,EQ-5575,C-1275,01/02/2023,Maria   Garcia,Warranty Replacement,8.7,1305.0,Calibrated inverter output. System operating within normal parameters.,Completed
DISP-10428,EQ-6338,C-1343,2021-11-01T00:00:00Z,Mike Johnson,Installation,9.5,902.5,<div>Emergency dispatch for over-temperature alarm. Cleaned heat exchanger.</div>,Pending
DISP-10429,EQ-5502,C-1286,01-24-2022,David Lee  ,Preventive Maintenance,3.1,232.5,Replaced faulty thermal sensor and verified system bus voltage.,In Progress
DISP-10430,EQ-7458,C-1275,2023/05/03,Jennifer Chen,Warranty Replacement,1.7,204.0,Replaced faulty thermal sensor and verified system bus voltage.,Cancelled
DISP-10431,EQ-5143,C-1493,06-30-2022,David Lee,Preventive Maintenance,1.7,255.0,Replaced faulty thermal sensor and verified system bus voltage.,Cancelled
DISP-10432,EQ-5861,C-1124,02/04/2022,   ,Preventive Maintenance,6.2,465.0,Replaced faulty thermal sensor and verified system bus voltage.,Pending
DISP-10433,EQ-5546,C-1012,2023-02-06T00:00:00Z,Mike Johnson  ,Warranty Replacement,8.8,660.0,Replaced burnt fuse block. Test run completed successfully.,Cancelled
DISP-10434,EQ-6093,C-1077,2022-09-30T00:00:00Z,Sarah Williams,Installation,11.8,1416.0,Replaced faulty thermal sensor and verified system bus voltage.,In Progress
DISP-10435,EQ-5356,C-1091,01/13/2022,  Maria Garcia  ,Corrective Maintenance,10.2,969.0,Replaced burnt fuse block. Test run completed successfully.,completed
DISP-10436,EQ-7372,C-1037,02/01/2023,Patricia Davis,Diagnostic,2.2,330.0,Performed standard preventive check. Updated firmware to v4.2.1.,Pending
DISP-10437,EQ-6907,C-1280,12/23/2022,James Wilson,Preventive Maintenance,0.9,67.5,Performed standard preventive check. Updated firmware to v4.2.1.,In Progress
DISP-10438,EQ-6583,C-1229,2021-07-10T00:00:00Z,   ,Software Update,6.2,589.0,Replaced burnt fuse block. Test run completed successfully.,Pending
DISP-10439,EQ-5388,C-1508,2024/03/27,Maria Garcia,Installation,4.6,437.0,Replaced faulty thermal sensor and verified system bus voltage.,completed
DISP-10440,EQ-7198,C-1242,07/30/2023,Sarah Williams  ,Installation,7.9,$592.50,Emergency dispatch for over-temperature alarm. Cleaned heat exchanger.,completed
DISP-10441,EQ-7327,C-1428,10/06/2023,Maria Garcia,Software Update,11.7,877.5,Replaced faulty thermal sensor and verified system bus voltage.,Cancelled
DISP-10442,EQ-6533,C-1412,2023-08-10T00:00:00Z,Amanda Thompson,Corrective Maintenance,0.7,105.0,<div>Performed standard preventive check. Updated firmware to v4.2.1.</div>,COMPLETED
DISP-10443,EQ-5572,C-1439,10/25/2023,Mike Johnson,Installation,4.6,345.0,<html><body>Calibrated inverter output. System operating within normal parameters.</body></html>,Completed
DISP-10444,EQ-5311,C-1089,09-07-2021,Patricia Davis,Emergency Repair,6.3,472.5,Calibrated inverter output. System operating within normal parameters.,Pending
DISP-10445,EQ-7129,C-1494,2022-02-15T00:00:00Z,David Lee,Corrective Maintenance,5.0,$600.00,Emergency dispatch for over-temperature alarm. Cleaned heat exchanger.,Cancelled
DISP-10446,EQ-7119,C-1254,2022-01-11,Patricia Davis,Diagnostic,6.7,1005.0,<div>Calibrated inverter output. System operating within normal parameters.</div>,In Progress
DISP-10447,EQ-5582,C-1252,01/30/2022,Amanda Thompson,Software Update,4.8,360.0,<div>Replaced burnt fuse block. Test run completed successfully.</div>,completed
DISP-10448,EQ-6401,C-1069,05/30/2022,Maria Garcia,Diagnostic,6.7,"$1,005.00",Emergency dispatch for over-temperature alarm. Cleaned heat exchanger.,Completed
DISP-10449,EQ-5524,C-1030,01/23/2024,Lisa Rodriguez,Installation,9.6,720.0,Performed standard preventive check. Updated firmware to v4.2.1.,completed
DISP-10450,EQ-5056,C-1067,2024/03/13,Mike Johnson,Warranty Replacement,1.2,90.0,<strong>Replaced faulty thermal sensor and verified system bus voltage.</strong>,COMPLETED
DISP-10451,EQ-5763,C-1263,2024/03/26,Robert Martinez,Installation,10.9,1635.0,Replaced faulty thermal sensor and verified system bus voltage.,In Progress
DISP-10452,EQ-7279,C-1150,2023-08-30,Carlos Sanchez,Preventive Maintenance,6.2,930.0,Calibrated inverter output. System operating within normal parameters.,In Progress
DISP-10453,EQ-6957,C-1019,2021/11/01,  Carlos Sanchez  ,Emergency Repair,8.4,1260.0,Replaced burnt fuse block. Test run completed successfully.,COMPLETED
DISP-10454,EQ-5293,C-1002,05/13/2022,Patricia Davis,Software Update,10.3,1236.0,<html>Replaced burnt fuse block. Test run completed successfully.</html>,completed
DISP-10455,EQ-6313,C-1514,06-12-2024,James Wilson,Installation,3.4,323.0,Emergency dispatch for over-temperature alarm. Cleaned heat exchanger.,Pending
DISP-10456,EQ-7047,C-1392,09/21/2022,James Wilson,Diagnostic,5.2,624.0,Performed standard preventive check. Updated firmware to v4.2.1.,Cancelled
DISP-10457,EQ-5319,C-1270,08-15-2021,Maria Garcia,Installation,4.3,516.0,<html><body>Replaced burnt fuse block. Test run completed successfully.</body></html>,In Progress
DISP-10458,EQ-6855,C-1473,06/04/2022,Patricia Davis,Warranty Replacement,2.3,218.5,Emergency dispatch for over-temperature alarm. Cleaned heat exchanger.,completed
DISP-10459,EQ-6024,C-1076,2021/10/21,   Robert Martinez,Preventive Maintenance,5.4,810.0,Emergency dispatch for over-temperature alarm. Cleaned heat exchanger.,In Progress
DISP-10460,EQ-6109,C-1345,11/30/2023,James Wilson,Emergency Repair,4.1,492.0,Calibrated inverter output. System operating within normal parameters.,In Progress
DISP-10461,EQ-6993,C-1239,02/06/2023,Patricia Davis,Diagnostic,0.7,66.5,Emergency dispatch for over-temperature alarm. Cleaned heat exchanger.,Pending
DISP-10462,EQ-7338,C-1316,07/17/2021,James Wilson,Preventive Maintenance,3.9,585.0,Performed standard preventive check. Updated firmware to v4.2.1.,In Progress
DISP-10463,EQ-5187,C-1049,2021-11-05T00:00:00Z,  Lisa Rodriguez  ,Emergency Repair,0.8,60.0,Emergency dispatch for over-temperature alarm. Cleaned heat exchanger.,Completed
DISP-10464,EQ-6634,C-1165,11-03-2021,Lisa Rodriguez  ,Preventive Maintenance,9.3,883.5,Performed standard preventive check. Updated firmware to v4.2.1.,completed
DISP-10465,EQ-7284,C-1171,11-26-2021,,Corrective Maintenance,6.2,465.0,Replaced burnt fuse block. Test run completed successfully.,Cancelled
DISP-10466,EQ-6904,C-1470,2022/07/15,Maria Garcia,Diagnostic,1.2,90.0,<p>Replaced burnt fuse block. Test run completed successfully.</p>,Pending
DISP-10467,EQ-6738,C-1294,02/17/2024,Michael Brown,Emergency Repair,4.9,367.5,Replaced burnt fuse block. Test run completed successfully.,Pending
DISP-10468,EQ-5267,C-1395,12-28-2022,Sarah Williams,Diagnostic,1.6,240.0,Performed standard preventive check. Updated firmware to v4.2.1.,In Progress
DISP-10469,EQ-5639,C-1412,2022/11/24,Michael Brown,Corrective Maintenance,6.8,510.0,Performed standard preventive check. Updated firmware to v4.2.1.,Cancelled
DISP-10470,EQ-7219,C-1457,2021/10/18,David Lee,Installation,0.8,120.0,<html><body>Replaced faulty thermal sensor and verified system bus voltage.</body></html>,In Progress
DISP-10471,EQ-6198,C-1478,2023/09/23,Michael Brown,Warranty Replacement,10.9,1308.0,Replaced burnt fuse block. Test run completed successfully.,COMPLETED
DISP-10472,EQ-6301,C-1095,2023-07-24,Lisa Rodriguez,Diagnostic,228.5,34275.0,Calibrated inverter output. System operating within normal parameters.,completed
DISP-10473,EQ-99544,C-99130,05/01/2022,Carlos Sanchez,Installation,9.9,1485.0,Performed standard preventive check. Updated firmware to v4.2.1.,In Progress
DISP-10474,EQ-5143,C-1493,10/29/2022,Lisa Rodriguez,Emergency Repair,0.7,84.0,Emergency dispatch for over-temperature alarm. Cleaned heat exchanger.,In Progress
DISP-10475,EQ-5101,C-1434,2022/05/14,Robert Martinez,Emergency Repair,7.2,USD 1080.00,Calibrated inverter output. System operating within normal parameters.,Pending
DISP-10476,EQ-6828,C-1077,10/18/2021,James Wilson,Emergency Repair,4.9,465.5,Replaced faulty thermal sensor and verified system bus voltage.,completed
DISP-10477,EQ-5091,C-1012,2023-12-11,Sarah   Williams,Installation,9.3,883.5,Calibrated inverter output. System operating within normal parameters.,COMPLETED
DISP-10478,EQ-6037,C-1262,05-28-2022,David Lee,Preventive Maintenance,10.8,1296.0,Emergency dispatch for over-temperature alarm. Cleaned heat exchanger.,Completed
DISP-10479,EQ-7410,C-1301,07/17/2024,Michael Brown,Warranty Replacement,8.7,1305.0,Calibrated inverter output. System operating within normal parameters.,Cancelled
DISP-10480,EQ-7208,C-1051,2023/11/30,James Wilson,Software Update,9.5,712.5,Replaced burnt fuse block. Test run completed successfully.,Completed
DISP-10481,EQ-6628,C-1395,09/24/2022,Patricia Davis,Warranty Replacement,2.8,$336.00,Replaced faulty thermal sensor and verified system bus voltage.,In Progress
DISP-10482,EQ-5393,C-1444,10/17/2023,Robert Martinez  ,Diagnostic,8.1,1215.0,Replaced burnt fuse block. Test run completed successfully.,COMPLETED
DISP-10483,EQ-6357,C-1059,2022/02/13,David Lee,Software Update,11.7,1755.0,Replaced burnt fuse block. Test run completed successfully.,Completed
DISP-10484,EQ-6782,C-1047,2023-12-30T00:00:00Z,Maria Garcia,Corrective Maintenance,6.7,636.5,<html>Calibrated inverter output. System operating within normal parameters.</html>,COMPLETED
DISP-10485,EQ-6258,C-1296,08-31-2022,Amanda Thompson,Corrective Maintenance,3.6,432.0,Replaced faulty thermal sensor and verified system bus voltage.,Completed
DISP-10486,EQ-7436,C-1431,2024-07-16,Sarah Williams,Installation,1.5,112.5,Replaced faulty thermal sensor and verified system bus voltage.,Pending
DISP-10487,EQ-6564,C-1026,01/26/2022,Jennifer Chen,Preventive Maintenance,5.0,600.0,Emergency dispatch for over-temperature alarm. Cleaned heat exchanger.,COMPLETED
DISP-10488,EQ-5187,C-1049,2023-06-09,Jennifer Chen,Corrective Maintenance,9.0,855.0,Replaced faulty thermal sensor and verified system bus voltage.,Completed
DISP-10489,EQ-5997,C-1414,10/20/2021,,Warranty Replacement,7.5,1125.0,Performed standard preventive check. Updated firmware to v4.2.1.,Completed
DISP-10490,EQ-5143,C-1493,07/05/2024,Jennifer Chen,Corrective Maintenance,10.8,1026.0,Calibrated inverter output. System operating within normal parameters.,Pending
DISP-10491,EQ-7131,C-1222,11-12-2023,James Wilson,Software Update,7.8,936.0,<html><body>Calibrated inverter output. System operating within normal parameters.</body></html>,Cancelled
DISP-10492,EQ-6743,C-1429,2022-02-26,Carlos Sanchez,Installation,2.7,256.5,Replaced burnt fuse block. Test run completed successfully.,Cancelled
DISP-10493,EQ-6046,C-1434,03/15/2022,Sarah Williams,Preventive Maintenance,2.5,375.0,Performed standard preventive check. Updated firmware to v4.2.1.,Cancelled
DISP-10494,EQ-5294,C-1405,2021-10-01,Maria Garcia,Warranty Replacement,6.3,598.5,Replaced faulty thermal sensor and verified system bus voltage.,COMPLETED
DISP-10495,EQ-5824,C-1297,2021/08/23,   Sarah Williams,Diagnostic,9.5,1140.0,Calibrated inverter output. System operating within normal parameters.,Pending
DISP-10496,EQ-5386,C-1049,2021-08-18T00:00:00Z,David Lee  ,Emergency Repair,0.9,108.0,Calibrated inverter output. System operating within normal parameters.,Pending
DISP-10497,EQ-5881,C-1130,10-01-2023,Mike Johnson,Diagnostic,2.8,210.0,Replaced faulty thermal sensor and verified system bus voltage.,Completed
DISP-10498,EQ-7278,C-1255,2022-02-22,Maria Garcia,Preventive Maintenance,6.0,450.0,Emergency dispatch for over-temperature alarm. Cleaned heat exchanger.,Cancelled
DISP-10499,EQ-7113,C-1504,03/12/2023,Patricia Davis,Warranty Replacement,11.0,1320.0,Calibrated inverter output. System operating within normal parameters.,In Progress
DISP-10500,EQ-7194,C-1350,2023-10-10T00:00:00Z,James Wilson,Preventive Maintenance,1.4,133.0,Replaced burnt fuse block. Test run completed successfully.,Completed
DISP-10501,EQ-5342,C-1358,11-29-2022,Maria Garcia,Software Update,1.2,$180.00,Calibrated inverter output. System operating within normal parameters.,COMPLETED
DISP-10502,EQ-5864,C-1257,2022/06/02,Lisa   Rodriguez,Software Update,11.2,840.0,Calibrated inverter output. System operating within normal parameters.,In Progress
DISP-10503,EQ-5793,C-1434,12-17-2021,Michael Brown  ,Software Update,2.9,USD 348.00,Replaced burnt fuse block. Test run completed successfully.,Cancelled
DISP-10504,EQ-6744,C-1417,04/16/2024,Michael Brown,Installation,8.5,1275.0,Replaced faulty thermal sensor and verified system bus voltage.,In Progress
DISP-10505,EQ-7344,C-1003,2024-03-29,Carlos Sanchez  ,Warranty Replacement,1.0,95.0,Performed standard preventive check. Updated firmware to v4.2.1.,In Progress
DISP-10506,EQ-6125,C-1027,2024/02/17,James Wilson,Installation,8.7,652.5,Replaced faulty thermal sensor and verified system bus voltage.,COMPLETED
DISP-10507,EQ-6530,C-1301,07-11-2024,Carlos Sanchez,Warranty Replacement,4.0,480.0,<strong>Replaced faulty thermal sensor and verified system bus voltage.</strong>,Pending
DISP-10508,EQ-7109,C-1034,05/16/2023,Patricia Davis,Emergency Repair,3.6,$432.00,<b>Emergency dispatch for over-temperature alarm. Cleaned heat exchanger.</b>,Completed
DISP-10509,EQ-99282,C-99991,2024-04-20,  Lisa Rodriguez  ,Diagnostic,1.8,171.0,Calibrated inverter output. System operating within normal parameters.,In Progress
DISP-10510,EQ-5628,C-1359,08/15/2024,Carlos Sanchez,Corrective Maintenance,4.7,352.5,Replaced faulty thermal sensor and verified system bus voltage.,COMPLETED
DISP-10511,EQ-7439,C-1386,11/30/2023,Mike Johnson,Preventive Maintenance,1.2,114.0,Replaced faulty thermal sensor and verified system bus voltage.,completed
DISP-10512,EQ-6014,C-1247,02/21/2023,James Wilson,Corrective Maintenance,9.1,682.5,Calibrated inverter output. System operating within normal parameters.,COMPLETED
DISP-10513,EQ-6176,C-1087,07/29/2024,David Lee,Warranty Replacement,8.6,$645.00,Performed standard preventive check. Updated firmware to v4.2.1.,Cancelled
DISP-10514,EQ-5716,C-1178,04/22/2023,Lisa Rodriguez,Emergency Repair,8.0,760.0,Emergency dispatch for over-temperature alarm. Cleaned heat exchanger.,Cancelled
DISP-10515,EQ-6139,C-1112,2022-10-07T00:00:00Z,David Lee,Diagnostic,2.5,187.5,Calibrated inverter output. System operating within normal parameters.,Cancelled
DISP-10516,EQ-5184,C-1081,2021-06-28T00:00:00Z,Lisa Rodriguez,Emergency Repair,0.6,72.0,Replaced faulty thermal sensor and verified system bus voltage.,Pending
DISP-10517,EQ-6628,C-1395,2021-07-24,Patricia Davis,Warranty Replacement,5.9,442.5,Calibrated inverter output. System operating within normal parameters.,In Progress
DISP-10518,EQ-6159,C-1442,2024-04-08T00:00:00Z,Patricia Davis,Installation,1.5,180.0,Emergency dispatch for over-temperature alarm. Cleaned heat exchanger.,completed
DISP-10519,EQ-6954,C-1442,10-19-2022,Michael Brown,Diagnostic,1.6,152.0,Calibrated inverter output. System operating within normal parameters.,COMPLETED
DISP-10520,EQ-6072,C-1499,2021/10/01,Michael Brown,Corrective Maintenance,2.3,172.5,Replaced burnt fuse block. Test run completed successfully.,COMPLETED
DISP-10521,EQ-7074,C-1007,08-07-2021,David Lee,Emergency Repair,6.1,457.5,Performed standard preventive check. Updated firmware to v4.2.1.,Completed
DISP-10522,EQ-7239,C-1243,2021-10-03,Jennifer Chen,Preventive Maintenance,3.7,277.5,Replaced faulty thermal sensor and verified system bus voltage.,Completed
DISP-10523,EQ-6550,C-1364,12/30/2022,Jennifer Chen,Software Update,6.3,472.5,Calibrated inverter output. System operating within normal parameters.,completed
DISP-10524,EQ-6053,C-1245,2021-07-19T00:00:00Z,Michael Brown,Corrective Maintenance,9.0,1350.0,Replaced burnt fuse block. Test run completed successfully.,In Progress
DISP-10525,EQ-5777,C-1325,2023-11-11T00:00:00Z,Michael Brown,Installation,1.2,144,Replaced burnt fuse block. Test run completed successfully.,completed
DISP-10526,EQ-5580,C-1176,08-20-2022,Maria Garcia,Software Update,11.4,1710.0,Replaced faulty thermal sensor and verified system bus voltage.,In Progress
DISP-10527,EQ-6597,C-1053,02-18-2022,  Mike Johnson  ,Preventive Maintenance,10.7,1605.0,Replaced faulty thermal sensor and verified system bus voltage.,Cancelled
DISP-10528,EQ-6576,C-1210,2022/08/05,James Wilson,Preventive Maintenance,3.2,240.0,Replaced faulty thermal sensor and verified system bus voltage.,Pending
DISP-10529,EQ-6246,C-1195,09-25-2023,Maria Garcia,Software Update,1.8,216.0,Replaced faulty thermal sensor and verified system bus voltage.,Completed
DISP-10530,EQ-7053,C-1421,03/10/2024,Sarah Williams,Diagnostic,11.3,1695,Calibrated inverter output. System operating within normal parameters.,COMPLETED
DISP-10531,EQ-6452,C-1222,06/06/2024,Patricia Davis,Diagnostic,9.0,855.0,<html><body>Calibrated inverter output. System operating within normal parameters.</body></html>,Pending
DISP-10532,EQ-7240,C-1484,10/13/2021,Sarah Williams,Installation,6.6,792.0,Replaced faulty thermal sensor and verified system bus voltage.,COMPLETED
DISP-10533,EQ-7180,C-1025,02-19-2023,Jennifer Chen,Software Update,2.9,435.0,Replaced faulty thermal sensor and verified system bus voltage.,completed
DISP-10534,EQ-7468,C-1263,2024/06/07,James Wilson,Preventive Maintenance,6.5,975.0,Performed standard preventive check. Updated firmware to v4.2.1.,completed
DISP-10535,EQ-7300,C-1456,2023-07-08T00:00:00Z,Patricia Davis,Corrective Maintenance,3.2,304.0,<div>Replaced faulty thermal sensor and verified system bus voltage.</div>,Cancelled
DISP-10536,EQ-7176,C-1346,2022/02/03,,Installation,7.7,924.0,Replaced burnt fuse block. Test run completed successfully.,In Progress
DISP-10537,EQ-6854,C-1143,2023-11-23,Michael Brown  ,Preventive Maintenance,7.8,936.0,Performed standard preventive check. Updated firmware to v4.2.1.,Completed
DISP-10538,EQ-6777,C-1346,2022-05-19,Lisa Rodriguez,Warranty Replacement,7.8,936.0,Performed standard preventive check. Updated firmware to v4.2.1.,completed
DISP-10539,EQ-7294,C-1142,01/01/2022,Amanda Thompson,Software Update,6.6,990.0,Replaced burnt fuse block. Test run completed successfully.,completed
DISP-10540,EQ-5162,C-1116,2022-03-04,Robert Martinez,Preventive Maintenance,1.1,USD 82.50,Emergency dispatch for over-temperature alarm. Cleaned heat exchanger.,Pending
DISP-10541,EQ-6396,C-1047,12-23-2022,James Wilson  ,Software Update,7.7,1155.0,Replaced burnt fuse block. Test run completed successfully.,COMPLETED
DISP-10542,EQ-6978,C-1465,08-08-2023,Patricia   Davis,Installation,2.7,$256.50,<html><body>Replaced burnt fuse block. Test run completed successfully.</body></html>,Cancelled
DISP-10543,EQ-6444,C-1322,2024-06-12,   James Wilson,Diagnostic,4.5,427.5,Emergency dispatch for over-temperature alarm. Cleaned heat exchanger.,completed
DISP-10544,EQ-6655,C-1260,06/06/2024,  Maria Garcia  ,Software Update,9.1,1092,Performed standard preventive check. Updated firmware to v4.2.1.,COMPLETED
DISP-10545,EQ-6284,C-1043,07/11/2023,  Amanda Thompson  ,Warranty Replacement,10.7,1605.0,Replaced burnt fuse block. Test run completed successfully.,completed
DISP-10546,EQ-6116,C-1328,2021/08/07,Amanda Thompson,Installation,3.8,285.0,Replaced faulty thermal sensor and verified system bus voltage.,Pending
DISP-10547,EQ-6318,C-1511,2023-04-12,James Wilson,Warranty Replacement,5.1,612.0,Replaced burnt fuse block. Test run completed successfully.,Completed
DISP-10548,EQ-5557,C-1504,12/10/2023,Jennifer Chen,Warranty Replacement,6.4,480.0,Performed standard preventive check. Updated firmware to v4.2.1.,Completed
DISP-10549,EQ-6646,C-1178,2022/08/30,Lisa Rodriguez,Corrective Maintenance,5.9,USD 708.00,Emergency dispatch for over-temperature alarm. Cleaned heat exchanger.,Completed
DISP-10550,EQ-7243,C-1482,2023-08-27,James Wilson,Diagnostic,3.7,277.5,Performed standard preventive check. Updated firmware to v4.2.1.,Pending
DISP-10551,EQ-6366,C-1456,2022/10/21,Jennifer   Chen,Emergency Repair,5.9,560.5,Calibrated inverter output. System operating within normal parameters.,Cancelled
DISP-10552,EQ-6764,C-1303,07-19-2023,   Sarah Williams,Preventive Maintenance,7.5,1125.0,Calibrated inverter output. System operating within normal parameters.,completed
DISP-10553,EQ-6655,C-1260,2022/05/08,Maria Garcia,Emergency Repair,11.1,832.5,Performed standard preventive check. Updated firmware to v4.2.1.,completed
DISP-10554,EQ-7011,C-1276,2022-12-14,,Emergency Repair,4.2,630.0,Calibrated inverter output. System operating within normal parameters.,Completed
DISP-10555,EQ-6702,C-1340,2022-05-27,Robert Martinez,Emergency Repair,7.5,562,Emergency dispatch for over-temperature alarm. Cleaned heat exchanger.,completed
DISP-10556,EQ-5731,C-1390,11-06-2021,Carlos Sanchez,Warranty Replacement,2.1,199.5,Emergency dispatch for over-temperature alarm. Cleaned heat exchanger.,COMPLETED
DISP-10557,EQ-7078,C-1428,2023-08-09T00:00:00Z,Sarah Williams,Software Update,8.3,788.5,Calibrated inverter output. System operating within normal parameters.,completed
DISP-10558,EQ-7059,C-1489,2021-06-29T00:00:00Z,Amanda Thompson,Warranty Replacement,3.2,$384.00,<html><body>Performed standard preventive check. Updated firmware to v4.2.1.</body></html>,Pending
DISP-10559,EQ-6959,C-1177,09-28-2023,NULL,Software Update,6.5,487.5,Calibrated inverter output. System operating within normal parameters.,Pending
DISP-10560,EQ-5175,C-1054,06/28/2021,Maria Garcia,Corrective Maintenance,8.1,607.5,Replaced faulty thermal sensor and verified system bus voltage.,In Progress
DISP-10561,EQ-6912,C-1268,03/18/2022,Michael Brown,Preventive Maintenance,5.9,885.0,Replaced burnt fuse block. Test run completed successfully.,In Progress
DISP-10562,EQ-5095,C-1261,12/23/2022,Maria Garcia,Diagnostic,6.2,930.0,Performed standard preventive check. Updated firmware to v4.2.1.,In Progress
DISP-10563,EQ-6710,C-1403,2022-08-13T00:00:00Z,Robert Martinez,Installation,8.3,788.5,<html><body>Emergency dispatch for over-temperature alarm. Cleaned heat exchanger.</body></html>,Completed
DISP-10564,EQ-6899,C-1237,2024-03-23,Mike Johnson,Warranty Replacement,9.9,742.5,Emergency dispatch for over-temperature alarm. Cleaned heat exchanger.,Cancelled
DISP-10565,EQ-5205,C-1021,03/28/2022,David Lee,Installation,10.0,950.0,Emergency dispatch for over-temperature alarm. Cleaned heat exchanger.,completed
DISP-10566,EQ-5285,C-1487,2022-06-03,Robert Martinez,Corrective Maintenance,4.1,492.0,Calibrated inverter output. System operating within normal parameters.,Completed
DISP-10567,EQ-5634,C-1273,2023-11-24,David Lee,Diagnostic,8.6,1290.0,Replaced faulty thermal sensor and verified system bus voltage.,Pending
DISP-10568,EQ-5197,C-1211,01-04-2022,Jennifer Chen,Corrective Maintenance,5.4,405.0,Calibrated inverter output. System operating within normal parameters.,Pending
DISP-10569,EQ-5695,C-1124,10/13/2021,Michael Brown,Preventive Maintenance,2.9,275.5,Replaced burnt fuse block. Test run completed successfully.,COMPLETED
DISP-10570,EQ-7242,C-1016,2023-04-07,Lisa Rodriguez,Installation,5.2,494.0,Emergency dispatch for over-temperature alarm. Cleaned heat exchanger.,completed
DISP-10571,EQ-5311,C-1089,2023/05/29,Maria Garcia,Warranty Replacement,7.2,1080.0,Replaced burnt fuse block. Test run completed successfully.,In Progress
DISP-10572,EQ-6113,C-1079,08/15/2024,  Patricia Davis  ,Warranty Replacement,4.5,337.5,Performed standard preventive check. Updated firmware to v4.2.1.,Pending
DISP-10573,EQ-5826,C-1394,12-30-2021,Carlos Sanchez  ,Corrective Maintenance,1.9,285.0,Calibrated inverter output. System operating within normal parameters.,Cancelled
DISP-10574,EQ-5629,C-1174,02/08/2024,  Jennifer Chen  ,Warranty Replacement,8.9,667.5,Calibrated inverter output. System operating within normal parameters.,Pending
DISP-10575,EQ-7009,C-1058,2024-06-11,Jennifer Chen,Emergency Repair,0.7,66.5,Replaced burnt fuse block. Test run completed successfully.,Completed
DISP-10576,EQ-5953,C-1280,2023/03/13,Michael Brown,Software Update,11.8,1416.0,Replaced faulty thermal sensor and verified system bus voltage.,Cancelled
DISP-10577,EQ-5264,C-1465,09/15/2022,Jennifer Chen,Installation,5.6,420.0,Calibrated inverter output. System operating within normal parameters.,COMPLETED
DISP-10578,EQ-5635,C-1493,2022/01/07,Amanda Thompson,Installation,7.1,674.5,Performed standard preventive check. Updated firmware to v4.2.1.,Completed
DISP-10579,EQ-5138,C-1454,2023-04-30T00:00:00Z,James Wilson,Emergency Repair,11.2,1344.0,Replaced faulty thermal sensor and verified system bus voltage.,Cancelled
DISP-10580,EQ-6080,C-1469,11/22/2021,Carlos Sanchez,Emergency Repair,11.3,1073.5,Calibrated inverter output. System operating within normal parameters.,completed
DISP-10581,EQ-5405,C-1292,01-14-2022,Jennifer Chen,Software Update,3.8,$570.00,Replaced burnt fuse block. Test run completed successfully.,Completed
DISP-10582,EQ-5603,C-1491,2023-07-24,Amanda Thompson,Preventive Maintenance,8.6,1290.0,Calibrated inverter output. System operating within normal parameters.,COMPLETED
DISP-10583,EQ-5635,C-1493,06/01/2021,Michael Brown,Emergency Repair,9.4,893.0,Replaced burnt fuse block. Test run completed successfully.,Pending
DISP-10584,EQ-5230,C-1316,10/12/2021,Maria Garcia,Installation,7.9,1185.0,Replaced burnt fuse block. Test run completed successfully.,completed
DISP-10585,EQ-5123,C-1235,06-30-2021,,Warranty Replacement,7.8,936.0,Replaced faulty thermal sensor and verified system bus voltage.,Pending
DISP-10586,EQ-5025,C-1107,2022/09/23,James Wilson,Installation,11.2,840.0,Replaced burnt fuse block. Test run completed successfully.,COMPLETED
DISP-10587,EQ-7330,C-1178,2023/01/24,Sarah Williams,Diagnostic,11.2,840.0,Replaced burnt fuse block. Test run completed successfully.,COMPLETED
DISP-10588,EQ-5309,C-1054,2024-04-04T00:00:00Z,James Wilson,Corrective Maintenance,11.3,1073.5,Replaced burnt fuse block. Test run completed successfully.,Pending
DISP-10589,EQ-6017,C-1059,2023-06-18T00:00:00Z,Maria Garcia,Warranty Replacement,7.5,1125.0,Emergency dispatch for over-temperature alarm. Cleaned heat exchanger.,completed
DISP-10590,EQ-5746,C-1393,2022-12-05,Jennifer Chen,Software Update,2.8,420.0,Replaced burnt fuse block. Test run completed successfully.,Completed
DISP-10591,EQ-6862,C-1370,05/03/2023,Maria Garcia,Installation,11.7,1404.0,Replaced faulty thermal sensor and verified system bus voltage.,Pending
DISP-10592,EQ-5278,C-1305,11-22-2022,James Wilson,Software Update,9.7,1455.0,Emergency dispatch for over-temperature alarm. Cleaned heat exchanger.,completed
DISP-10593,EQ-6197,C-1028,02-03-2023,Jennifer Chen,Preventive Maintenance,7.0,525.0,Replaced faulty thermal sensor and verified system bus voltage.,completed
DISP-10594,EQ-5254,C-1429,2023-08-07,Robert Martinez,Diagnostic,6.8,816.0,Replaced faulty thermal sensor and verified system bus voltage.,completed
DISP-10595,EQ-6427,C-1176,2021/07/11,Jennifer Chen,Diagnostic,5.8,870.0,Performed standard preventive check. Updated firmware to v4.2.1.,Completed
DISP-10596,EQ-7077,C-1327,2023-03-19T00:00:00Z,NULL,Emergency Repair,7.2,1080.0,Calibrated inverter output. System operating within normal parameters.,Completed
DISP-10597,EQ-5237,C-1386,2023-09-14T00:00:00Z,Sarah Williams,Diagnostic,3.6,270.0,Emergency dispatch for over-temperature alarm. Cleaned heat exchanger.,COMPLETED
DISP-10598,EQ-6100,C-1180,2021/07/29,Mike Johnson,Corrective Maintenance,4.6,345.0,Replaced faulty thermal sensor and verified system bus voltage.,completed
DISP-10599,EQ-6915,C-1426,2021-09-21T00:00:00Z,Patricia   Davis,Diagnostic,4.2,399.0,Performed standard preventive check. Updated firmware to v4.2.1.,Cancelled
DISP-10600,EQ-5369,C-1397,2024-06-19T00:00:00Z,David Lee,Diagnostic,4.9,465.5,Performed standard preventive check. Updated firmware to v4.2.1.,Cancelled
DISP-10601,EQ-7436,C-1431,08/12/2024,Mike   Johnson,Corrective Maintenance,7.0,525.0,Calibrated inverter output. System operating within normal parameters.,Completed
DISP-10602,EQ-5138,C-1454,2022/11/21,Maria Garcia,Preventive Maintenance,7.8,741.0,Calibrated inverter output. System operating within normal parameters.,Completed
DISP-10603,EQ-7176,C-1346,09/22/2022,Patricia Davis,Emergency Repair,9.2,1380.0,Performed standard preventive check. Updated firmware to v4.2.1.,Completed
DISP-10604,EQ-5405,C-1292,06/21/2022,   Maria Garcia,Corrective Maintenance,1.3,195.0,Emergency dispatch for over-temperature alarm. Cleaned heat exchanger.,Completed
DISP-10605,EQ-7046,C-1137,06-14-2024,James Wilson,Corrective Maintenance,12.0,1800.0,Performed standard preventive check. Updated firmware to v4.2.1.,Cancelled
DISP-10606,EQ-6005,C-1268,12/06/2022,Michael Brown,Preventive Maintenance,7.5,712.5,Replaced burnt fuse block. Test run completed successfully.,Cancelled
DISP-10607,EQ-7273,C-1294,02/18/2023,  Mike Johnson  ,Emergency Repair,6.3,756.0,Performed standard preventive check. Updated firmware to v4.2.1.,Completed
DISP-10608,EQ-6486,C-1249,07/19/2021,Michael Brown,Corrective Maintenance,4.7,705.0,Replaced burnt fuse block. Test run completed successfully.,In Progress
DISP-10609,EQ-6108,C-1175,2021/07/21,Carlos Sanchez,Installation,3.1,294.5,Performed standard preventive check. Updated firmware to v4.2.1.,Pending
DISP-10610,EQ-5082,C-1196,2021-09-16T00:00:00Z,Robert Martinez,Emergency Repair,5.0,475.0,Emergency dispatch for over-temperature alarm. Cleaned heat exchanger.,completed
DISP-10611,EQ-7218,C-1474,2023/06/16,Michael Brown,Diagnostic,4.0,480.0,Performed standard preventive check. Updated firmware to v4.2.1.,Completed
DISP-10612,EQ-6408,C-1126,2024-01-11,  Mike Johnson  ,Corrective Maintenance,2.5,375.0,Emergency dispatch for over-temperature alarm. Cleaned heat exchanger.,In Progress
DISP-10613,EQ-6646,C-1178,2022-10-07,Maria Garcia,Preventive Maintenance,11.8,USD 1121.00,Replaced faulty thermal sensor and verified system bus voltage.,Cancelled
DISP-10614,EQ-5227,C-1268,2023/12/17,Robert Martinez,Warranty Replacement,10.1,1212.0,<html>Replaced faulty thermal sensor and verified system bus voltage.</html>,COMPLETED
DISP-10615,EQ-6763,C-1456,2022-07-31T00:00:00Z,Patricia Davis,Preventive Maintenance,2.3,172.5,Replaced burnt fuse block. Test run completed successfully.,Pending
DISP-10616,EQ-6529,C-1320,2022/04/25,Sarah Williams,Installation,4.0,480.0,<strong>Emergency dispatch for over-temperature alarm. Cleaned heat exchanger.</strong>,completed
DISP-10617,EQ-6399,C-1098,08/07/2021,Maria Garcia,Emergency Repair,10.6,795.0,Replaced burnt fuse block. Test run completed successfully.,completed
DISP-10618,EQ-6525,C-1243,2022/05/26,Lisa Rodriguez,Software Update,9.4,1128.0,Calibrated inverter output. System operating within normal parameters.,Pending
DISP-10619,EQ-5850,C-1378,2021-06-10T00:00:00Z,Lisa Rodriguez,Preventive Maintenance,10.4,780.0,Emergency dispatch for over-temperature alarm. Cleaned heat exchanger.,Cancelled
DISP-10620,EQ-5605,C-1041,06-11-2021,Lisa Rodriguez,Warranty Replacement,12.0,1440.0,Replaced burnt fuse block. Test run completed successfully.,Completed
DISP-10621,EQ-5263,C-1456,06/02/2023,Mike Johnson,Installation,1.0,120.0,Replaced burnt fuse block. Test run completed successfully.,Completed
DISP-10622,EQ-5409,C-1072,03/30/2024,   ,Preventive Maintenance,1.7,161.5,Calibrated inverter output. System operating within normal parameters.,Completed
DISP-10623,EQ-6574,C-1022,2022/06/13,Jennifer Chen,Warranty Replacement,7.2,864.0,Replaced burnt fuse block. Test run completed successfully.,COMPLETED
DISP-10624,EQ-6152,C-1474,04/13/2024,Amanda Thompson,Diagnostic,5.9,442.5,Replaced faulty thermal sensor and verified system bus voltage.,COMPLETED
DISP-10625,EQ-5799,C-1383,2022-10-06T00:00:00Z,Patricia Davis,Warranty Replacement,10.8,1026.0,Calibrated inverter output. System operating within normal parameters.,In Progress
DISP-10626,EQ-6002,C-1052,2023/05/13,Jennifer Chen,Diagnostic,7.9,948.0,Emergency dispatch for over-temperature alarm. Cleaned heat exchanger.,Cancelled
DISP-10627,EQ-99045,C-99709,2021-10-13,James Wilson,Preventive Maintenance,4.0,600.0,Replaced faulty thermal sensor and verified system bus voltage.,Completed
DISP-10628,EQ-5543,C-1300,07/31/2024,James Wilson,Warranty Replacement,11.2,840.0,Replaced faulty thermal sensor and verified system bus voltage.,completed
DISP-10629,EQ-5224,C-1152,12/14/2023,Michael Brown,Diagnostic,10.2,1224.0,Calibrated inverter output. System operating within normal parameters.,In Progress
DISP-10630,EQ-6707,C-1296,2022-05-11T00:00:00Z,Sarah Williams,Preventive Maintenance,2.4,288.0,Emergency dispatch for over-temperature alarm. Cleaned heat exchanger.,COMPLETED
DISP-10631,EQ-6427,C-1176,2024-06-25T00:00:00Z,Amanda Thompson  ,Corrective Maintenance,0.9,108.0,Calibrated inverter output. System operating within normal parameters.,Completed
DISP-10632,EQ-6974,C-1028,2023-11-24,Maria Garcia,Software Update,0.8,120,<html>Emergency dispatch for over-temperature alarm. Cleaned heat exchanger.</html>,completed
DISP-10633,EQ-6577,C-1454,07/25/2022,Carlos Sanchez,Installation,11.8,1416.0,Calibrated inverter output. System operating within normal parameters.,In Progress
DISP-10634,EQ-5883,C-1036,2022-03-07,   ,Warranty Replacement,1.8,216.0,Calibrated inverter output. System operating within normal parameters.,In Progress
DISP-10635,EQ-5726,C-1289,07-10-2021,Mike Johnson,Corrective Maintenance,4.6,345.0,Replaced faulty thermal sensor and verified system bus voltage.,In Progress
DISP-10636,EQ-6340,C-1268,01/18/2024,Jennifer Chen,Emergency Repair,3.5,332.5,Replaced burnt fuse block. Test run completed successfully.,COMPLETED
DISP-10637,EQ-7287,C-1236,2021-11-22T00:00:00Z,   Jennifer Chen,Emergency Repair,5.9,885.0,Replaced faulty thermal sensor and verified system bus voltage.,In Progress
DISP-10638,EQ-6047,C-1156,2023/03/30,Michael   Brown,Corrective Maintenance,1.6,152.0,Replaced faulty thermal sensor and verified system bus voltage.,Cancelled
DISP-10639,EQ-5095,C-1261,2024-02-19,Maria Garcia,Software Update,9.1,1365.0,Emergency dispatch for over-temperature alarm. Cleaned heat exchanger.,Cancelled
DISP-10640,EQ-6535,C-1040,2021-09-12,James Wilson,Corrective Maintenance,1.1,132.0,Performed standard preventive check. Updated firmware to v4.2.1.,completed
DISP-10641,EQ-6167,C-1182,11-06-2022,Maria Garcia,Diagnostic,9.7,727.5,<html><body>Performed standard preventive check. Updated firmware to v4.2.1.</body></html>,Cancelled
DISP-10642,EQ-6085,C-1354,2022-05-03,Robert Martinez,Diagnostic,6.2,465.0,Performed standard preventive check. Updated firmware to v4.2.1.,Cancelled
DISP-10643,EQ-6147,C-1485,09/30/2021,Lisa Rodriguez,Emergency Repair,7.1,852.0,Replaced faulty thermal sensor and verified system bus voltage.,Pending
DISP-10644,EQ-5405,C-1292,2022/05/01,Robert Martinez,Preventive Maintenance,10.6,1007.0,Replaced burnt fuse block. Test run completed successfully.,In Progress
DISP-10645,EQ-6423,C-1518,2023-12-13,Mike Johnson,Emergency Repair,2.4,228.0,Performed standard preventive check. Updated firmware to v4.2.1.,completed
DISP-10646,EQ-5159,C-1491,08/11/2022,Carlos Sanchez,Corrective Maintenance,2.0,190.0,Calibrated inverter output. System operating within normal parameters.,Completed
DISP-10647,EQ-5131,C-1107,06-14-2024,Patricia Davis,Installation,0.8,76.0,Replaced faulty thermal sensor and verified system bus voltage.,In Progress
DISP-10648,EQ-6920,C-1463,2022/12/22,Patricia Davis,Warranty Replacement,4.5,675.0,Replaced faulty thermal sensor and verified system bus voltage.,completed
DISP-10649,EQ-5455,C-1408,06-09-2023,Carlos Sanchez,Corrective Maintenance,7.2,864.0,Calibrated inverter output. System operating within normal parameters.,Completed
DISP-10650,EQ-5053,C-1250,2024-04-24T00:00:00Z,Sarah Williams,Installation,4.2,504.0,Emergency dispatch for over-temperature alarm. Cleaned heat exchanger.,In Progress
DISP-10651,EQ-5050,C-1213,2022-09-13,Mike Johnson,Diagnostic,1.4,168.0,Performed standard preventive check. Updated firmware to v4.2.1.,In Progress
DISP-10652,EQ-7165,C-1443,2022/11/16,James Wilson,Corrective Maintenance,6.1,915.0,Performed standard preventive check. Updated firmware to v4.2.1.,Cancelled
DISP-10653,EQ-5588,C-1463,01/23/2022,Robert Martinez,Diagnostic,11.9,892.5,Emergency dispatch for over-temperature alarm. Cleaned heat exchanger.,Cancelled
DISP-10654,EQ-5057,C-1375,12/20/2023,Robert   Martinez,Preventive Maintenance,11.0,1650.0,Replaced burnt fuse block. Test run completed successfully.,Completed
DISP-10655,EQ-5651,C-1181,2024-07-15,Michael Brown,Emergency Repair,6.1,915.0,Calibrated inverter output. System operating within normal parameters.,COMPLETED
DISP-10656,EQ-7314,C-1178,2023-06-19,Lisa Rodriguez,Emergency Repair,10.8,1026.0,Performed standard preventive check. Updated firmware to v4.2.1.,COMPLETED
DISP-10657,EQ-6851,C-1196,2021-10-03T00:00:00Z,James Wilson,Warranty Replacement,6.3,472.5,Replaced faulty thermal sensor and verified system bus voltage.,In Progress
DISP-10658,EQ-5050,C-1213,09/25/2022,David Lee,Corrective Maintenance,0.5,60.0,Emergency dispatch for over-temperature alarm. Cleaned heat exchanger.,Cancelled
DISP-10659,EQ-5700,C-1260,2023-01-03,Maria Garcia,Emergency Repair,1.6,240.0,Replaced faulty thermal sensor and verified system bus voltage.,completed
DISP-10660,EQ-6319,C-1288,2022-03-31,David Lee,Installation,7.7,577.5,Emergency dispatch for over-temperature alarm. Cleaned heat exchanger.,Cancelled
DISP-10661,EQ-6277,C-1021,08-28-2022,Robert Martinez,Diagnostic,0.5,75.0,Performed standard preventive check. Updated firmware to v4.2.1.,completed
DISP-10662,EQ-6660,C-1129,2022/01/30,Robert Martinez,Preventive Maintenance,2.4,360.0,<p>Emergency dispatch for over-temperature alarm. Cleaned heat exchanger.</p>,In Progress
DISP-10663,EQ-6610,C-1329,03/27/2024,Michael Brown,Corrective Maintenance,2.4,288.0,Emergency dispatch for over-temperature alarm. Cleaned heat exchanger.,completed
DISP-10664,EQ-7393,C-1449,2023/05/30,Robert Martinez,Installation,2.9,217.5,Emergency dispatch for over-temperature alarm. Cleaned heat exchanger.,Pending
DISP-10665,EQ-5199,C-1345,2022/01/05,James Wilson  ,Preventive Maintenance,3.7,277.5,Replaced burnt fuse block. Test run completed successfully.,Pending
DISP-10666,EQ-5607,C-1511,2023/06/24,Sarah Williams,Preventive Maintenance,0.7,105.0,Emergency dispatch for over-temperature alarm. Cleaned heat exchanger.,completed
DISP-10667,EQ-5955,C-1095,06-28-2024,David Lee,Installation,11.7,877.5,Emergency dispatch for over-temperature alarm. Cleaned heat exchanger.,completed
DISP-10668,EQ-5630,C-1458,01-06-2022,Robert Martinez,Warranty Replacement,6.7,636.5,Replaced burnt fuse block. Test run completed successfully.,COMPLETED
DISP-10669,EQ-7459,C-1478,2022/07/27,Patricia Davis,Preventive Maintenance,4.9,465.5,Calibrated inverter output. System operating within normal parameters.,Completed
DISP-10670,EQ-6220,C-1473,2022/04/24,Robert Martinez,Warranty Replacement,3.7,555.0,Calibrated inverter output. System operating within normal parameters.,Pending
DISP-10671,EQ-6517,C-1305,09/18/2021,Jennifer Chen,Software Update,4.6,552.0,Performed standard preventive check. Updated firmware to v4.2.1.,Pending
DISP-10672,EQ-5898,C-1239,05-09-2022,Carlos Sanchez,Emergency Repair,1.3,156.0,Emergency dispatch for over-temperature alarm. Cleaned heat exchanger.,Completed
DISP-10673,EQ-5449,C-1241,01-24-2023,Patricia Davis,Installation,1.0,150.0,Performed standard preventive check. Updated firmware to v4.2.1.,completed
DISP-10674,EQ-6983,C-1025,2023-08-25,Mike Johnson,Emergency Repair,3.8,570.0,Performed standard preventive check. Updated firmware to v4.2.1.,Completed
DISP-10675,EQ-7345,C-1431,2023-06-29,   Robert Martinez,Preventive Maintenance,9.0,1080.0,Performed standard preventive check. Updated firmware to v4.2.1.,completed
DISP-10676,EQ-6427,C-1176,2021-10-03T00:00:00Z,Patricia Davis,Warranty Replacement,6.8,646.0,Calibrated inverter output. System operating within normal parameters.,completed
DISP-10677,EQ-5917,C-1078,12-06-2023,Lisa Rodriguez,Installation,7.1,1065.0,Calibrated inverter output. System operating within normal parameters.,Cancelled
DISP-10678,EQ-7363,C-1178,08/11/2022,Carlos Sanchez,Warranty Replacement,6.0,900.0,Emergency dispatch for over-temperature alarm. Cleaned heat exchanger.,Pending
DISP-10679,EQ-6398,C-1325,2023/10/31,Amanda Thompson,Corrective Maintenance,3.2,240.0,Replaced faulty thermal sensor and verified system bus voltage.,In Progress
DISP-10680,EQ-6947,C-1004,2023/07/05,Sarah Williams,Preventive Maintenance,10.8,1026.0,Performed standard preventive check. Updated firmware to v4.2.1.,completed
DISP-10681,EQ-6584,C-1108,2024-01-07T00:00:00Z,Lisa Rodriguez,Corrective Maintenance,10.8,810.0,Performed standard preventive check. Updated firmware to v4.2.1.,Cancelled
DISP-10682,EQ-6098,C-1476,2021-10-30T00:00:00Z,James Wilson,Installation,5.7,684.0,Performed standard preventive check. Updated firmware to v4.2.1.,Completed
DISP-10683,EQ-7458,C-1275,01/12/2023,David Lee,Installation,9.6,720.0,Replaced burnt fuse block. Test run completed successfully.,COMPLETED
DISP-10684,EQ-6051,C-1490,10-24-2023,   Amanda Thompson,Diagnostic,0.7,66.5,Emergency dispatch for over-temperature alarm. Cleaned heat exchanger.,In Progress
DISP-10685,EQ-6131,C-1355,2024-02-18T00:00:00Z,Mike Johnson,Warranty Replacement,6.6,990.0,Emergency dispatch for over-temperature alarm. Cleaned heat exchanger.,Completed
DISP-10686,EQ-6184,C-1124,2023-10-01,Maria   Garcia,Installation,4.5,427.5,Replaced burnt fuse block. Test run completed successfully.,Completed
DISP-10687,EQ-7160,C-1500,01/20/2023,Mike Johnson,Preventive Maintenance,5.8,435.0,Performed standard preventive check. Updated firmware to v4.2.1.,completed
DISP-10688,EQ-6488,C-1216,2021/06/18,   Carlos Sanchez,Preventive Maintenance,468.6,44517.0,Replaced faulty thermal sensor and verified system bus voltage.,Completed
DISP-10689,EQ-6386,C-1087,2022-01-26,Robert Martinez,Emergency Repair,10.0,750.0,Replaced faulty thermal sensor and verified system bus voltage.,Completed
DISP-10690,EQ-6770,C-1295,2022-07-07T00:00:00Z,David Lee,Emergency Repair,0.6,90.0,<b>Replaced burnt fuse block. Test run completed successfully.</b>,In Progress
DISP-10691,EQ-5398,C-1122,11/10/2021,Sarah Williams,Installation,9.4,1410.0,Performed standard preventive check. Updated firmware to v4.2.1.,In Progress
DISP-10692,EQ-7227,C-1485,04/06/2023,James Wilson,Emergency Repair,5.5,522.5,Replaced burnt fuse block. Test run completed successfully.,Completed
DISP-10693,EQ-6546,C-1472,03/10/2023,Lisa Rodriguez,Preventive Maintenance,8.6,817.0,Replaced faulty thermal sensor and verified system bus voltage.,In Progress
DISP-10694,EQ-6158,C-1437,09-12-2021,Lisa Rodriguez,Emergency Repair,4.5,$540.00,Calibrated inverter output. System operating within normal parameters.,COMPLETED
DISP-10695,EQ-5750,C-1270,09/09/2022,Sarah Williams,Emergency Repair,4.2,630.0,Replaced faulty thermal sensor and verified system bus voltage.,Cancelled
DISP-10696,EQ-7295,C-1383,02-22-2022,Mike Johnson,Corrective Maintenance,6.5,975.0,Replaced burnt fuse block. Test run completed successfully.,completed
DISP-10697,EQ-7130,C-1362,03/18/2024,Jennifer Chen,Warranty Replacement,11.1,1332.0,Performed standard preventive check. Updated firmware to v4.2.1.,Completed
DISP-10698,EQ-5633,C-1442,2022-05-24T00:00:00Z,   Maria Garcia,Software Update,2.3,345.0,Calibrated inverter output. System operating within normal parameters.,In Progress
DISP-10699,EQ-6613,C-1504,01-31-2023,Maria Garcia,Diagnostic,11.9,1428.0,Calibrated inverter output. System operating within normal parameters.,Cancelled
DISP-10700,EQ-5516,C-1439,2023/12/10,Sarah Williams,Diagnostic,2.4,228.0,Performed standard preventive check. Updated firmware to v4.2.1.,In Progress
DISP-10701,EQ-5548,C-1001,07-14-2023,Carlos Sanchez,Diagnostic,8.9,1068.0,Calibrated inverter output. System operating within normal parameters.,In Progress
DISP-10702,EQ-5313,C-1018,2022/06/23,Patricia Davis,Preventive Maintenance,2.3,172.5,Performed standard preventive check. Updated firmware to v4.2.1.,Pending
DISP-10703,EQ-7500,C-1001,07/09/2024,James Wilson,Corrective Maintenance,3.0,285.0,Calibrated inverter output. System operating within normal parameters.,Cancelled
DISP-10704,EQ-6386,C-1087,05/08/2024,   Maria Garcia,Emergency Repair,9.9,1485.0,Calibrated inverter output. System operating within normal parameters.,In Progress
DISP-10705,EQ-5792,C-1516,2024-06-25,Mike Johnson,Preventive Maintenance,9.8,1470.0,Replaced faulty thermal sensor and verified system bus voltage.,In Progress
DISP-10706,EQ-99318,C-99936,2021-11-30,Sarah Williams,Preventive Maintenance,9.4,705.0,Performed standard preventive check. Updated firmware to v4.2.1.,COMPLETED
DISP-10707,EQ-6025,C-1069,06/21/2024,Amanda Thompson,Emergency Repair,4.4,330.0,Emergency dispatch for over-temperature alarm. Cleaned heat exchanger.,Pending
DISP-10708,EQ-6518,C-1059,02/03/2022,Lisa Rodriguez  ,Preventive Maintenance,11.3,847.5,Calibrated inverter output. System operating within normal parameters.,completed
DISP-10709,EQ-5476,C-1066,04/19/2023,Carlos Sanchez,Warranty Replacement,5.6,840.0,Emergency dispatch for over-temperature alarm. Cleaned heat exchanger.,Completed
DISP-10710,EQ-5810,C-1482,2023-11-29,Carlos Sanchez,Emergency Repair,7.9,592.5,Replaced faulty thermal sensor and verified system bus voltage.,Cancelled
DISP-10711,EQ-6902,C-1453,2021-11-08T00:00:00Z,David Lee,Preventive Maintenance,11.7,1111.5,Calibrated inverter output. System operating within normal parameters.,COMPLETED
DISP-10712,EQ-5716,C-1178,01/16/2022,  David Lee  ,Corrective Maintenance,2.8,210.0,Calibrated inverter output. System operating within normal parameters.,Cancelled
DISP-10713,EQ-5153,C-1199,2024-01-28T00:00:00Z,David Lee,Corrective Maintenance,7.2,1080.0,Performed standard preventive check. Updated firmware to v4.2.1.,In Progress
DISP-10714,EQ-6514,C-1270,12-26-2023,   ,Warranty Replacement,6.7,636.5,Calibrated inverter output. System operating within normal parameters.,completed
DISP-10715,EQ-6021,C-1268,2021-06-20T00:00:00Z,Sarah Williams,Diagnostic,7.5,562.5,Replaced burnt fuse block. Test run completed successfully.,Pending
DISP-10716,EQ-7459,C-1478,05/11/2023,Amanda Thompson,Emergency Repair,4.9,465.5,Replaced burnt fuse block. Test run completed successfully.,In Progress
DISP-10717,EQ-5909,C-1455,08-06-2021,Patricia Davis,Emergency Repair,2.0,240.0,Performed standard preventive check. Updated firmware to v4.2.1.,In Progress
DISP-10718,EQ-6998,C-1268,12/18/2023,Amanda Thompson,Emergency Repair,1.7,204.0,Calibrated inverter output. System operating within normal parameters.,In Progress
DISP-10719,EQ-5074,C-1226,10/07/2021,Amanda Thompson,Diagnostic,3.2,304.0,Performed standard preventive check. Updated firmware to v4.2.1.,Pending
DISP-10720,EQ-6881,C-1325,2023/04/27,Carlos Sanchez,Warranty Replacement,3.0,450.0,Replaced burnt fuse block. Test run completed successfully.,Completed
DISP-10721,EQ-5565,C-1292,05/15/2023,Patricia Davis,Emergency Repair,7.2,540.0,Calibrated inverter output. System operating within normal parameters.,In Progress
DISP-10722,EQ-6480,C-1456,2022-12-27T00:00:00Z,Jennifer Chen,Emergency Repair,10.3,"$1,545.00",Replaced faulty thermal sensor and verified system bus voltage.,Cancelled
DISP-10723,EQ-6902,C-1453,07/18/2024,David Lee,Corrective Maintenance,5.9,708.0,Performed standard preventive check. Updated firmware to v4.2.1.,Pending
DISP-10724,EQ-5656,C-1517,08/13/2021,Carlos Sanchez,Software Update,1.7,161.5,Emergency dispatch for over-temperature alarm. Cleaned heat exchanger.,completed
DISP-10725,EQ-5167,C-1307,01-06-2023,Maria Garcia,Corrective Maintenance,9.3,697,Emergency dispatch for over-temperature alarm. Cleaned heat exchanger.,completed
DISP-10726,EQ-6836,C-1042,08/24/2021,Carlos Sanchez,Emergency Repair,9.5,902.5,Replaced burnt fuse block. Test run completed successfully.,COMPLETED
DISP-10727,EQ-7088,C-1423,03/24/2022,Maria Garcia,Emergency Repair,9.9,$1485.00,Replaced burnt fuse block. Test run completed successfully.,Cancelled
DISP-10728,EQ-5915,C-1119,04/12/2024,David Lee,Emergency Repair,3.6,342,Calibrated inverter output. System operating within normal parameters.,completed
DISP-10729,EQ-5915,C-1119,2022-02-04,Michael Brown,Diagnostic,10.0,1200.0,Emergency dispatch for over-temperature alarm. Cleaned heat exchanger.,COMPLETED
DISP-10730,EQ-6737,C-1379,2023-11-05,Jennifer Chen,Preventive Maintenance,8.9,1335.0,Replaced burnt fuse block. Test run completed successfully.,Pending
DISP-10731,EQ-7103,C-1209,2023-12-22T00:00:00Z,Patricia Davis,Software Update,1.0,150.0,Calibrated inverter output. System operating within normal parameters.,Completed
DISP-10732,EQ-5636,C-1311,04-16-2024,Maria Garcia,Software Update,10.4,988.0,Calibrated inverter output. System operating within normal parameters.,Pending
DISP-10733,EQ-6439,C-1244,06-29-2021,Michael Brown,Installation,2.7,405.0,<b>Emergency dispatch for over-temperature alarm. Cleaned heat exchanger.</b>,COMPLETED
DISP-10734,EQ-5641,C-1414,2022-04-15T00:00:00Z,Mike Johnson,Warranty Replacement,5.0,475.0,Emergency dispatch for over-temperature alarm. Cleaned heat exchanger.,Completed
DISP-10735,EQ-5125,C-1449,2024-08-03T00:00:00Z,Sarah   Williams,Warranty Replacement,9.8,735.0,<html>Emergency dispatch for over-temperature alarm. Cleaned heat exchanger.</html>,Pending
DISP-10736,EQ-5578,C-1326,2023/06/12,Amanda Thompson,Software Update,1.7,127.5,Replaced burnt fuse block. Test run completed successfully.,Cancelled
DISP-10737,EQ-6113,C-1079,11-25-2021,Lisa Rodriguez,Corrective Maintenance,7.6,722.0,Replaced burnt fuse block. Test run completed successfully.,Pending
DISP-10738,EQ-6998,C-1268,11/18/2021,Maria Garcia,Installation,10.9,1035.5,Calibrated inverter output. System operating within normal parameters.,COMPLETED
DISP-10739,EQ-6792,C-1510,2023/05/07,Lisa Rodriguez,Warranty Replacement,6.2,744.0,Performed standard preventive check. Updated firmware to v4.2.1.,completed
DISP-10740,EQ-7058,C-1455,01/11/2022,Amanda Thompson,Corrective Maintenance,9.3,1116.0,Performed standard preventive check. Updated firmware to v4.2.1.,Pending
DISP-10741,EQ-5171,C-1511,2022/09/23,Lisa Rodriguez,Preventive Maintenance,3.8,285.0,Calibrated inverter output. System operating within normal parameters.,In Progress
DISP-10742,EQ-5694,C-1421,2023-10-25T00:00:00Z,Patricia Davis,Diagnostic,3.4,323.0,<strong>Replaced burnt fuse block. Test run completed successfully.</strong>,COMPLETED
DISP-10743,EQ-6399,C-1098,04/10/2024,James Wilson,Software Update,3.7,277.5,Calibrated inverter output. System operating within normal parameters.,Completed
DISP-10744,EQ-7220,C-1276,07/05/2023,Mike Johnson,Warranty Replacement,5.3,795.0,Replaced burnt fuse block. Test run completed successfully.,Cancelled
DISP-10745,EQ-5971,C-1250,11/08/2021,Jennifer Chen,Diagnostic,4.4,418.0,<div>Emergency dispatch for over-temperature alarm. Cleaned heat exchanger.</div>,Cancelled
DISP-10746,EQ-7199,C-1318,2022/03/05,Maria Garcia,Emergency Repair,11.7,1755.0,Replaced burnt fuse block. Test run completed successfully.,completed
DISP-10747,EQ-5813,C-1494,09-09-2021,Jennifer Chen,Warranty Replacement,11.8,1770.0,Replaced burnt fuse block. Test run completed successfully.,Pending
DISP-10748,EQ-5124,C-1482,10/29/2022,Jennifer Chen,Warranty Replacement,1.9,142.5,<html><body>Replaced faulty thermal sensor and verified system bus voltage.</body></html>,Completed
DISP-10749,EQ-7487,C-1190,06/11/2022,   Amanda Thompson,Emergency Repair,11.1,1665.0,Performed standard preventive check. Updated firmware to v4.2.1.,Completed
DISP-10750,EQ-5349,C-1381,2021-12-15T00:00:00Z,James Wilson,Diagnostic,9.6,1440.0,Emergency dispatch for over-temperature alarm. Cleaned heat exchanger.,Pending
DISP-10751,EQ-6087,C-1258,2023-05-30T00:00:00Z,Amanda Thompson,Emergency Repair,1.5,180.0,Replaced faulty thermal sensor and verified system bus voltage.,Pending
DISP-10752,EQ-5561,C-1141,05/29/2022,Jennifer Chen,Emergency Repair,9.7,$727.50,Performed standard preventive check. Updated firmware to v4.2.1.,Pending
DISP-10753,EQ-5611,C-1124,08/14/2024,James Wilson,Diagnostic,0.7,66.5,Calibrated inverter output. System operating within normal parameters.,Completed
DISP-10754,EQ-6084,C-1035,12/15/2021,David Lee,Installation,8.9,1335.0,Replaced faulty thermal sensor and verified system bus voltage.,COMPLETED
DISP-10755,EQ-6078,C-1262,2021-09-17T00:00:00Z,Jennifer Chen,Emergency Repair,9.2,1380.0,Replaced faulty thermal sensor and verified system bus voltage.,Completed
DISP-10756,EQ-6948,C-1072,02/04/2024,Mike Johnson,Diagnostic,2.9,435.0,Replaced burnt fuse block. Test run completed successfully.,Completed
DISP-10757,EQ-5430,C-1289,07-07-2022,Lisa Rodriguez,Diagnostic,5.1,382.5,Performed standard preventive check. Updated firmware to v4.2.1.,Completed
DISP-10758,EQ-5840,C-1107,2024-07-18,  Michael Brown  ,Warranty Replacement,8.7,1044.0,<b>Replaced faulty thermal sensor and verified system bus voltage.</b>,COMPLETED
DISP-10759,EQ-6259,C-1239,05/26/2022,David Lee,Preventive Maintenance,5.7,541.5,Calibrated inverter output. System operating within normal parameters.,COMPLETED
DISP-10760,EQ-6928,C-1265,2023-02-28,Sarah Williams,Diagnostic,5.6,840.0,Replaced burnt fuse block. Test run completed successfully.,COMPLETED
DISP-10761,EQ-6448,C-1390,2022-03-16T00:00:00Z,Michael Brown,Warranty Replacement,0.9,67.5,Replaced burnt fuse block. Test run completed successfully.,completed
DISP-10762,EQ-6515,C-1517,04-22-2023,Mike Johnson,Emergency Repair,8.4,1260.0,Performed standard preventive check. Updated firmware to v4.2.1.,COMPLETED
DISP-10763,EQ-6433,C-1422,2021/11/12,  Maria Garcia  ,Software Update,11.7,1404,Replaced burnt fuse block. Test run completed successfully.,COMPLETED
DISP-10764,EQ-5179,C-1490,2023/11/05,James Wilson,Software Update,9.4,893.0,Calibrated inverter output. System operating within normal parameters.,Cancelled
DISP-10765,EQ-6030,C-1213,08/12/2024,Jennifer Chen,Installation,10.5,787.5,Replaced burnt fuse block. Test run completed successfully.,Completed
DISP-10766,EQ-99662,C-99175,2023-11-16T00:00:00Z,Maria Garcia,Installation,2.3,276.0,Performed standard preventive check. Updated firmware to v4.2.1.,Pending
DISP-10767,EQ-5193,C-1054,08-24-2022,Maria Garcia,Warranty Replacement,7.8,585.0,Calibrated inverter output. System operating within normal parameters.,Pending
DISP-10768,EQ-7171,C-1357,09/28/2023,   ,Emergency Repair,10.1,1515.0,Emergency dispatch for over-temperature alarm. Cleaned heat exchanger.,Cancelled
DISP-10769,EQ-7039,C-1271,09-03-2023,James Wilson,Software Update,8.4,1260.0,Replaced burnt fuse block. Test run completed successfully.,In Progress
DISP-10770,EQ-6461,C-1221,2023-03-27,Jennifer Chen,Preventive Maintenance,3.5,525.0,Replaced faulty thermal sensor and verified system bus voltage.,In Progress
DISP-10771,EQ-6709,C-1263,2022-11-12,Sarah Williams,Corrective Maintenance,5.0,475.0,Calibrated inverter output. System operating within normal parameters.,Cancelled
DISP-10772,EQ-6566,C-1289,09-19-2022,Sarah Williams,Diagnostic,2.2,330.0,Performed standard preventive check. Updated firmware to v4.2.1.,Cancelled
DISP-10773,EQ-7004,C-1116,2021/09/30,Amanda Thompson,Preventive Maintenance,2.2,264.0,Emergency dispatch for over-temperature alarm. Cleaned heat exchanger.,Cancelled
DISP-10774,EQ-5723,C-1468,08/06/2023,Maria Garcia,Software Update,8.1,769.5,Emergency dispatch for over-temperature alarm. Cleaned heat exchanger.,COMPLETED
DISP-10775,EQ-6805,C-1246,04/15/2024,Jennifer Chen,Warranty Replacement,5.1,484.5,Replaced faulty thermal sensor and verified system bus voltage.,Pending
DISP-10776,EQ-5936,C-1090,05/15/2023,Robert Martinez,Emergency Repair,4.3,645.0,Emergency dispatch for over-temperature alarm. Cleaned heat exchanger.,Cancelled
DISP-10777,EQ-7438,C-1137,2022-02-28,Sarah Williams,Warranty Replacement,0.8,96.0,Emergency dispatch for over-temperature alarm. Cleaned heat exchanger.,Pending
DISP-10778,EQ-5106,C-1465,2023-05-20T00:00:00Z,   Mike Johnson,Warranty Replacement,2.3,218.5,Replaced burnt fuse block. Test run completed successfully.,COMPLETED
DISP-10779,EQ-6545,C-1070,06-07-2024,Carlos Sanchez,Software Update,3.1,$465.00,Emergency dispatch for over-temperature alarm. Cleaned heat exchanger.,Completed
DISP-10780,EQ-6118,C-1379,08-08-2024,   Jennifer Chen,Corrective Maintenance,3.0,450.0,Replaced burnt fuse block. Test run completed successfully.,COMPLETED
DISP-10781,EQ-6462,C-1463,2024-01-24T00:00:00Z,Amanda Thompson,Corrective Maintenance,1.7,204.0,<strong>Replaced faulty thermal sensor and verified system bus voltage.</strong>,In Progress
DISP-10782,EQ-6021,C-1268,2023-08-29T00:00:00Z,Jennifer Chen,Diagnostic,2.6,390.0,Performed standard preventive check. Updated firmware to v4.2.1.,In Progress
DISP-10783,EQ-6389,C-1241,03/24/2023,Mike Johnson,Preventive Maintenance,6.9,828.0,Emergency dispatch for over-temperature alarm. Cleaned heat exchanger.,Cancelled
DISP-10784,EQ-99636,C-99592,04-12-2024,Carlos Sanchez,Software Update,11.2,1064.0,<p>Calibrated inverter output. System operating within normal parameters.</p>,Cancelled
DISP-10785,EQ-6120,C-1207,03-27-2024,Amanda Thompson,Emergency Repair,8.8,1320.0,Performed standard preventive check. Updated firmware to v4.2.1.,completed
DISP-10786,EQ-7013,C-1307,10/04/2021,Amanda Thompson,Software Update,7.1,1065.0,Performed standard preventive check. Updated firmware to v4.2.1.,COMPLETED
DISP-10787,EQ-6183,C-1298,2023-03-26,Jennifer Chen,Corrective Maintenance,0.6,90,Calibrated inverter output. System operating within normal parameters.,Cancelled
DISP-10788,EQ-6653,C-1226,01-20-2024,Patricia Davis,Software Update,3.3,247.5,Replaced faulty thermal sensor and verified system bus voltage.,completed
DISP-10789,EQ-5074,C-1226,2023-11-08,James Wilson,Installation,9.3,697.5,Replaced faulty thermal sensor and verified system bus voltage.,Completed
DISP-10790,EQ-6785,C-1348,06-20-2023,James Wilson,Diagnostic,3.0,285.0,Calibrated inverter output. System operating within normal parameters.,completed
DISP-10791,EQ-6404,C-1236,02-12-2023,Patricia Davis,Warranty Replacement,4.1,307.5,Emergency dispatch for over-temperature alarm. Cleaned heat exchanger.,In Progress
DISP-10792,EQ-5323,C-1039,2021-09-15,Jennifer Chen,Warranty Replacement,5.5,660.0,Replaced faulty thermal sensor and verified system bus voltage.,Pending
DISP-10793,EQ-7458,C-1275,2021-06-27T00:00:00Z,Carlos Sanchez,Installation,5.2,390.0,Replaced faulty thermal sensor and verified system bus voltage.,COMPLETED
DISP-10794,EQ-5752,C-1481,2021-10-09T00:00:00Z,  Amanda Thompson  ,Installation,0.8,120.0,Emergency dispatch for over-temperature alarm. Cleaned heat exchanger.,COMPLETED
DISP-10795,EQ-5091,C-1012,2024-08-01,Carlos Sanchez,Corrective Maintenance,11.6,"$1,102.00",Emergency dispatch for over-temperature alarm. Cleaned heat exchanger.,completed
DISP-10796,EQ-5749,C-1508,2024-07-21T00:00:00Z,Jennifer Chen,Emergency Repair,1.6,240.0,Calibrated inverter output. System operating within normal parameters.,Cancelled
DISP-10797,EQ-5617,C-1185,2022-12-09,David Lee,Preventive Maintenance,3.3,495.0,Calibrated inverter output. System operating within normal parameters.,Pending
DISP-10798,EQ-5269,C-1211,07/04/2023,   David Lee,Warranty Replacement,6.6,495.0,Replaced burnt fuse block. Test run completed successfully.,COMPLETED
DISP-10799,EQ-99316,C-99664,2022-12-10,Michael Brown,Software Update,4.6,345.0,Performed standard preventive check. Updated firmware to v4.2.1.,completed
DISP-10800,EQ-7245,C-1167,06-08-2023,Mike Johnson,Diagnostic,10.1,1212.0,Replaced burnt fuse block. Test run completed successfully.,Pending
DISP-10801,EQ-5222,C-1295,2022-10-23T00:00:00Z,Maria Garcia  ,Preventive Maintenance,4.0,480.0,Performed standard preventive check. Updated firmware to v4.2.1.,In Progress
DISP-10802,EQ-5228,C-1293,2023-08-03,Mike Johnson,Warranty Replacement,2.1,315.0,Calibrated inverter output. System operating within normal parameters.,Pending
DISP-10803,EQ-6346,C-1128,05/11/2022,Sarah Williams,Preventive Maintenance,7.8,585.0,Replaced burnt fuse block. Test run completed successfully.,Cancelled
DISP-10804,EQ-6132,C-1418,08/23/2022,Jennifer Chen,Preventive Maintenance,11.8,USD 1121.00,Calibrated inverter output. System operating within normal parameters.,COMPLETED
DISP-10805,EQ-6650,C-1343,08-19-2022,Jennifer Chen,Emergency Repair,6.4,768.0,Calibrated inverter output. System operating within normal parameters.,Pending
DISP-10806,EQ-5179,C-1490,08/09/2021,Patricia Davis,Emergency Repair,11.1,USD 832.50,Emergency dispatch for over-temperature alarm. Cleaned heat exchanger.,In Progress
DISP-10807,EQ-6198,C-1478,01/17/2024,Lisa Rodriguez,Installation,11.0,1320.0,Emergency dispatch for over-temperature alarm. Cleaned heat exchanger.,Cancelled
DISP-10808,EQ-6192,C-1514,2024-02-10T00:00:00Z,Amanda Thompson,Warranty Replacement,8.7,1044.0,<html><body>Replaced faulty thermal sensor and verified system bus voltage.</body></html>,completed
DISP-10809,EQ-5925,C-1255,2023-01-26,David   Lee,Software Update,10.7,1284.0,Replaced burnt fuse block. Test run completed successfully.,Completed
DISP-10810,EQ-5524,C-1030,08/10/2023,Carlos Sanchez,Warranty Replacement,3.8,456.0,Performed standard preventive check. Updated firmware to v4.2.1.,Cancelled
DISP-10811,EQ-7485,C-1301,2023-05-23T00:00:00Z,Maria   Garcia,Warranty Replacement,8.1,972.0,Performed standard preventive check. Updated firmware to v4.2.1.,COMPLETED
DISP-10812,EQ-7429,C-1501,2023-02-25T00:00:00Z,Maria Garcia,Emergency Repair,8.0,600.0,Performed standard preventive check. Updated firmware to v4.2.1.,In Progress
DISP-10813,EQ-7211,C-1477,2022-07-29,Jennifer Chen,Preventive Maintenance,1.4,$133.00,Calibrated inverter output. System operating within normal parameters.,Pending
DISP-10814,EQ-6623,C-1140,2023-01-14T00:00:00Z,Amanda Thompson,Corrective Maintenance,5.7,541.5,Performed standard preventive check. Updated firmware to v4.2.1.,COMPLETED
DISP-10815,EQ-6783,C-1199,09/13/2023,James Wilson,Corrective Maintenance,4.5,540.0,Emergency dispatch for over-temperature alarm. Cleaned heat exchanger.,completed
DISP-10816,EQ-6976,C-1465,2023/02/14,Mike Johnson,Warranty Replacement,5.6,420.0,<div>Performed standard preventive check. Updated firmware to v4.2.1.</div>,In Progress
DISP-10817,EQ-6240,C-1377,11-17-2023,Amanda Thompson,Warranty Replacement,10.3,1545.0,<b>Performed standard preventive check. Updated firmware to v4.2.1.</b>,Cancelled
DISP-10818,EQ-6627,C-1255,2023-04-15T00:00:00Z,Lisa Rodriguez,Preventive Maintenance,11.4,1083.0,Calibrated inverter output. System operating within normal parameters.,COMPLETED
DISP-10819,EQ-99436,C-99985,11-26-2021,Michael Brown,Software Update,10.1,1515.0,Replaced faulty thermal sensor and verified system bus voltage.,completed
DISP-10820,EQ-5750,C-1270,07/12/2021,Sarah Williams,Installation,7.5,900.0,Replaced faulty thermal sensor and verified system bus voltage.,Pending
DISP-10821,EQ-6142,C-1370,2024/01/30,NULL,Warranty Replacement,8.8,660.0,Replaced faulty thermal sensor and verified system bus voltage.,Cancelled
DISP-10822,EQ-5473,C-1173,2021-12-27T00:00:00Z,Michael Brown,Diagnostic,1.7,204.0,Calibrated inverter output. System operating within normal parameters.,completed
DISP-10823,EQ-6551,C-1242,2024-01-13T00:00:00Z,Robert Martinez,Warranty Replacement,8.9,667.5,Performed standard preventive check. Updated firmware to v4.2.1.,In Progress
DISP-10824,EQ-5548,C-1001,05/14/2022,Jennifer Chen,Emergency Repair,10.0,750.0,Replaced faulty thermal sensor and verified system bus voltage.,completed
DISP-10825,EQ-6793,C-1311,2023-07-14T00:00:00Z,Michael   Brown,Preventive Maintenance,8.7,652.5,<strong>Emergency dispatch for over-temperature alarm. Cleaned heat exchanger.</strong>,Completed
DISP-10826,EQ-6254,C-1135,2022/10/03,Patricia Davis,Corrective Maintenance,5.8,551.0,Replaced burnt fuse block. Test run completed successfully.,COMPLETED
DISP-10827,EQ-6650,C-1343,2021/08/31,Lisa Rodriguez,Warranty Replacement,5.8,696.0,Performed standard preventive check. Updated firmware to v4.2.1.,COMPLETED
DISP-10828,EQ-5370,C-1009,05/06/2023,Jennifer Chen,Warranty Replacement,2.7,324.0,Replaced faulty thermal sensor and verified system bus voltage.,COMPLETED
DISP-10829,EQ-5636,C-1311,09/30/2021,Michael Brown,Software Update,8.7,1305.0,Calibrated inverter output. System operating within normal parameters.,Completed
DISP-10830,EQ-7219,C-1457,2023/01/17,Sarah Williams,Installation,7.6,570.0,Replaced burnt fuse block. Test run completed successfully.,completed
DISP-10831,EQ-5311,C-1089,01/12/2023,Robert Martinez,Software Update,5.2,494.0,Emergency dispatch for over-temperature alarm. Cleaned heat exchanger.,completed
DISP-10832,EQ-6501,C-1074,2023/03/16,Maria Garcia,Diagnostic,10.9,1035.5,Replaced faulty thermal sensor and verified system bus voltage.,Cancelled
DISP-10833,EQ-6262,C-1152,12/26/2023,Lisa Rodriguez,Software Update,1.7,204.0,Performed standard preventive check. Updated firmware to v4.2.1.,In Progress
DISP-10834,EQ-6857,C-1187,11-12-2021,Patricia Davis,Preventive Maintenance,2.0,150.0,Emergency dispatch for over-temperature alarm. Cleaned heat exchanger.,Pending
DISP-10835,EQ-5343,C-1226,02-08-2023,David Lee,Emergency Repair,10.0,1200.0,Calibrated inverter output. System operating within normal parameters.,Pending
DISP-10836,EQ-7450,C-1217,07-16-2022,James Wilson,Emergency Repair,2.2,264.0,Emergency dispatch for over-temperature alarm. Cleaned heat exchanger.,COMPLETED
DISP-10837,EQ-7166,C-1003,2021-10-08T00:00:00Z,Amanda Thompson,Corrective Maintenance,3.8,570.0,Replaced faulty thermal sensor and verified system bus voltage.,Pending
DISP-10838,EQ-5948,C-1168,2022-11-06T00:00:00Z,NULL,Preventive Maintenance,6.0,720.0,Replaced faulty thermal sensor and verified system bus voltage.,Completed
DISP-10839,EQ-5844,C-1242,03/14/2022,Jennifer Chen  ,Warranty Replacement,4.7,446,Emergency dispatch for over-temperature alarm. Cleaned heat exchanger.,In Progress
DISP-10840,EQ-5895,C-1440,05/03/2022,Carlos Sanchez,Installation,2.0,190.0,Calibrated inverter output. System operating within normal parameters.,completed
DISP-10841,EQ-6284,C-1043,2023-08-14,Amanda Thompson,Warranty Replacement,6.2,465.0,<strong>Replaced faulty thermal sensor and verified system bus voltage.</strong>,Cancelled
DISP-10842,EQ-5101,C-1434,2022-06-17T00:00:00Z,Jennifer Chen,Corrective Maintenance,5.0,600.0,Calibrated inverter output. System operating within normal parameters.,Pending
DISP-10843,EQ-6137,C-1476,06/21/2022,Sarah Williams,Preventive Maintenance,10.3,1545,Performed standard preventive check. Updated firmware to v4.2.1.,COMPLETED
DISP-10844,EQ-7447,C-1042,2024/07/20,Patricia Davis,Software Update,9.4,"$1,410.00",Performed standard preventive check. Updated firmware to v4.2.1.,completed
DISP-10845,EQ-6510,C-1456,2024-05-29T00:00:00Z,Carlos Sanchez,Warranty Replacement,1.4,168.0,Replaced burnt fuse block. Test run completed successfully.,Pending
DISP-10846,EQ-5104,C-1162,2022/01/08,Maria Garcia  ,Emergency Repair,10.8,1296.0,<html><body>Replaced burnt fuse block. Test run completed successfully.</body></html>,completed
DISP-10847,EQ-5194,C-1048,2022/03/18,David Lee,Preventive Maintenance,1.8,216.0,Replaced burnt fuse block. Test run completed successfully.,COMPLETED
DISP-10848,EQ-5761,C-1113,2024-03-30T00:00:00Z,Maria Garcia,Warranty Replacement,11.6,1740.0,<div>Emergency dispatch for over-temperature alarm. Cleaned heat exchanger.</div>,completed
DISP-10849,EQ-6617,C-1116,2021/09/30,Patricia Davis,Emergency Repair,4.6,345.0,Emergency dispatch for over-temperature alarm. Cleaned heat exchanger.,completed
DISP-10850,EQ-6888,C-1428,2022-07-17,Sarah Williams,Preventive Maintenance,5.5,412.5,Performed standard preventive check. Updated firmware to v4.2.1.,Cancelled
DISP-10851,EQ-7465,C-1175,07-16-2024,Michael Brown,Warranty Replacement,9.3,1395.0,Emergency dispatch for over-temperature alarm. Cleaned heat exchanger.,COMPLETED
DISP-10852,EQ-5064,C-1488,2022-11-19,Maria Garcia,Diagnostic,2.4,180.0,Emergency dispatch for over-temperature alarm. Cleaned heat exchanger.,Pending
DISP-10853,EQ-5918,C-1289,2022-01-07,James Wilson,Preventive Maintenance,1.0,75.0,<p>Calibrated inverter output. System operating within normal parameters.</p>,Cancelled
DISP-10854,EQ-7106,C-1511,2022/10/09,Michael Brown,Diagnostic,3.6,342.0,Replaced burnt fuse block. Test run completed successfully.,COMPLETED
DISP-10855,EQ-6733,C-1344,03/05/2022,Lisa Rodriguez,Emergency Repair,3.0,285.0,Performed standard preventive check. Updated firmware to v4.2.1.,In Progress
DISP-10856,EQ-6550,C-1364,12/16/2023,David Lee,Emergency Repair,2.1,199.5,Replaced burnt fuse block. Test run completed successfully.,In Progress
DISP-10857,EQ-6036,C-1163,2024/03/27,  Robert Martinez  ,Preventive Maintenance,6.8,510.0,Calibrated inverter output. System operating within normal parameters.,Pending
DISP-10858,EQ-6732,C-1370,2024/02/25,Mike Johnson,Corrective Maintenance,416.6,62490.0,Replaced faulty thermal sensor and verified system bus voltage.,In Progress
DISP-10859,EQ-6098,C-1476,11-06-2021,Sarah Williams,Software Update,3.0,225.0,Performed standard preventive check. Updated firmware to v4.2.1.,Cancelled
DISP-10860,EQ-99052,C-99398,02/22/2023,Michael Brown,Corrective Maintenance,6.0,720.0,<b>Performed standard preventive check. Updated firmware to v4.2.1.</b>,completed
DISP-10861,EQ-5566,C-1356,09-09-2022,Mike Johnson,Preventive Maintenance,10.5,1260.0,Emergency dispatch for over-temperature alarm. Cleaned heat exchanger.,Pending
DISP-10862,EQ-5225,C-1245,10-22-2021,Sarah Williams,Diagnostic,5.3,503.5,Emergency dispatch for over-temperature alarm. Cleaned heat exchanger.,Cancelled
DISP-10863,EQ-5635,C-1493,2022-08-09T00:00:00Z,   Mike Johnson,Warranty Replacement,7.6,722.0,Calibrated inverter output. System operating within normal parameters.,Cancelled
DISP-10864,EQ-7220,C-1276,11/02/2023,Amanda Thompson,Preventive Maintenance,4.0,380.0,Calibrated inverter output. System operating within normal parameters.,completed
DISP-10865,EQ-5197,C-1211,08/18/2022,David Lee,Warranty Replacement,8.8,1320.0,Emergency dispatch for over-temperature alarm. Cleaned heat exchanger.,COMPLETED
DISP-10866,EQ-5354,C-1220,2024/06/30,Jennifer Chen,Emergency Repair,2.5,375,Calibrated inverter output. System operating within normal parameters.,Completed
DISP-10867,EQ-6166,C-1251,03-25-2023,David   Lee,Preventive Maintenance,3.5,525.0,Replaced faulty thermal sensor and verified system bus voltage.,Pending
DISP-10868,EQ-7049,C-1068,2022/12/04,Maria Garcia,Preventive Maintenance,10.5,1260.0,Emergency dispatch for over-temperature alarm. Cleaned heat exchanger.,Cancelled
DISP-10869,EQ-6939,C-1290,2021/10/30,Robert Martinez,Installation,11.4,1368.0,Performed standard preventive check. Updated firmware to v4.2.1.,Pending
DISP-10870,EQ-7217,C-1491,02/06/2024,Michael Brown,Diagnostic,7.7,731.5,<strong>Emergency dispatch for over-temperature alarm. Cleaned heat exchanger.</strong>,Pending
DISP-10871,EQ-5432,C-1140,02/25/2024,Maria Garcia,Installation,9.7,921.5,Replaced burnt fuse block. Test run completed successfully.,Completed
DISP-10872,EQ-5634,C-1273,07-29-2023,Sarah Williams,Diagnostic,3.8,285.0,Calibrated inverter output. System operating within normal parameters.,Completed
DISP-10873,EQ-6993,C-1239,08/02/2022,James Wilson,Diagnostic,4.3,408.5,Replaced burnt fuse block. Test run completed successfully.,In Progress
DISP-10874,EQ-5403,C-1498,10/25/2021,David Lee,Installation,0.6,90.0,Calibrated inverter output. System operating within normal parameters.,In Progress
DISP-10875,EQ-5356,C-1091,2024-05-16,Maria Garcia,Preventive Maintenance,6.3,472.5,Replaced faulty thermal sensor and verified system bus voltage.,COMPLETED
DISP-10876,EQ-5357,C-1100,2021-10-24T00:00:00Z,Sarah Williams,Corrective Maintenance,5.9,442.5,Performed standard preventive check. Updated firmware to v4.2.1.,COMPLETED
DISP-10877,EQ-6414,C-1415,03/13/2022,Maria Garcia,Emergency Repair,11.5,1725.0,Performed standard preventive check. Updated firmware to v4.2.1.,Completed
DISP-10878,EQ-6029,C-1118,2023-06-06T00:00:00Z,Sarah Williams,Preventive Maintenance,11.5,1725.0,Replaced burnt fuse block. Test run completed successfully.,COMPLETED
DISP-10879,EQ-5458,C-1474,08/08/2023,Amanda Thompson,Warranty Replacement,3.3,247.5,Calibrated inverter output. System operating within normal parameters.,COMPLETED
DISP-10880,EQ-7117,C-1358,2023-04-05,Sarah Williams,Diagnostic,3.5,525.0,<html>Calibrated inverter output. System operating within normal parameters.</html>,COMPLETED
DISP-10881,EQ-6549,C-1146,2023-02-02T00:00:00Z,NULL,Warranty Replacement,7.3,1095.0,Performed standard preventive check. Updated firmware to v4.2.1.,In Progress
DISP-10882,EQ-7026,C-1302,2022/02/01,David Lee,Preventive Maintenance,6.8,510.0,Replaced burnt fuse block. Test run completed successfully.,In Progress
DISP-10883,EQ-7400,C-1375,2022-12-25,Maria Garcia,Diagnostic,3.7,351.5,Performed standard preventive check. Updated firmware to v4.2.1.,Pending
DISP-10884,EQ-6822,C-1210,2022-03-18,Patricia Davis,Warranty Replacement,11.4,1368.0,Replaced faulty thermal sensor and verified system bus voltage.,Pending
DISP-10885,EQ-5134,C-1063,12/12/2022,Mike Johnson,Warranty Replacement,9.3,697.5,Replaced burnt fuse block. Test run completed successfully.,COMPLETED
DISP-10886,EQ-5537,C-1090,2024/02/14,Patricia Davis,Emergency Repair,0.9,135.0,Performed standard preventive check. Updated firmware to v4.2.1.,COMPLETED
DISP-10887,EQ-6496,C-1217,2023-06-08,James Wilson,Corrective Maintenance,1.5,225.0,Replaced burnt fuse block. Test run completed successfully.,In Progress
DISP-10888,EQ-5405,C-1292,2023-09-19,James Wilson,Diagnostic,1.7,161.5,Emergency dispatch for over-temperature alarm. Cleaned heat exchanger.,Completed
DISP-10889,EQ-7411,C-1151,2024-05-03,Michael Brown,Installation,1.9,142.5,Emergency dispatch for over-temperature alarm. Cleaned heat exchanger.,Completed
DISP-10890,EQ-5248,C-1405,2023-06-30,  Jennifer Chen  ,Diagnostic,7.3,1095.0,Emergency dispatch for over-temperature alarm. Cleaned heat exchanger.,In Progress
DISP-10891,EQ-6737,C-1379,2023-04-21,Carlos Sanchez,Corrective Maintenance,5.1,765.0,Performed standard preventive check. Updated firmware to v4.2.1.,Pending
DISP-10892,EQ-5452,C-1240,2024-07-13T00:00:00Z,David Lee,Installation,9.4,1410.0,Emergency dispatch for over-temperature alarm. Cleaned heat exchanger.,Completed
DISP-10893,EQ-6813,C-1227,2021-09-02T00:00:00Z,Lisa Rodriguez  ,Preventive Maintenance,9.9,1188.0,Replaced faulty thermal sensor and verified system bus voltage.,Cancelled
DISP-10894,EQ-6845,C-1168,04-12-2024,Robert Martinez,Diagnostic,10.3,1236.0,Replaced faulty thermal sensor and verified system bus voltage.,completed
DISP-10895,EQ-7458,C-1275,2023/04/03,Maria Garcia,Software Update,7.2,540.0,Replaced faulty thermal sensor and verified system bus voltage.,In Progress
DISP-10896,EQ-5349,C-1381,2021-06-15,Mike Johnson,Diagnostic,4.7,352.5,Replaced faulty thermal sensor and verified system bus voltage.,COMPLETED
DISP-10897,EQ-5017,C-1137,2022-01-04T00:00:00Z,Carlos Sanchez,Emergency Repair,6.9,828.0,Calibrated inverter output. System operating within normal parameters.,Cancelled
DISP-10898,EQ-6536,C-1128,2024-05-05T00:00:00Z,Amanda Thompson,Corrective Maintenance,9.3,697.5,Emergency dispatch for over-temperature alarm. Cleaned heat exchanger.,Pending
DISP-10899,EQ-6954,C-1442,2021-09-23,Lisa Rodriguez,Diagnostic,10.3,1236.0,Replaced burnt fuse block. Test run completed successfully.,COMPLETED
DISP-10900,EQ-6035,C-1188,04/09/2022,Mike Johnson,Emergency Repair,1.4,105.0,Calibrated inverter output. System operating within normal parameters.,In Progress
DISP-10901,EQ-7339,C-1245,10/18/2021,Maria Garcia,Preventive Maintenance,1.1,165.0,Emergency dispatch for over-temperature alarm. Cleaned heat exchanger.,Pending
DISP-10902,EQ-5452,C-1240,2022-08-16,Lisa Rodriguez,Warranty Replacement,8.9,667.5,Calibrated inverter output. System operating within normal parameters.,Pending
DISP-10903,EQ-7172,C-1356,2023/10/02,Lisa Rodriguez,Software Update,4.9,588.0,Replaced burnt fuse block. Test run completed successfully.,completed
DISP-10904,EQ-7434,C-1389,11-18-2021,Sarah Williams,Corrective Maintenance,6.2,465.0,Replaced faulty thermal sensor and verified system bus voltage.,Cancelled
DISP-10905,EQ-6975,C-1009,03-01-2024,Michael Brown,Warranty Replacement,9.7,1455.0,<html><body>Calibrated inverter output. System operating within normal parameters.</body></html>,COMPLETED
DISP-10906,EQ-6527,C-1323,2022-06-20,Lisa Rodriguez,Installation,9.7,1164.0,Emergency dispatch for over-temperature alarm. Cleaned heat exchanger.,Pending
DISP-10907,EQ-5248,C-1405,2021-06-21,   ,Corrective Maintenance,2.2,330.0,Performed standard preventive check. Updated firmware to v4.2.1.,COMPLETED
DISP-10908,EQ-6488,C-1216,2024-08-01T00:00:00Z,Jennifer Chen,Preventive Maintenance,3.7,277.5,Replaced burnt fuse block. Test run completed successfully.,completed
DISP-10909,EQ-5180,C-1359,2022-01-04T00:00:00Z,David Lee,Preventive Maintenance,5.5,412.5,Calibrated inverter output. System operating within normal parameters.,Pending
DISP-10910,EQ-7020,C-1350,2023-03-28T00:00:00Z,Maria Garcia,Preventive Maintenance,11.0,825.0,Performed standard preventive check. Updated firmware to v4.2.1.,Pending
DISP-10911,EQ-6421,C-1359,2022/07/01,James Wilson  ,Software Update,6.6,627.0,Replaced burnt fuse block. Test run completed successfully.,In Progress
DISP-10912,EQ-5712,C-1207,2023/12/20,Patricia Davis,Software Update,7.4,888.0,Performed standard preventive check. Updated firmware to v4.2.1.,Cancelled
DISP-10913,EQ-5253,C-1146,01/03/2024,James Wilson,Warranty Replacement,8.2,$984.00,Calibrated inverter output. System operating within normal parameters.,completed
DISP-10914,EQ-5440,C-1343,2024-01-24T00:00:00Z,Lisa Rodriguez,Diagnostic,5.4,648.0,Emergency dispatch for over-temperature alarm. Cleaned heat exchanger.,Completed
DISP-10915,EQ-6311,C-1386,2024-05-27T00:00:00Z,Michael Brown  ,Installation,5.6,672.0,<p>Replaced faulty thermal sensor and verified system bus voltage.</p>,COMPLETED
DISP-10916,EQ-6400,C-1428,02/02/2023,Robert Martinez,Preventive Maintenance,3.7,444.0,Performed standard preventive check. Updated firmware to v4.2.1.,In Progress
DISP-10917,EQ-6546,C-1472,05/29/2022,David Lee,Software Update,8.4,798.0,Replaced burnt fuse block. Test run completed successfully.,COMPLETED
DISP-10918,EQ-5386,C-1049,08/12/2024,Mike Johnson,Corrective Maintenance,9.4,1128.0,<html><body>Emergency dispatch for over-temperature alarm. Cleaned heat exchanger.</body></html>,completed
DISP-10919,EQ-6434,C-1143,2023/03/22,   ,Warranty Replacement,5.3,795.0,<html><body>Performed standard preventive check. Updated firmware to v4.2.1.</body></html>,Completed
DISP-10920,EQ-5405,C-1292,12/24/2022,Carlos Sanchez,Software Update,5.9,708.0,Replaced faulty thermal sensor and verified system bus voltage.,COMPLETED
DISP-10921,EQ-6127,C-1320,2022/02/28,Sarah Williams,Preventive Maintenance,8.9,667.5,Replaced faulty thermal sensor and verified system bus voltage.,completed
DISP-10922,EQ-7103,C-1209,07/20/2021,  Mike Johnson  ,Installation,3.7,444.0,Replaced burnt fuse block. Test run completed successfully.,Cancelled
DISP-10923,EQ-5405,C-1292,2022-04-13T00:00:00Z,Robert Martinez,Preventive Maintenance,5.7,541.5,Emergency dispatch for over-temperature alarm. Cleaned heat exchanger.,COMPLETED
DISP-10924,EQ-6179,C-1413,02/05/2024,Patricia Davis,Software Update,0.8,120.0,Performed standard preventive check. Updated firmware to v4.2.1.,COMPLETED
DISP-10925,EQ-5722,C-1138,01-10-2024,Amanda Thompson,Diagnostic,6.0,720.0,<p>Replaced burnt fuse block. Test run completed successfully.</p>,In Progress
DISP-10926,EQ-6141,C-1287,2023/10/06,Michael Brown,Warranty Replacement,11.7,877.5,Replaced burnt fuse block. Test run completed successfully.,completed
DISP-10927,EQ-5298,C-1144,11-17-2023,James Wilson  ,Diagnostic,3.9,292.5,Emergency dispatch for over-temperature alarm. Cleaned heat exchanger.,COMPLETED
DISP-10928,EQ-5106,C-1465,2024-07-20,Lisa   Rodriguez,Preventive Maintenance,2.2,330.0,Performed standard preventive check. Updated firmware to v4.2.1.,completed
DISP-10929,EQ-6312,C-1422,10/18/2021,David Lee,Diagnostic,6.0,900.0,<b>Replaced burnt fuse block. Test run completed successfully.</b>,Pending
DISP-10930,EQ-5461,C-1242,2024-06-04,Amanda Thompson,Installation,12.0,1140.0,Emergency dispatch for over-temperature alarm. Cleaned heat exchanger.,Pending
DISP-10931,EQ-6850,C-1262,11/15/2023,  Michael Brown  ,Emergency Repair,8.9,845.5,Calibrated inverter output. System operating within normal parameters.,Cancelled
DISP-10932,EQ-5874,C-1208,2021-10-21,Carlos Sanchez,Corrective Maintenance,5.2,390.0,<b>Replaced burnt fuse block. Test run completed successfully.</b>,completed
DISP-10933,EQ-5395,C-1500,05/03/2024,Robert Martinez,Emergency Repair,7.9,1185.0,Emergency dispatch for over-temperature alarm. Cleaned heat exchanger.,Cancelled
DISP-10934,EQ-7346,C-1158,2023-11-12T00:00:00Z,   ,Installation,9.6,USD 1440.00,Emergency dispatch for over-temperature alarm. Cleaned heat exchanger.,COMPLETED
DISP-10935,EQ-6428,C-1012,06/12/2022,Carlos Sanchez,Diagnostic,2.0,300.0,Calibrated inverter output. System operating within normal parameters.,completed
DISP-10936,EQ-6780,C-1301,12/14/2023,Jennifer Chen  ,Diagnostic,6.7,$636.50,Performed standard preventive check. Updated firmware to v4.2.1.,Pending
DISP-10937,EQ-5241,C-1168,12-22-2022,Maria Garcia,Warranty Replacement,8.8,1056.0,Calibrated inverter output. System operating within normal parameters.,completed
DISP-10938,EQ-5828,C-1444,07/22/2024,Robert Martinez,Corrective Maintenance,1.3,123.5,Replaced faulty thermal sensor and verified system bus voltage.,In Progress
DISP-10939,EQ-6801,C-1418,04/25/2024,Jennifer   Chen,Diagnostic,7.9,948.0,Emergency dispatch for over-temperature alarm. Cleaned heat exchanger.,Pending
DISP-10940,EQ-6622,C-1466,2022/03/18,Amanda Thompson,Preventive Maintenance,2.7,202.5,Calibrated inverter output. System operating within normal parameters.,completed
DISP-10941,EQ-5930,C-1505,07/30/2021,Maria Garcia,Preventive Maintenance,11.2,840.0,Replaced burnt fuse block. Test run completed successfully.,In Progress
DISP-10942,EQ-5915,C-1119,09-09-2023,Patricia Davis,Diagnostic,6.6,990.0,Calibrated inverter output. System operating within normal parameters.,completed
DISP-10943,EQ-5557,C-1504,12/26/2022,Robert Martinez,Emergency Repair,7.2,684.0,Emergency dispatch for over-temperature alarm. Cleaned heat exchanger.,COMPLETED
DISP-10944,EQ-7036,C-1300,2022-03-11,Mike Johnson,Corrective Maintenance,1.4,105.0,<p>Emergency dispatch for over-temperature alarm. Cleaned heat exchanger.</p>,completed
DISP-10945,EQ-5029,C-1360,2023-04-11T00:00:00Z,   Robert Martinez,Corrective Maintenance,0.5,75.0,Calibrated inverter output. System operating within normal parameters.,Completed
DISP-10946,EQ-5086,C-1442,01-31-2024,Jennifer Chen,Diagnostic,5.8,696.0,Replaced burnt fuse block. Test run completed successfully.,Pending
DISP-10947,EQ-6219,C-1289,10/05/2021,Jennifer Chen,Corrective Maintenance,3.2,384.0,Performed standard preventive check. Updated firmware to v4.2.1.,Pending
DISP-10948,EQ-5617,C-1185,2023/05/04,James Wilson,Corrective Maintenance,5.4,648.0,Emergency dispatch for over-temperature alarm. Cleaned heat exchanger.,In Progress
DISP-10949,EQ-5570,C-1476,04/02/2022,   Lisa Rodriguez,Diagnostic,6.3,598.5,Performed standard preventive check. Updated firmware to v4.2.1.,Cancelled
DISP-10950,EQ-5804,C-1297,01/14/2024,Mike Johnson,Emergency Repair,10.9,1635.0,Emergency dispatch for over-temperature alarm. Cleaned heat exchanger.,Cancelled
DISP-10951,EQ-6704,C-1371,2022-11-02,   Patricia Davis,Installation,9.0,1350.0,Emergency dispatch for over-temperature alarm. Cleaned heat exchanger.,Pending
DISP-10952,EQ-7081,C-1226,2024-02-22T00:00:00Z,Jennifer Chen,Preventive Maintenance,2.0,190.0,Calibrated inverter output. System operating within normal parameters.,completed
DISP-10953,EQ-6359,C-1468,05-18-2024,David Lee,Diagnostic,8.7,652.5,Replaced faulty thermal sensor and verified system bus voltage.,COMPLETED
DISP-10954,EQ-6332,C-1506,06/19/2022,Patricia Davis,Installation,0.9,85.5,Replaced faulty thermal sensor and verified system bus voltage.,In Progress
DISP-10955,EQ-5783,C-1119,11/16/2023,Robert Martinez,Installation,10.2,765.0,Replaced burnt fuse block. Test run completed successfully.,Pending
DISP-10956,EQ-7212,C-1035,2023/07/16,Michael Brown,Warranty Replacement,7.2,540.0,Replaced faulty thermal sensor and verified system bus voltage.,In Progress
DISP-10957,EQ-6615,C-1405,2023-05-09T00:00:00Z,Carlos Sanchez,Corrective Maintenance,4.3,322.5,Replaced faulty thermal sensor and verified system bus voltage.,Completed
DISP-10958,EQ-7406,C-1481,06/02/2022,Robert Martinez,Preventive Maintenance,2.0,190.0,<html>Performed standard preventive check. Updated firmware to v4.2.1.</html>,In Progress
DISP-10959,EQ-6866,C-1267,2023-10-18T00:00:00Z,Carlos Sanchez,Preventive Maintenance,1.8,135.0,Calibrated inverter output. System operating within normal parameters.,Pending
DISP-10960,EQ-6140,C-1042,2021/12/22,Sarah Williams,Software Update,1.0,150.0,Replaced faulty thermal sensor and verified system bus voltage.,Cancelled
DISP-10961,EQ-5679,C-1090,08/19/2021,Robert Martinez,Software Update,2.8,USD 420.00,<strong>Replaced faulty thermal sensor and verified system bus voltage.</strong>,COMPLETED
DISP-10962,EQ-6508,C-1094,10-03-2021,Patricia Davis,Emergency Repair,2.3,276.0,Replaced burnt fuse block. Test run completed successfully.,In Progress
DISP-10963,EQ-5716,C-1178,06/04/2024,Carlos Sanchez,Software Update,9.4,1128.0,<b>Replaced faulty thermal sensor and verified system bus voltage.</b>,completed
DISP-10964,EQ-5425,C-1268,08/08/2022,Amanda Thompson,Diagnostic,6.4,960.0,Replaced faulty thermal sensor and verified system bus voltage.,Pending
DISP-10965,EQ-7439,C-1386,08/31/2022,Jennifer Chen,Software Update,9.4,893.0,<p>Performed standard preventive check. Updated firmware to v4.2.1.</p>,COMPLETED
DISP-10966,EQ-7449,C-1343,09-08-2023,Lisa Rodriguez,Software Update,5.3,$795.00,Replaced faulty thermal sensor and verified system bus voltage.,Completed
DISP-10967,EQ-5283,C-1425,2022-12-02T00:00:00Z,   Amanda Thompson,Warranty Replacement,7.7,731.5,Emergency dispatch for over-temperature alarm. Cleaned heat exchanger.,Cancelled
DISP-10968,EQ-5202,C-1412,2022-09-05,Sarah Williams,Diagnostic,4.5,540.0,Replaced faulty thermal sensor and verified system bus voltage.,Cancelled
DISP-10969,EQ-5080,C-1453,08/09/2022,Sarah Williams,Warranty Replacement,3.1,294.5,Replaced burnt fuse block. Test run completed successfully.,Completed
DISP-10970,EQ-5041,C-1047,2021-07-04T00:00:00Z,Sarah Williams,Emergency Repair,6.7,636.5,Calibrated inverter output. System operating within normal parameters.,Completed
DISP-10971,EQ-7313,C-1377,2023-03-24,Amanda   Thompson,Preventive Maintenance,10.4,1560.0,Replaced burnt fuse block. Test run completed successfully.,Cancelled
DISP-10972,EQ-6323,C-1456,02/22/2024,Sarah Williams,Corrective Maintenance,3.2,240.0,Replaced burnt fuse block. Test run completed successfully.,COMPLETED
DISP-10973,EQ-6671,C-1348,2021-06-01T00:00:00Z,Carlos Sanchez,Emergency Repair,1.8,270.0,Replaced burnt fuse block. Test run completed successfully.,Completed
DISP-10974,EQ-6462,C-1463,2022/06/18,James Wilson,Warranty Replacement,1.5,112.5,Calibrated inverter output. System operating within normal parameters.,In Progress
DISP-10975,EQ-6722,C-1506,03/21/2023,Jennifer Chen,Corrective Maintenance,2.8,336.0,<html><body>Performed standard preventive check. Updated firmware to v4.2.1.</body></html>,In Progress
DISP-10976,EQ-6730,C-1177,03-17-2023,Michael Brown,Software Update,3.0,360.0,<html>Emergency dispatch for over-temperature alarm. Cleaned heat exchanger.</html>,Pending
DISP-10977,EQ-6375,C-1343,04/10/2022,Lisa Rodriguez,Installation,9.4,USD 705.00,Emergency dispatch for over-temperature alarm. Cleaned heat exchanger.,Completed
DISP-10978,EQ-5831,C-1403,11-03-2022,Patricia Davis,Diagnostic,8.8,660.0,Calibrated inverter output. System operating within normal parameters.,COMPLETED
DISP-10979,EQ-5243,C-1373,2022-06-17,Amanda Thompson,Emergency Repair,11.3,1695.0,Performed standard preventive check. Updated firmware to v4.2.1.,completed
DISP-10980,EQ-6044,C-1099,2021-11-09,James Wilson,Preventive Maintenance,5.9,885.0,<div>Replaced faulty thermal sensor and verified system bus voltage.</div>,Completed
DISP-10981,EQ-5885,C-1244,2021-10-14T00:00:00Z,Amanda Thompson,Diagnostic,9.2,1104.0,<b>Emergency dispatch for over-temperature alarm. Cleaned heat exchanger.</b>,Completed
DISP-10982,EQ-6952,C-1492,2021-12-02T00:00:00Z,   Jennifer Chen,Corrective Maintenance,10.1,959.5,Calibrated inverter output. System operating within normal parameters.,In Progress
DISP-10983,EQ-5088,C-1182,04/28/2022,Sarah Williams,Diagnostic,6.9,517.5,Replaced burnt fuse block. Test run completed successfully.,Pending
DISP-10984,EQ-5796,C-1362,03-23-2023,Carlos Sanchez,Preventive Maintenance,11.1,1332.0,Emergency dispatch for over-temperature alarm. Cleaned heat exchanger.,Completed
DISP-10985,EQ-6291,C-1069,04-04-2023,Maria Garcia,Installation,6.1,457.5,Emergency dispatch for over-temperature alarm. Cleaned heat exchanger.,Completed
DISP-10986,EQ-6110,C-1099,2021/07/01,James   Wilson,Installation,11.3,1073.5,Replaced burnt fuse block. Test run completed successfully.,completed
DISP-10987,EQ-6945,C-1203,10/23/2021,Robert Martinez,Software Update,8.4,630.0,Emergency dispatch for over-temperature alarm. Cleaned heat exchanger.,In Progress
DISP-10988,EQ-7004,C-1116,2023-10-18T00:00:00Z,Patricia Davis,Installation,5.7,684.0,Replaced burnt fuse block. Test run completed successfully.,completed
DISP-10989,EQ-6522,C-1198,03/01/2024,Carlos Sanchez,Software Update,8.2,615,Calibrated inverter output. System operating within normal parameters.,Completed
DISP-10990,EQ-6730,C-1177,2022/09/25,Jennifer Chen,Warranty Replacement,5.9,708.0,Performed standard preventive check. Updated firmware to v4.2.1.,Pending
DISP-10991,EQ-5406,C-1022,06/20/2024,,Diagnostic,0.5,60.0,Replaced burnt fuse block. Test run completed successfully.,COMPLETED
DISP-10992,EQ-7254,C-1415,05/09/2022,Michael Brown,Warranty Replacement,0.7,66.5,Performed standard preventive check. Updated firmware to v4.2.1.,In Progress
DISP-10993,EQ-5042,C-1362,2022-08-21,Mike Johnson,Warranty Replacement,3.0,225.0,Emergency dispatch for over-temperature alarm. Cleaned heat exchanger.,Cancelled
DISP-10994,EQ-6007,C-1079,2022-06-21T00:00:00Z,Michael   Brown,Emergency Repair,4.5,540.0,Calibrated inverter output. System operating within normal parameters.,completed
DISP-10995,EQ-99994,C-99559,2023-01-06T00:00:00Z,James Wilson,Emergency Repair,1.9,285.0,Performed standard preventive check. Updated firmware to v4.2.1.,completed
DISP-10996,EQ-7319,C-1393,2023/10/14,Lisa Rodriguez,Installation,8.8,660.0,Calibrated inverter output. System operating within normal parameters.,Completed
DISP-10997,EQ-6356,C-1504,06-01-2022,David Lee,Preventive Maintenance,4.9,$735.00,Performed standard preventive check. Updated firmware to v4.2.1.,Completed
DISP-10998,EQ-5681,C-1079,2021-11-04T00:00:00Z,James Wilson,Software Update,1.8,216.0,Emergency dispatch for over-temperature alarm. Cleaned heat exchanger.,In Progress
DISP-10999,EQ-7203,C-1473,2024/07/02,   Michael Brown,Preventive Maintenance,1.4,105.0,Emergency dispatch for over-temperature alarm. Cleaned heat exchanger.,Cancelled
DISP-11000,EQ-6297,C-1323,01-27-2024,Jennifer Chen,Diagnostic,11.7,1404.0,Calibrated inverter output. System operating within normal parameters.,Pending
DISP-11001,EQ-7079,C-1081,07/28/2022,Lisa Rodriguez,Diagnostic,5.3,636.0,Replaced faulty thermal sensor and verified system bus voltage.,completed
DISP-11002,EQ-7499,C-1338,04-15-2024,Carlos Sanchez,Emergency Repair,5.1,USD 382.50,Calibrated inverter output. System operating within normal parameters.,COMPLETED
DISP-11003,EQ-99089,C-99580,09/25/2023,Lisa Rodriguez,Corrective Maintenance,5.8,870.0,Emergency dispatch for over-temperature alarm. Cleaned heat exchanger.,Pending
DISP-11004,EQ-6922,C-1379,2022-11-25T00:00:00Z,  Sarah Williams  ,Diagnostic,2.2,264.0,Replaced burnt fuse block. Test run completed successfully.,completed
DISP-11005,EQ-6503,C-1154,07/08/2022,Lisa Rodriguez,Emergency Repair,10.1,1212,Performed standard preventive check. Updated firmware to v4.2.1.,In Progress
DISP-11006,EQ-5535,C-1159,03/24/2022,Amanda Thompson,Preventive Maintenance,3.9,292.5,Replaced burnt fuse block. Test run completed successfully.,completed
DISP-11007,EQ-6047,C-1156,07/23/2024,Sarah Williams,Warranty Replacement,7.9,948.0,Replaced faulty thermal sensor and verified system bus voltage.,Pending
DISP-11008,EQ-6194,C-1138,02/16/2022,Lisa Rodriguez,Warranty Replacement,2.0,300.0,Replaced faulty thermal sensor and verified system bus voltage.,Completed
DISP-11009,EQ-7225,C-1417,03/14/2022,James Wilson,Installation,9.4,705.0,Replaced burnt fuse block. Test run completed successfully.,COMPLETED
DISP-11010,EQ-5453,C-1003,05/15/2022,David Lee,Diagnostic,6.2,465.0,Replaced burnt fuse block. Test run completed successfully.,Completed
DISP-11011,EQ-6468,C-1156,2024-01-24,Robert Martinez,Warranty Replacement,10.5,997.5,Calibrated inverter output. System operating within normal parameters.,In Progress
DISP-11012,EQ-5600,C-1100,05/23/2023,,Corrective Maintenance,6.7,1005.0,Calibrated inverter output. System operating within normal parameters.,completed
DISP-11013,EQ-6802,C-1057,11/02/2022,Sarah Williams,Diagnostic,8.1,607.5,Replaced burnt fuse block. Test run completed successfully.,In Progress
DISP-11014,EQ-6496,C-1217,2023-01-16T00:00:00Z,David Lee,Software Update,9.8,735.0,Replaced burnt fuse block. Test run completed successfully.,COMPLETED
DISP-11015,EQ-6068,C-1314,2022/09/16,Robert Martinez,Emergency Repair,10.9,1035.5,Replaced burnt fuse block. Test run completed successfully.,COMPLETED
DISP-11016,EQ-6053,C-1245,04-21-2022,Lisa Rodriguez,Diagnostic,4.4,418.0,Replaced burnt fuse block. Test run completed successfully.,In Progress
DISP-11017,EQ-7111,C-1098,11/24/2023,Carlos Sanchez,Diagnostic,3.6,270.0,Emergency dispatch for over-temperature alarm. Cleaned heat exchanger.,completed
DISP-11018,EQ-5470,C-1343,05/28/2022,Maria Garcia,Corrective Maintenance,3.6,432.0,Performed standard preventive check. Updated firmware to v4.2.1.,completed
DISP-11019,EQ-7202,C-1295,07/01/2024,Michael Brown,Emergency Repair,6.1,732.0,Emergency dispatch for over-temperature alarm. Cleaned heat exchanger.,Completed
DISP-11020,EQ-6467,C-1392,2021-06-02,Sarah Williams,Emergency Repair,2.5,187.5,Replaced burnt fuse block. Test run completed successfully.,Pending
DISP-11021,EQ-6466,C-1236,04/26/2024,David Lee,Warranty Replacement,5.4,648.0,Emergency dispatch for over-temperature alarm. Cleaned heat exchanger.,Cancelled
DISP-11022,EQ-5269,C-1211,07/21/2024,Mike Johnson,Warranty Replacement,8.8,660.0,Emergency dispatch for over-temperature alarm. Cleaned heat exchanger.,COMPLETED
DISP-11023,EQ-6066,C-1262,06-09-2021,Michael Brown,Emergency Repair,3.6,342.0,<strong>Calibrated inverter output. System operating within normal parameters.</strong>,Cancelled
DISP-11024,EQ-7333,C-1356,2022/02/23,Maria Garcia,Installation,0.6,$72.00,Performed standard preventive check. Updated firmware to v4.2.1.,COMPLETED
DISP-11025,EQ-5382,C-1497,08/15/2024,NULL,Installation,6.5,780.0,Calibrated inverter output. System operating within normal parameters.,COMPLETED
DISP-11026,EQ-7019,C-1017,2021/06/10,  Michael Brown  ,Software Update,0.9,85.5,Emergency dispatch for over-temperature alarm. Cleaned heat exchanger.,Completed
DISP-11027,EQ-6152,C-1474,2023-07-21,Mike Johnson,Warranty Replacement,12.0,1440.0,Performed standard preventive check. Updated firmware to v4.2.1.,Cancelled
DISP-11028,EQ-6614,C-1268,04-10-2024,Carlos Sanchez,Software Update,0.7,105.0,Calibrated inverter output. System operating within normal parameters.,In Progress
DISP-11029,EQ-6335,C-1133,10-06-2021,Jennifer Chen,Software Update,11.1,1665.0,Performed standard preventive check. Updated firmware to v4.2.1.,Cancelled
DISP-11030,EQ-7094,C-1043,03/10/2023,Maria Garcia,Warranty Replacement,3.7,351.5,Performed standard preventive check. Updated firmware to v4.2.1.,Cancelled
DISP-11031,EQ-7395,C-1012,03-01-2024,Sarah Williams,Diagnostic,11.3,1073.5,Emergency dispatch for over-temperature alarm. Cleaned heat exchanger.,Cancelled
DISP-11032,EQ-7222,C-1195,2021-11-15,Maria Garcia,Diagnostic,10.5,1575,Replaced faulty thermal sensor and verified system bus voltage.,In Progress
DISP-11033,EQ-5834,C-1467,08/23/2022,Carlos Sanchez,Installation,4.5,427.5,Replaced burnt fuse block. Test run completed successfully.,COMPLETED
DISP-11034,EQ-5965,C-1208,05/27/2024,Patricia Davis,Warranty Replacement,5.5,522.5,Replaced faulty thermal sensor and verified system bus voltage.,Cancelled
DISP-11035,EQ-6882,C-1144,2023-05-04T00:00:00Z,David Lee,Corrective Maintenance,12.0,900.0,Emergency dispatch for over-temperature alarm. Cleaned heat exchanger.,In Progress
DISP-11036,EQ-6360,C-1456,2022/03/30,Patricia Davis,Emergency Repair,8.2,984.0,Performed standard preventive check. Updated firmware to v4.2.1.,COMPLETED
DISP-11037,EQ-5270,C-1236,2022-08-21,Amanda Thompson,Diagnostic,9.3,697.5,<div>Emergency dispatch for over-temperature alarm. Cleaned heat exchanger.</div>,In Progress
DISP-11038,EQ-5704,C-1491,06-07-2022,   David Lee,Installation,2.3,276.0,Emergency dispatch for over-temperature alarm. Cleaned heat exchanger.,Cancelled
DISP-11039,EQ-6190,C-1293,03/30/2023,Sarah Williams,Software Update,4.5,427.5,Emergency dispatch for over-temperature alarm. Cleaned heat exchanger.,Completed
DISP-11040,EQ-7405,C-1253,2022-07-25,Mike Johnson,Diagnostic,1.1,82.5,Replaced faulty thermal sensor and verified system bus voltage.,Completed
DISP-11041,EQ-6017,C-1059,2022-08-17,Jennifer Chen,Corrective Maintenance,5.9,560.5,Replaced burnt fuse block. Test run completed successfully.,completed
DISP-11042,EQ-6728,C-1178,2021-06-06,Lisa Rodriguez,Warranty Replacement,7.0,1050.0,Emergency dispatch for over-temperature alarm. Cleaned heat exchanger.,Completed
DISP-11043,EQ-6969,C-1074,2023/06/27,Sarah Williams,Preventive Maintenance,11.9,1130.5,Replaced faulty thermal sensor and verified system bus voltage.,In Progress
DISP-11044,EQ-5447,C-1151,2024-05-27T00:00:00Z,Jennifer Chen,Warranty Replacement,6.5,975.0,Calibrated inverter output. System operating within normal parameters.,completed
DISP-11045,EQ-7318,C-1327,09/19/2023,James Wilson,Warranty Replacement,1.9,285.0,<html>Emergency dispatch for over-temperature alarm. Cleaned heat exchanger.</html>,Pending
DISP-11046,EQ-6739,C-1343,08/21/2022,Mike Johnson,Software Update,6.5,975.0,Performed standard preventive check. Updated firmware to v4.2.1.,COMPLETED
DISP-11047,EQ-6343,C-1241,2022/01/25,Robert Martinez,Emergency Repair,5.3,636.0,Emergency dispatch for over-temperature alarm. Cleaned heat exchanger.,Completed
DISP-11048,EQ-5548,C-1001,2023/11/08,Patricia Davis,Installation,1.2,114.0,<p>Calibrated inverter output. System operating within normal parameters.</p>,In Progress
DISP-11049,EQ-5945,C-1247,2024-06-21T00:00:00Z,David Lee,Installation,7.0,840,Replaced faulty thermal sensor and verified system bus voltage.,completed
DISP-11050,EQ-5486,C-1362,07/28/2021,Patricia Davis,Warranty Replacement,4.3,516.0,Emergency dispatch for over-temperature alarm. Cleaned heat exchanger.,Pending
DISP-11051,EQ-5851,C-1130,2022/10/18,James Wilson,Installation,9.9,940.5,Replaced faulty thermal sensor and verified system bus voltage.,Pending
DISP-11052,EQ-6674,C-1019,2023-01-31,Robert Martinez,Preventive Maintenance,3.3,396.0,Emergency dispatch for over-temperature alarm. Cleaned heat exchanger.,Pending
DISP-11053,EQ-5758,C-1099,12/21/2022,Lisa Rodriguez,Installation,5.9,560.5,Calibrated inverter output. System operating within normal parameters.,Completed
DISP-11054,EQ-5265,C-1461,03/12/2022,Robert Martinez,Software Update,9.4,1410.0,<div>Emergency dispatch for over-temperature alarm. Cleaned heat exchanger.</div>,Cancelled
DISP-11055,EQ-6775,C-1027,05/22/2022,Carlos Sanchez,Diagnostic,1.3,123.5,Replaced burnt fuse block. Test run completed successfully.,Completed
DISP-11056,EQ-5763,C-1263,11/16/2021,Michael Brown,Installation,3.0,285.0,Replaced faulty thermal sensor and verified system bus voltage.,Completed
DISP-11057,EQ-5315,C-1349,01-21-2024,Patricia Davis,Diagnostic,5.7,684.0,Replaced faulty thermal sensor and verified system bus voltage.,Completed
DISP-11058,EQ-7341,C-1132,2024/07/12,Amanda Thompson,Diagnostic,1.7,204.0,Performed standard preventive check. Updated firmware to v4.2.1.,COMPLETED
DISP-11059,EQ-6676,C-1478,2023-09-28T00:00:00Z,David Lee,Diagnostic,5.9,442.5,Performed standard preventive check. Updated firmware to v4.2.1.,Cancelled
DISP-11060,EQ-7190,C-1273,07-05-2024,Patricia Davis,Installation,5.9,442.5,Replaced faulty thermal sensor and verified system bus voltage.,Cancelled
DISP-11061,EQ-5238,C-1189,2023-06-24T00:00:00Z,Sarah Williams,Corrective Maintenance,6.8,646.0,Replaced faulty thermal sensor and verified system bus voltage.,Pending
DISP-11062,EQ-7460,C-1161,2023/06/19,Amanda Thompson,Software Update,11.2,1680.0,Performed standard preventive check. Updated firmware to v4.2.1.,Pending
DISP-11063,EQ-5678,C-1471,2023/02/15,Lisa Rodriguez,Emergency Repair,8.5,637.5,Replaced burnt fuse block. Test run completed successfully.,completed
DISP-11064,EQ-5206,C-1238,2021/06/12,Mike Johnson,Corrective Maintenance,11.7,1111.5,Replaced burnt fuse block. Test run completed successfully.,Completed
DISP-11065,EQ-5087,C-1097,05-30-2023,Sarah Williams  ,Installation,7.6,722.0,Replaced faulty thermal sensor and verified system bus voltage.,Completed
DISP-11066,EQ-7295,C-1383,2022-08-09,Patricia Davis,Preventive Maintenance,5.9,708.0,Replaced faulty thermal sensor and verified system bus voltage.,Cancelled
DISP-11067,EQ-6440,C-1047,08/22/2021,Sarah Williams,Preventive Maintenance,1.8,216.0,Replaced faulty thermal sensor and verified system bus voltage.,completed
DISP-11068,EQ-5912,C-1271,2024/05/31,Carlos Sanchez,Emergency Repair,0.7,84.0,Performed standard preventive check. Updated firmware to v4.2.1.,COMPLETED
DISP-11069,EQ-6426,C-1156,2021/06/17,Robert Martinez,Diagnostic,2.6,312.0,Emergency dispatch for over-temperature alarm. Cleaned heat exchanger.,Completed
DISP-11070,EQ-5714,C-1018,2024-01-04T00:00:00Z,Amanda   Thompson,Installation,4.1,492.0,<html><body>Performed standard preventive check. Updated firmware to v4.2.1.</body></html>,In Progress
DISP-11071,EQ-6978,C-1465,09/28/2022,David Lee,Software Update,8.6,645.0,Replaced burnt fuse block. Test run completed successfully.,Completed
DISP-11072,EQ-7380,C-1237,07-17-2024,Robert Martinez,Corrective Maintenance,7.9,948.0,Emergency dispatch for over-temperature alarm. Cleaned heat exchanger.,completed
DISP-11073,EQ-5789,C-1053,05/29/2023,Michael Brown,Software Update,9.6,1152.0,Calibrated inverter output. System operating within normal parameters.,Completed
DISP-11074,EQ-6905,C-1096,12-08-2021,David Lee,Corrective Maintenance,1.1,82.5,Emergency dispatch for over-temperature alarm. Cleaned heat exchanger.,Completed
DISP-11075,EQ-6616,C-1374,01/23/2022,Robert Martinez,Corrective Maintenance,4.5,540.0,Performed standard preventive check. Updated firmware to v4.2.1.,completed
DISP-11076,EQ-6930,C-1324,2023-09-25,Amanda Thompson,Software Update,8.2,615.0,Replaced burnt fuse block. Test run completed successfully.,In Progress
DISP-11077,EQ-5983,C-1319,08/19/2023,Robert Martinez,Preventive Maintenance,4.5,427.5,Emergency dispatch for over-temperature alarm. Cleaned heat exchanger.,Completed
DISP-11078,EQ-7072,C-1083,07-30-2024,Sarah Williams,Warranty Replacement,2.9,$348.00,Emergency dispatch for over-temperature alarm. Cleaned heat exchanger.,In Progress
DISP-11079,EQ-7253,C-1348,2024/04/09,Sarah Williams,Diagnostic,1.5,225.0,Emergency dispatch for over-temperature alarm. Cleaned heat exchanger.,completed
DISP-11080,EQ-5660,C-1276,04-28-2022,Michael Brown,Software Update,2.5,237.5,Replaced faulty thermal sensor and verified system bus voltage.,completed
DISP-11081,EQ-6603,C-1426,2023-12-14T00:00:00Z,Lisa Rodriguez,Corrective Maintenance,1.3,156.0,Performed standard preventive check. Updated firmware to v4.2.1.,COMPLETED
DISP-11082,EQ-99671,C-99128,03/19/2022,Robert Martinez,Preventive Maintenance,11.7,1404.0,Performed standard preventive check. Updated firmware to v4.2.1.,Completed
DISP-11083,EQ-5046,C-1018,05/01/2024,  Maria Garcia  ,Emergency Repair,12.0,1140.0,Performed standard preventive check. Updated firmware to v4.2.1.,COMPLETED
DISP-11084,EQ-7287,C-1236,2023-11-16T00:00:00Z,Mike Johnson,Installation,9.9,1485.0,Performed standard preventive check. Updated firmware to v4.2.1.,Cancelled
DISP-11085,EQ-5921,C-1518,07-08-2021,Michael Brown,Preventive Maintenance,11.9,1785.0,Calibrated inverter output. System operating within normal parameters.,Cancelled
DISP-11086,EQ-5945,C-1247,07/08/2021,Patricia Davis,Preventive Maintenance,3.0,360.0,Replaced faulty thermal sensor and verified system bus voltage.,Completed
DISP-11087,EQ-5123,C-1235,08-06-2023,   Carlos Sanchez,Warranty Replacement,1.2,180.0,Replaced burnt fuse block. Test run completed successfully.,completed
DISP-11088,EQ-7010,C-1105,2022-11-16,Lisa Rodriguez,Installation,2.6,312.0,Performed standard preventive check. Updated firmware to v4.2.1.,COMPLETED
DISP-11089,EQ-5148,C-1161,2023-03-27T00:00:00Z,Lisa Rodriguez,Diagnostic,285.6,34272.0,<strong>Replaced faulty thermal sensor and verified system bus voltage.</strong>,completed
DISP-11090,EQ-7254,C-1415,2024-03-26T00:00:00Z,David Lee,Installation,2.8,266.0,Emergency dispatch for over-temperature alarm. Cleaned heat exchanger.,Cancelled
DISP-11091,EQ-5034,C-1073,06/30/2021,Sarah Williams,Preventive Maintenance,8.3,788.5,Calibrated inverter output. System operating within normal parameters.,completed
DISP-11092,EQ-5786,C-1182,12/29/2021,David Lee,Installation,1.6,152.0,Replaced faulty thermal sensor and verified system bus voltage.,Pending
DISP-11093,EQ-7316,C-1162,2023-05-17T00:00:00Z,Mike Johnson,Corrective Maintenance,3.9,292.5,Replaced burnt fuse block. Test run completed successfully.,In Progress
DISP-11094,EQ-5002,C-1285,11-18-2021,Mike Johnson,Diagnostic,7.2,864.0,Replaced faulty thermal sensor and verified system bus voltage.,Cancelled
DISP-11095,EQ-7261,C-1500,2024-05-06,David Lee,Emergency Repair,1.7,204.0,Replaced faulty thermal sensor and verified system bus voltage.,completed
DISP-11096,EQ-6256,C-1173,05/17/2023,Sarah Williams,Diagnostic,5.1,484.5,<b>Replaced faulty thermal sensor and verified system bus voltage.</b>,Cancelled
DISP-11097,EQ-5198,C-1209,2022-12-30T00:00:00Z,Michael Brown,Preventive Maintenance,6.0,900.0,Performed standard preventive check. Updated firmware to v4.2.1.,Completed
DISP-11098,EQ-6891,C-1197,12/22/2021,David Lee,Preventive Maintenance,8.0,760.0,Emergency dispatch for over-temperature alarm. Cleaned heat exchanger.,completed
DISP-11099,EQ-5279,C-1239,2022-12-22T00:00:00Z,Sarah Williams,Software Update,9.5,1140.0,Replaced burnt fuse block. Test run completed successfully.,Pending
DISP-11100,EQ-6724,C-1097,2022-09-28T00:00:00Z,Carlos Sanchez,Preventive Maintenance,8.6,645.0,Emergency dispatch for over-temperature alarm. Cleaned heat exchanger.,completed
DISP-11101,EQ-5556,C-1336,01/27/2022,Carlos Sanchez,Warranty Replacement,6.1,579.5,<b>Performed standard preventive check. Updated firmware to v4.2.1.</b>,completed
DISP-11102,EQ-6974,C-1028,2022-05-06,Michael Brown,Installation,6.5,487.5,<strong>Emergency dispatch for over-temperature alarm. Cleaned heat exchanger.</strong>,Cancelled
DISP-11103,EQ-7206,C-1335,2023-12-16,David Lee,Software Update,6.9,828.0,Emergency dispatch for over-temperature alarm. Cleaned heat exchanger.,Pending
DISP-11104,EQ-5892,C-1316,2021-09-24,,Emergency Repair,3.5,332.5,<strong>Replaced burnt fuse block. Test run completed successfully.</strong>,Cancelled
DISP-11105,EQ-6565,C-1071,12-06-2023,David Lee,Emergency Repair,8.5,807.5,Performed standard preventive check. Updated firmware to v4.2.1.,Cancelled
DISP-11106,EQ-7225,C-1417,03/15/2023,Michael Brown,Diagnostic,5.5,522.5,Replaced faulty thermal sensor and verified system bus voltage.,Pending
DISP-11107,EQ-7046,C-1137,01-24-2022,Patricia Davis,Warranty Replacement,11.7,1755.0,Performed standard preventive check. Updated firmware to v4.2.1.,COMPLETED
DISP-11108,EQ-7438,C-1137,09/04/2021,James Wilson,Corrective Maintenance,8.0,760.0,Calibrated inverter output. System operating within normal parameters.,Pending
DISP-11109,EQ-5854,C-1056,06-04-2021,Robert Martinez,Software Update,5.3,503.5,Emergency dispatch for over-temperature alarm. Cleaned heat exchanger.,Cancelled
DISP-11110,EQ-6139,C-1112,2023-12-25T00:00:00Z,Maria Garcia,Preventive Maintenance,5.7,427.5,<div>Replaced burnt fuse block. Test run completed successfully.</div>,Cancelled
DISP-11111,EQ-5271,C-1470,2022-02-20T00:00:00Z,Jennifer   Chen,Emergency Repair,0.6,$45.00,Emergency dispatch for over-temperature alarm. Cleaned heat exchanger.,Pending
DISP-11112,EQ-7437,C-1519,03/06/2023,Michael Brown,Diagnostic,7.5,712.5,Performed standard preventive check. Updated firmware to v4.2.1.,Completed
DISP-11113,EQ-5537,C-1090,06/03/2024,Jennifer Chen,Installation,2.5,237.5,<div>Replaced burnt fuse block. Test run completed successfully.</div>,COMPLETED
DISP-11114,EQ-7203,C-1473,2022-08-13T00:00:00Z,James Wilson,Warranty Replacement,8.2,984.0,Emergency dispatch for over-temperature alarm. Cleaned heat exchanger.,Cancelled
DISP-11115,EQ-7265,C-1254,2022-06-28T00:00:00Z,Robert Martinez,Corrective Maintenance,8.9,1335.0,<html><body>Replaced burnt fuse block. Test run completed successfully.</body></html>,Completed
DISP-11116,EQ-5396,C-1090,08-29-2023,Jennifer Chen,Corrective Maintenance,10.9,1035.5,Replaced burnt fuse block. Test run completed successfully.,Cancelled
DISP-11117,EQ-7207,C-1076,2023-06-02T00:00:00Z,David Lee,Diagnostic,2.3,172.5,Calibrated inverter output. System operating within normal parameters.,In Progress
DISP-11118,EQ-6236,C-1072,05-05-2022,Robert Martinez,Emergency Repair,8.4,1260.0,Performed standard preventive check. Updated firmware to v4.2.1.,Pending
DISP-11119,EQ-5191,C-1494,2022-12-03T00:00:00Z,Jennifer Chen,Corrective Maintenance,9.1,682.5,Replaced faulty thermal sensor and verified system bus voltage.,Cancelled
DISP-11120,EQ-6193,C-1064,07/22/2023,Amanda Thompson,Installation,6.3,945.0,Replaced faulty thermal sensor and verified system bus voltage.,Cancelled
DISP-11121,EQ-5852,C-1493,08/30/2022,James Wilson,Corrective Maintenance,11.7,877.5,Emergency dispatch for over-temperature alarm. Cleaned heat exchanger.,Cancelled
DISP-11122,EQ-5633,C-1442,01/14/2023,Michael Brown,Installation,9.3,883.5,Emergency dispatch for over-temperature alarm. Cleaned heat exchanger.,Completed
DISP-11123,EQ-5231,C-1270,12/26/2022,James Wilson,Preventive Maintenance,9.7,1164.0,<div>Calibrated inverter output. System operating within normal parameters.</div>,Cancelled
DISP-11124,EQ-5292,C-1510,04-06-2022,Mike Johnson,Preventive Maintenance,8.9,667,Calibrated inverter output. System operating within normal parameters.,Cancelled
DISP-11125,EQ-5929,C-1346,2023-06-25T00:00:00Z,Sarah Williams,Preventive Maintenance,5.7,684.0,Calibrated inverter output. System operating within normal parameters.,Cancelled
DISP-11126,EQ-7352,C-1470,2022-02-10T00:00:00Z,Patricia Davis,Software Update,6.2,465.0,Performed standard preventive check. Updated firmware to v4.2.1.,completed
DISP-11127,EQ-99009,C-99941,07/22/2024,Jennifer Chen,Corrective Maintenance,10.8,1620.0,Replaced faulty thermal sensor and verified system bus voltage.,completed
DISP-11128,EQ-6263,C-1088,07/03/2022,Mike Johnson  ,Installation,6.4,480.0,Calibrated inverter output. System operating within normal parameters.,completed
DISP-11129,EQ-5837,C-1126,06/27/2023,Patricia Davis,Preventive Maintenance,3.6,270.0,Emergency dispatch for over-temperature alarm. Cleaned heat exchanger.,Pending
DISP-11130,EQ-5337,C-1333,2022/02/28,Amanda Thompson,Warranty Replacement,7.3,693.5,Emergency dispatch for over-temperature alarm. Cleaned heat exchanger.,In Progress
DISP-11131,EQ-6921,C-1481,2022-12-19,Carlos Sanchez,Installation,5.3,503.5,Performed standard preventive check. Updated firmware to v4.2.1.,In Progress
DISP-11132,EQ-5258,C-1362,08-14-2023,Amanda Thompson,Preventive Maintenance,4.9,735.0,Calibrated inverter output. System operating within normal parameters.,completed
DISP-11133,EQ-5457,C-1284,2022-11-21,Michael Brown,Corrective Maintenance,11.7,1404.0,Replaced burnt fuse block. Test run completed successfully.,COMPLETED
DISP-11134,EQ-7308,C-1071,2023/04/23,James Wilson,Diagnostic,3.1,294.5,Replaced burnt fuse block. Test run completed successfully.,COMPLETED
DISP-11135,EQ-6446,C-1384,2024-02-23,Patricia Davis,Emergency Repair,1.3,97.5,Performed standard preventive check. Updated firmware to v4.2.1.,completed
DISP-11136,EQ-6529,C-1320,01/03/2024,Amanda Thompson,Installation,7.2,684.0,Replaced burnt fuse block. Test run completed successfully.,Completed
DISP-11137,EQ-5658,C-1008,08-17-2023,Patricia Davis,Diagnostic,5.6,420.0,Emergency dispatch for over-temperature alarm. Cleaned heat exchanger.,COMPLETED
DISP-11138,EQ-5534,C-1515,2024-02-28T00:00:00Z,Sarah   Williams,Software Update,9.2,1380.0,Emergency dispatch for over-temperature alarm. Cleaned heat exchanger.,COMPLETED
DISP-11139,EQ-6248,C-1501,2022/10/08,Maria Garcia,Preventive Maintenance,11.9,$892.50,Replaced faulty thermal sensor and verified system bus voltage.,Completed
DISP-11140,EQ-6191,C-1216,04/17/2022,Patricia Davis  ,Software Update,7.9,592.5,<html>Replaced burnt fuse block. Test run completed successfully.</html>,Cancelled
DISP-11141,EQ-6919,C-1206,09/16/2022,Maria Garcia,Emergency Repair,6.0,720.0,Calibrated inverter output. System operating within normal parameters.,completed
DISP-11142,EQ-5963,C-1477,04/25/2022,Amanda Thompson,Warranty Replacement,8.7,826.5,<p>Replaced burnt fuse block. Test run completed successfully.</p>,Cancelled
DISP-11143,EQ-6201,C-1092,2024/07/17,Carlos   Sanchez,Software Update,7.1,852.0,Replaced faulty thermal sensor and verified system bus voltage.,Cancelled
DISP-11144,EQ-6696,C-1031,2023-12-15T00:00:00Z,Carlos Sanchez,Preventive Maintenance,2.0,190.0,<b>Emergency dispatch for over-temperature alarm. Cleaned heat exchanger.</b>,Pending
DISP-11145,EQ-6619,C-1101,2022-05-27,Sarah Williams,Corrective Maintenance,3.0,225.0,Replaced burnt fuse block. Test run completed successfully.,Completed
DISP-11146,EQ-7136,C-1425,07/15/2022,Jennifer Chen,Diagnostic,9.7,1164.0,Replaced burnt fuse block. Test run completed successfully.,Cancelled
DISP-11147,EQ-6764,C-1303,2022-05-10T00:00:00Z,Lisa Rodriguez,Emergency Repair,1.0,95.0,<p>Emergency dispatch for over-temperature alarm. Cleaned heat exchanger.</p>,Completed
DISP-11148,EQ-7366,C-1444,2023-08-23,Michael Brown,Software Update,9.7,1455.0,Replaced faulty thermal sensor and verified system bus voltage.,COMPLETED
DISP-11149,EQ-6330,C-1239,01/30/2024,Lisa   Rodriguez,Preventive Maintenance,5.3,636.0,Calibrated inverter output. System operating within normal parameters.,Cancelled
DISP-11150,EQ-5064,C-1488,07/14/2024,David Lee,Installation,7.7,577.5,Calibrated inverter output. System operating within normal parameters.,In Progress
DISP-11151,EQ-5843,C-1494,11/20/2022,Mike Johnson,Diagnostic,6.7,804.0,<div>Emergency dispatch for over-temperature alarm. Cleaned heat exchanger.</div>,COMPLETED
DISP-11152,EQ-5887,C-1301,06/28/2024,Amanda Thompson,Emergency Repair,7.5,1125.0,Calibrated inverter output. System operating within normal parameters.,Pending
DISP-11153,EQ-6657,C-1261,10-22-2022,Patricia Davis,Installation,2.3,218.5,Performed standard preventive check. Updated firmware to v4.2.1.,completed
DISP-11154,EQ-7237,C-1354,2021/06/25,Jennifer   Chen,Emergency Repair,7.1,674.5,Replaced burnt fuse block. Test run completed successfully.,Pending
DISP-11155,EQ-7130,C-1362,2023-11-26T00:00:00Z,   ,Preventive Maintenance,6.7,1005.0,Replaced burnt fuse block. Test run completed successfully.,Pending
DISP-11156,EQ-5652,C-1456,2023-12-28,Jennifer Chen,Software Update,2.5,187.5,Calibrated inverter output. System operating within normal parameters.,In Progress
DISP-11157,EQ-5993,C-1077,10-27-2022,Mike Johnson,Emergency Repair,7.3,876.0,Replaced faulty thermal sensor and verified system bus voltage.,Cancelled
DISP-11158,EQ-5717,C-1056,08/12/2024,Robert Martinez  ,Installation,3.1,372.0,Replaced faulty thermal sensor and verified system bus voltage.,Cancelled
DISP-11159,EQ-5402,C-1212,2023-02-05T00:00:00Z,James Wilson,Emergency Repair,5.3,503.5,Replaced faulty thermal sensor and verified system bus voltage.,completed
DISP-11160,EQ-7127,C-1386,2022-09-12,Lisa Rodriguez,Emergency Repair,6.1,$579.50,Replaced burnt fuse block. Test run completed successfully.,Completed
DISP-11161,EQ-6166,C-1251,2022-10-27T00:00:00Z,Amanda Thompson,Emergency Repair,5.1,484.5,Replaced faulty thermal sensor and verified system bus voltage.,In Progress
DISP-11162,EQ-6934,C-1185,07/04/2022,Amanda   Thompson,Warranty Replacement,6.0,450.0,<html>Replaced burnt fuse block. Test run completed successfully.</html>,In Progress
DISP-11163,EQ-6242,C-1476,07/08/2024,Amanda Thompson,Diagnostic,8.6,817.0,Replaced faulty thermal sensor and verified system bus voltage.,Pending
DISP-11164,EQ-5882,C-1280,2024-02-02T00:00:00Z,Michael Brown,Software Update,1.0,120.0,Emergency dispatch for over-temperature alarm. Cleaned heat exchanger.,Cancelled
DISP-11165,EQ-7031,C-1094,09-18-2022,Robert Martinez,Installation,4.7,352.5,Replaced faulty thermal sensor and verified system bus voltage.,Cancelled
DISP-11166,EQ-5904,C-1332,2023/07/25,Robert Martinez,Software Update,9.2,690.0,<html>Calibrated inverter output. System operating within normal parameters.</html>,COMPLETED
DISP-11167,EQ-7290,C-1354,10/01/2022,Sarah Williams,Software Update,9.4,1410,Calibrated inverter output. System operating within normal parameters.,In Progress
DISP-11168,EQ-5809,C-1282,08/06/2022,James Wilson,Warranty Replacement,9.7,921.5,Calibrated inverter output. System operating within normal parameters.,In Progress
DISP-11169,EQ-5688,C-1298,2022/05/04,James Wilson,Installation,7.7,577.5,Replaced burnt fuse block. Test run completed successfully.,Pending
DISP-11170,EQ-7490,C-1092,08/11/2021,Maria Garcia,Preventive Maintenance,10.2,$765.00,<html>Performed standard preventive check. Updated firmware to v4.2.1.</html>,COMPLETED
DISP-11171,EQ-6773,C-1491,09/10/2023,David Lee,Diagnostic,11.1,832.5,<html><body>Performed standard preventive check. Updated firmware to v4.2.1.</body></html>,Pending
DISP-11172,EQ-5025,C-1107,04/28/2022,Lisa Rodriguez,Preventive Maintenance,2.3,172.5,Performed standard preventive check. Updated firmware to v4.2.1.,completed
DISP-11173,EQ-5252,C-1375,2021-10-28T00:00:00Z,Maria Garcia,Software Update,9.1,682.5,Calibrated inverter output. System operating within normal parameters.,COMPLETED
DISP-11174,EQ-7029,C-1389,01/28/2024,Michael Brown,Preventive Maintenance,5.8,696.0,Replaced faulty thermal sensor and verified system bus voltage.,In Progress
DISP-11175,EQ-5365,C-1204,2023-03-25,Mike Johnson,Software Update,10.3,$978.50,Performed standard preventive check. Updated firmware to v4.2.1.,COMPLETED
DISP-11176,EQ-5680,C-1314,05-21-2022,   Sarah Williams,Installation,1.3,97.5,Performed standard preventive check. Updated firmware to v4.2.1.,Pending
DISP-11177,EQ-5321,C-1052,05/17/2024,Michael Brown,Warranty Replacement,11.1,1054.5,Replaced burnt fuse block. Test run completed successfully.,Cancelled
DISP-11178,EQ-6097,C-1418,01-15-2023,Patricia Davis,Warranty Replacement,9.4,1410.0,<b>Calibrated inverter output. System operating within normal parameters.</b>,completed
DISP-11179,EQ-5634,C-1273,11-13-2021,   ,Emergency Repair,7.3,693.5,Calibrated inverter output. System operating within normal parameters.,In Progress
DISP-11180,EQ-6256,C-1173,2021-09-27,Lisa Rodriguez,Installation,10.4,1248.0,Emergency dispatch for over-temperature alarm. Cleaned heat exchanger.,In Progress
DISP-11181,EQ-99655,C-99038,07/25/2022,   James Wilson,Warranty Replacement,0.5,75,<p>Replaced faulty thermal sensor and verified system bus voltage.</p>,completed
DISP-11182,EQ-5939,C-1307,01/22/2024,Lisa Rodriguez,Corrective Maintenance,10.8,1296.0,Calibrated inverter output. System operating within normal parameters.,completed
DISP-11183,EQ-5591,C-1507,2023/07/26,  Robert Martinez  ,Corrective Maintenance,1.1,132.0,Calibrated inverter output. System operating within normal parameters.,Completed
DISP-11184,EQ-6234,C-1385,08-18-2022,Patricia Davis,Installation,5.2,390.0,Replaced faulty thermal sensor and verified system bus voltage.,Pending
DISP-11185,EQ-5104,C-1162,06-20-2022,,Emergency Repair,8.2,USD 984.00,Performed standard preventive check. Updated firmware to v4.2.1.,Completed
DISP-11186,EQ-5292,C-1510,2023/08/10,Robert Martinez,Software Update,10.6,1272.0,Emergency dispatch for over-temperature alarm. Cleaned heat exchanger.,COMPLETED
DISP-11187,EQ-6368,C-1024,04/27/2022,Robert Martinez,Diagnostic,10.5,997.5,Performed standard preventive check. Updated firmware to v4.2.1.,Pending
DISP-11188,EQ-5052,C-1287,10-25-2021,David Lee,Software Update,6.1,457.5,<p>Replaced faulty thermal sensor and verified system bus voltage.</p>,In Progress
DISP-11189,EQ-5691,C-1406,08-09-2022,NULL,Software Update,1.0,75.0,Replaced faulty thermal sensor and verified system bus voltage.,completed
DISP-11190,EQ-7333,C-1356,2022-10-08T00:00:00Z,David Lee,Preventive Maintenance,10.1,757.5,Replaced burnt fuse block. Test run completed successfully.,Pending
DISP-11191,EQ-5841,C-1310,04-15-2022,Robert Martinez,Diagnostic,5.8,870.0,Replaced burnt fuse block. Test run completed successfully.,completed
DISP-11192,EQ-5216,C-1126,05/26/2022,Amanda Thompson,Software Update,1.5,142.5,Calibrated inverter output. System operating within normal parameters.,COMPLETED
DISP-11193,EQ-5210,C-1438,05-21-2022,Sarah Williams,Software Update,7.6,912.0,Emergency dispatch for over-temperature alarm. Cleaned heat exchanger.,Completed
DISP-11194,EQ-5367,C-1402,08-30-2022,Michael Brown,Diagnostic,6.2,589.0,Calibrated inverter output. System operating within normal parameters.,Completed
DISP-11195,EQ-7458,C-1275,09-13-2022,Sarah Williams,Software Update,4.5,427.5,Performed standard preventive check. Updated firmware to v4.2.1.,Cancelled
DISP-11196,EQ-6894,C-1237,2023/03/18,James Wilson,Diagnostic,5.7,855.0,Calibrated inverter output. System operating within normal parameters.,Cancelled
DISP-11197,EQ-5489,C-1341,2024-08-11,Amanda Thompson,Corrective Maintenance,7.9,1185.0,Calibrated inverter output. System operating within normal parameters.,In Progress
DISP-11198,EQ-6422,C-1503,2022/02/15,Maria Garcia,Warranty Replacement,2.8,420.0,<html><body>Emergency dispatch for over-temperature alarm. Cleaned heat exchanger.</body></html>,Completed
DISP-11199,EQ-6479,C-1053,2023/06/16,Sarah Williams,Preventive Maintenance,3.9,292.5,Replaced burnt fuse block. Test run completed successfully.,In Progress
DISP-11200,EQ-7422,C-1019,02/25/2024,Sarah Williams,Emergency Repair,10.1,1515.0,Replaced faulty thermal sensor and verified system bus voltage.,Cancelled
DISP-11201,EQ-6913,C-1106,2022/05/12,Michael Brown,Installation,1.2,90.0,Replaced faulty thermal sensor and verified system bus voltage.,Completed
DISP-11202,EQ-6877,C-1241,10-19-2022,Lisa Rodriguez,Installation,5.2,494.0,Replaced faulty thermal sensor and verified system bus voltage.,In Progress
DISP-11203,EQ-5600,C-1100,2022/05/21,Amanda Thompson,Emergency Repair,11.3,1695.0,Performed standard preventive check. Updated firmware to v4.2.1.,completed
DISP-11204,EQ-7070,C-1331,2022-07-21,David Lee,Warranty Replacement,9.3,697.5,<b>Calibrated inverter output. System operating within normal parameters.</b>,COMPLETED
DISP-11205,EQ-7313,C-1377,08/19/2023,Jennifer   Chen,Installation,9.6,1440.0,Replaced burnt fuse block. Test run completed successfully.,Completed
DISP-11206,EQ-6575,C-1009,02-07-2023,David Lee,Diagnostic,1.8,135.0,Replaced faulty thermal sensor and verified system bus voltage.,COMPLETED
DISP-11207,EQ-5515,C-1289,2022-07-01,David Lee,Installation,4.6,345.0,Calibrated inverter output. System operating within normal parameters.,Cancelled
DISP-11208,EQ-7157,C-1387,2024-07-14,Michael Brown,Software Update,7.7,924.0,Emergency dispatch for over-temperature alarm. Cleaned heat exchanger.,Cancelled
DISP-11209,EQ-6161,C-1494,12-29-2022,James Wilson,Emergency Repair,314.0,29830.0,Replaced burnt fuse block. Test run completed successfully.,In Progress
DISP-11210,EQ-6017,C-1059,2023-02-08,Mike Johnson,Corrective Maintenance,5.6,840.0,Replaced faulty thermal sensor and verified system bus voltage.,COMPLETED
DISP-11211,EQ-5895,C-1440,2023-04-19,Robert Martinez,Software Update,9.1,1092.0,Calibrated inverter output. System operating within normal parameters.,completed
DISP-11212,EQ-6234,C-1385,10/12/2021,Patricia Davis,Installation,415.4,"$39,463.00",<html><body>Calibrated inverter output. System operating within normal parameters.</body></html>,completed
DISP-11213,EQ-7303,C-1374,04-11-2023,Amanda Thompson,Emergency Repair,12.0,1140.0,Replaced burnt fuse block. Test run completed successfully.,COMPLETED
DISP-11214,EQ-7168,C-1418,05-04-2024,Carlos Sanchez  ,Warranty Replacement,6.4,608.0,Calibrated inverter output. System operating within normal parameters.,COMPLETED
DISP-11215,EQ-6996,C-1006,06-16-2021,Jennifer Chen,Corrective Maintenance,6.2,465.0,Replaced burnt fuse block. Test run completed successfully.,Completed
DISP-11216,EQ-7347,C-1281,03/15/2022,Robert Martinez,Corrective Maintenance,10.3,978.5,Replaced faulty thermal sensor and verified system bus voltage.,Completed
DISP-11217,EQ-7183,C-1431,09-05-2021,Jennifer Chen,Corrective Maintenance,6.8,646.0,Calibrated inverter output. System operating within normal parameters.,COMPLETED
DISP-11218,EQ-5672,C-1343,10-05-2022,James Wilson,Corrective Maintenance,5.3,636.0,Performed standard preventive check. Updated firmware to v4.2.1.,Pending
DISP-11219,EQ-5504,C-1053,02-08-2024,James Wilson,Emergency Repair,10.3,772.5,Calibrated inverter output. System operating within normal parameters.,completed
DISP-11220,EQ-5662,C-1420,06/24/2022,Amanda Thompson,Installation,4.1,389.5,<div>Replaced faulty thermal sensor and verified system bus voltage.</div>,In Progress
DISP-11221,EQ-7126,C-1280,2023-02-04T00:00:00Z,Robert Martinez,Installation,0.9,USD 67.50,Replaced faulty thermal sensor and verified system bus voltage.,Pending
DISP-11222,EQ-99693,C-99364,11/13/2022,Michael Brown,Warranty Replacement,11.1,1332.0,Replaced burnt fuse block. Test run completed successfully.,completed
DISP-11223,EQ-5501,C-1045,2024-02-14,Michael Brown,Emergency Repair,8.8,660.0,Performed standard preventive check. Updated firmware to v4.2.1.,completed
DISP-11224,EQ-6663,C-1125,08/17/2022,Jennifer Chen,Diagnostic,4.2,504.0,Emergency dispatch for over-temperature alarm. Cleaned heat exchanger.,COMPLETED
DISP-11225,EQ-5021,C-1430,2024/02/23,  Carlos Sanchez  ,Preventive Maintenance,5.4,810.0,Calibrated inverter output. System operating within normal parameters.,Cancelled
DISP-11226,EQ-5101,C-1434,2022-11-11T00:00:00Z,Sarah Williams  ,Diagnostic,9.7,1455.0,<p>Performed standard preventive check. Updated firmware to v4.2.1.</p>,In Progress
DISP-11227,EQ-5627,C-1338,2024-01-26,Jennifer Chen,Installation,8.0,760.0,Emergency dispatch for over-temperature alarm. Cleaned heat exchanger.,COMPLETED
DISP-11228,EQ-7017,C-1103,2023/12/04,NULL,Diagnostic,3.5,525.0,Replaced burnt fuse block. Test run completed successfully.,In Progress
DISP-11229,EQ-5403,C-1498,11/01/2022,David   Lee,Installation,6.8,646.0,Emergency dispatch for over-temperature alarm. Cleaned heat exchanger.,Pending
DISP-11230,EQ-5184,C-1081,2024-07-13,Michael Brown,Software Update,9.9,1188.0,Replaced faulty thermal sensor and verified system bus voltage.,In Progress
DISP-11231,EQ-5631,C-1321,2024/05/30,Michael Brown  ,Diagnostic,1.9,142.5,Calibrated inverter output. System operating within normal parameters.,COMPLETED
DISP-11232,EQ-5502,C-1286,2021-11-15,Robert Martinez  ,Installation,8.3,788.5,Replaced faulty thermal sensor and verified system bus voltage.,In Progress
DISP-11233,EQ-6909,C-1372,07/14/2024,Maria Garcia,Preventive Maintenance,4.1,389.5,Replaced faulty thermal sensor and verified system bus voltage.,Completed
DISP-11234,EQ-6960,C-1148,2022/06/01,Carlos Sanchez,Installation,1.7,$204.00,Replaced faulty thermal sensor and verified system bus voltage.,In Progress
DISP-11235,EQ-5287,C-1387,06-06-2023,Michael Brown  ,Software Update,11.7,1404.0,Replaced faulty thermal sensor and verified system bus voltage.,Pending
DISP-11236,EQ-7313,C-1377,2024-05-27T00:00:00Z,James Wilson,Software Update,7.7,577.5,Replaced burnt fuse block. Test run completed successfully.,completed
DISP-11237,EQ-6772,C-1369,2022/12/29,Maria Garcia  ,Software Update,7.4,703.0,Replaced faulty thermal sensor and verified system bus voltage.,Cancelled
DISP-11238,EQ-6562,C-1126,2023/07/22,Sarah Williams,Preventive Maintenance,11.5,USD 1725.00,Replaced burnt fuse block. Test run completed successfully.,Completed
DISP-11239,EQ-6022,C-1162,2024/03/28,Amanda Thompson,Preventive Maintenance,1.1,165.0,Replaced faulty thermal sensor and verified system bus voltage.,completed
DISP-11240,EQ-5002,C-1285,2023/05/23,Carlos Sanchez,Emergency Repair,5.5,825.0,Emergency dispatch for over-temperature alarm. Cleaned heat exchanger.,Pending
DISP-11241,EQ-6518,C-1059,2023-02-19T00:00:00Z,Maria Garcia,Software Update,9.7,921,Replaced faulty thermal sensor and verified system bus voltage.,In Progress
DISP-11242,EQ-5708,C-1485,2023-08-23T00:00:00Z,Sarah Williams,Emergency Repair,5.5,660.0,<strong>Performed standard preventive check. Updated firmware to v4.2.1.</strong>,Pending
DISP-11243,EQ-5748,C-1242,10/28/2021,  James Wilson  ,Software Update,10.6,795.0,Replaced burnt fuse block. Test run completed successfully.,Completed
DISP-11244,EQ-5737,C-1240,2023-11-07,Carlos Sanchez,Corrective Maintenance,9.1,864.5,Emergency dispatch for over-temperature alarm. Cleaned heat exchanger.,Cancelled
DISP-11245,EQ-6798,C-1133,2022-08-06T00:00:00Z,Mike Johnson,Diagnostic,2.6,195.0,<html><body>Emergency dispatch for over-temperature alarm. Cleaned heat exchanger.</body></html>,Cancelled
DISP-11246,EQ-6688,C-1489,08/15/2022,Amanda Thompson,Emergency Repair,9.2,874.0,Calibrated inverter output. System operating within normal parameters.,Pending
DISP-11247,EQ-5744,C-1278,05/12/2023,,Preventive Maintenance,7.4,703.0,Replaced faulty thermal sensor and verified system bus voltage.,Completed
DISP-11248,EQ-6403,C-1239,2021-06-15,Michael Brown,Warranty Replacement,1.1,165.0,Emergency dispatch for over-temperature alarm. Cleaned heat exchanger.,Cancelled
DISP-11249,EQ-5693,C-1071,2022-07-08T00:00:00Z,Carlos Sanchez,Warranty Replacement,4.1,389.5,<b>Performed standard preventive check. Updated firmware to v4.2.1.</b>,Pending
DISP-11250,EQ-5360,C-1418,2022/10/25,   James Wilson,Corrective Maintenance,11.1,1665.0,Performed standard preventive check. Updated firmware to v4.2.1.,Cancelled
DISP-11251,EQ-5497,C-1391,2023/06/18,Carlos Sanchez,Preventive Maintenance,8.8,660.0,Replaced faulty thermal sensor and verified system bus voltage.,Completed
DISP-11252,EQ-6629,C-1284,06/13/2022,Robert Martinez,Corrective Maintenance,7.6,912.0,<b>Emergency dispatch for over-temperature alarm. Cleaned heat exchanger.</b>,In Progress
DISP-11253,EQ-5278,C-1305,04/26/2024,Patricia Davis,Preventive Maintenance,6.0,570.0,Performed standard preventive check. Updated firmware to v4.2.1.,Cancelled
DISP-11254,EQ-5603,C-1491,08-10-2021,Sarah Williams,Warranty Replacement,4.1,307.5,Performed standard preventive check. Updated firmware to v4.2.1.,completed
DISP-11255,EQ-7473,C-1043,02/05/2023,Sarah Williams,Installation,4.3,516.0,Replaced burnt fuse block. Test run completed successfully.,Completed
DISP-11256,EQ-7245,C-1167,2021-10-13T00:00:00Z,Lisa Rodriguez,Software Update,7.4,$555.00,Emergency dispatch for over-temperature alarm. Cleaned heat exchanger.,Pending
DISP-11257,EQ-5740,C-1031,2021-07-28T00:00:00Z,Michael Brown,Emergency Repair,11.8,1416.0,<div>Replaced faulty thermal sensor and verified system bus voltage.</div>,completed
DISP-11258,EQ-7141,C-1427,07/22/2024,David Lee,Diagnostic,11.4,1710.0,<div>Replaced burnt fuse block. Test run completed successfully.</div>,Pending
DISP-11259,EQ-5440,C-1343,11-14-2023,Patricia Davis,Corrective Maintenance,5.3,397.5,<b>Emergency dispatch for over-temperature alarm. Cleaned heat exchanger.</b>,Pending
DISP-11260,EQ-5012,C-1126,10/08/2021,Mike Johnson,Emergency Repair,8.9,845.5,<div>Emergency dispatch for over-temperature alarm. Cleaned heat exchanger.</div>,Cancelled
DISP-11261,EQ-5946,C-1181,2023/03/28,Sarah Williams,Diagnostic,10.8,810.0,Calibrated inverter output. System operating within normal parameters.,In Progress
DISP-11262,EQ-5992,C-1397,08/28/2021,James Wilson,Diagnostic,7.2,864.0,Replaced faulty thermal sensor and verified system bus voltage.,Pending
DISP-11263,EQ-5595,C-1289,02/07/2024,Jennifer Chen,Installation,6.5,975.0,Replaced burnt fuse block. Test run completed successfully.,completed
DISP-11264,EQ-6236,C-1072,01/27/2023,Sarah Williams,Corrective Maintenance,2.7,202.5,<strong>Replaced faulty thermal sensor and verified system bus voltage.</strong>,Completed
DISP-11265,EQ-7138,C-1068,06/16/2024,  Robert Martinez  ,Corrective Maintenance,10.4,780.0,<html>Replaced burnt fuse block. Test run completed successfully.</html>,completed
DISP-11266,EQ-6009,C-1451,07-19-2022,Robert Martinez,Warranty Replacement,10.3,$1236.00,Calibrated inverter output. System operating within normal parameters.,COMPLETED
DISP-11267,EQ-7434,C-1389,2024/03/27,Maria Garcia,Corrective Maintenance,10.0,1200.0,Calibrated inverter output. System operating within normal parameters.,Cancelled
DISP-11268,EQ-6420,C-1222,2021-07-03,Jennifer Chen,Preventive Maintenance,10.2,1224.0,Replaced faulty thermal sensor and verified system bus voltage.,In Progress
DISP-11269,EQ-5947,C-1139,02-12-2022,Maria Garcia,Corrective Maintenance,10.1,757.5,Emergency dispatch for over-temperature alarm. Cleaned heat exchanger.,In Progress
DISP-11270,EQ-5566,C-1356,11-25-2023,Jennifer Chen,Corrective Maintenance,2.5,237.5,Replaced burnt fuse block. Test run completed successfully.,Cancelled
DISP-11271,EQ-5639,C-1412,03/08/2022,Mike Johnson,Emergency Repair,4.8,576.0,Emergency dispatch for over-temperature alarm. Cleaned heat exchanger.,Cancelled
DISP-11272,EQ-7313,C-1377,08/21/2023,  Lisa Rodriguez  ,Preventive Maintenance,8.4,630.0,Replaced faulty thermal sensor and verified system bus voltage.,Cancelled
DISP-11273,EQ-6587,C-1296,2022-12-15,   Mike Johnson,Preventive Maintenance,5.6,420.0,Replaced burnt fuse block. Test run completed successfully.,Cancelled
DISP-11274,EQ-5425,C-1268,11-21-2023,Jennifer Chen,Diagnostic,8.9,1335.0,Replaced faulty thermal sensor and verified system bus voltage.,completed
DISP-11275,EQ-5965,C-1208,07/19/2022,   ,Software Update,2.0,300.0,Performed standard preventive check. Updated firmware to v4.2.1.,Cancelled
DISP-11276,EQ-5747,C-1259,07/10/2022,Amanda Thompson  ,Installation,10.4,780.0,Calibrated inverter output. System operating within normal parameters.,Completed
DISP-11277,EQ-6833,C-1394,2024-03-02,Lisa Rodriguez,Emergency Repair,8.6,1032.0,<strong>Performed standard preventive check. Updated firmware to v4.2.1.</strong>,completed
DISP-11278,EQ-5741,C-1129,2022/06/07,Sarah Williams,Emergency Repair,2.1,$252.00,Calibrated inverter output. System operating within normal parameters.,completed
DISP-11279,EQ-5140,C-1442,07/13/2022,,Emergency Repair,2.2,264.0,Replaced faulty thermal sensor and verified system bus voltage.,completed
DISP-11280,EQ-6604,C-1374,2022-09-17T00:00:00Z,Mike Johnson,Diagnostic,7.7,577.5,Emergency dispatch for over-temperature alarm. Cleaned heat exchanger.,In Progress
DISP-11281,EQ-7179,C-1464,2022-10-03T00:00:00Z,   Michael Brown,Software Update,2.9,348.0,<html><body>Replaced faulty thermal sensor and verified system bus voltage.</body></html>,COMPLETED
DISP-11282,EQ-6620,C-1044,2021-12-03T00:00:00Z,Sarah Williams,Preventive Maintenance,0.6,72.0,Emergency dispatch for over-temperature alarm. Cleaned heat exchanger.,Pending
DISP-11283,EQ-5276,C-1456,04/02/2024,David Lee,Emergency Repair,3.8,285.0,Calibrated inverter output. System operating within normal parameters.,completed
DISP-11284,EQ-7462,C-1260,2022/03/30,Jennifer Chen,Warranty Replacement,7.8,585.0,Replaced faulty thermal sensor and verified system bus voltage.,COMPLETED
DISP-11285,EQ-5442,C-1463,03-01-2024,Jennifer Chen,Installation,2.2,330.0,Replaced burnt fuse block. Test run completed successfully.,COMPLETED
DISP-11286,EQ-6470,C-1372,08/14/2022,Michael Brown,Emergency Repair,10.0,1500.0,Performed standard preventive check. Updated firmware to v4.2.1.,COMPLETED
DISP-11287,EQ-6229,C-1090,2022-11-18T00:00:00Z,Jennifer Chen,Corrective Maintenance,8.5,637.5,Calibrated inverter output. System operating within normal parameters.,completed
DISP-11288,EQ-5352,C-1393,2022-09-26T00:00:00Z,Patricia Davis,Emergency Repair,0.8,60.0,Calibrated inverter output. System operating within normal parameters.,Cancelled
DISP-11289,EQ-7234,C-1033,2022-09-26,Michael Brown,Warranty Replacement,2.5,237.5,Calibrated inverter output. System operating within normal parameters.,In Progress
DISP-11290,EQ-7090,C-1362,10-14-2021,Patricia Davis,Corrective Maintenance,2.2,165.0,Replaced faulty thermal sensor and verified system bus voltage.,Cancelled
DISP-11291,EQ-6583,C-1229,10-20-2022,Amanda Thompson,Preventive Maintenance,9.3,1116.0,Replaced burnt fuse block. Test run completed successfully.,COMPLETED
DISP-11292,EQ-5022,C-1446,01/05/2024,Amanda Thompson,Emergency Repair,6.9,1035.0,Emergency dispatch for over-temperature alarm. Cleaned heat exchanger.,COMPLETED
DISP-11293,EQ-6418,C-1182,2023-09-27,Lisa Rodriguez,Corrective Maintenance,4.7,352.5,Replaced faulty thermal sensor and verified system bus voltage.,In Progress
DISP-11294,EQ-6935,C-1275,2023/03/12,Michael Brown,Software Update,5.2,494.0,Replaced faulty thermal sensor and verified system bus voltage.,Pending
DISP-11295,EQ-6265,C-1107,09-29-2023,David Lee,Installation,4.8,456.0,<b>Performed standard preventive check. Updated firmware to v4.2.1.</b>,Completed
DISP-11296,EQ-6547,C-1358,2024-05-22,Jennifer Chen,Installation,2.5,375.0,Performed standard preventive check. Updated firmware to v4.2.1.,Completed
DISP-11297,EQ-5642,C-1464,2024-02-03,David Lee,Emergency Repair,2.8,420.0,Calibrated inverter output. System operating within normal parameters.,COMPLETED
DISP-11298,EQ-5235,C-1288,12/22/2023,David Lee,Installation,224.1,21289.5,Emergency dispatch for over-temperature alarm. Cleaned heat exchanger.,Cancelled
DISP-11299,EQ-6222,C-1319,08-23-2022,Maria Garcia,Emergency Repair,4.4,660.0,Replaced faulty thermal sensor and verified system bus voltage.,Cancelled
DISP-11300,EQ-7400,C-1375,2021-11-14,James Wilson,Warranty Replacement,7.9,750.5,<div>Replaced burnt fuse block. Test run completed successfully.</div>,Completed
DISP-11301,EQ-5430,C-1289,2022-03-19,Sarah Williams,Emergency Repair,5.8,870.0,Emergency dispatch for over-temperature alarm. Cleaned heat exchanger.,completed
DISP-11302,EQ-6473,C-1209,2023-05-01,Jennifer Chen,Corrective Maintenance,5.6,840.0,Replaced burnt fuse block. Test run completed successfully.,In Progress
DISP-11303,EQ-7284,C-1171,2022-10-15T00:00:00Z,Maria Garcia,Software Update,1.1,165.0,Replaced faulty thermal sensor and verified system bus voltage.,Pending
DISP-11304,EQ-6525,C-1243,11/04/2021,Amanda   Thompson,Warranty Replacement,2.9,348.0,Performed standard preventive check. Updated firmware to v4.2.1.,In Progress
DISP-11305,EQ-6333,C-1495,07-25-2023,Michael Brown,Installation,6.0,570.0,Replaced faulty thermal sensor and verified system bus voltage.,Completed
DISP-11306,EQ-6128,C-1353,02/05/2023,Carlos Sanchez,Warranty Replacement,11.9,892.5,Replaced burnt fuse block. Test run completed successfully.,In Progress
DISP-11307,EQ-5003,C-1177,09/23/2022,Michael Brown,Software Update,11.2,840.0,<div>Replaced burnt fuse block. Test run completed successfully.</div>,COMPLETED
DISP-11308,EQ-5432,C-1140,2024/08/10,Carlos Sanchez,Warranty Replacement,4.9,735.0,Replaced burnt fuse block. Test run completed successfully.,Pending
DISP-11309,EQ-6742,C-1128,10/02/2022,Carlos Sanchez,Preventive Maintenance,9.7,1164.0,Calibrated inverter output. System operating within normal parameters.,Completed
DISP-11310,EQ-5892,C-1316,2021/09/13,Sarah Williams,Preventive Maintenance,11.0,1045,Emergency dispatch for over-temperature alarm. Cleaned heat exchanger.,Completed
DISP-11311,EQ-5316,C-1262,09/02/2023,   ,Warranty Replacement,5.3,397.5,<strong>Calibrated inverter output. System operating within normal parameters.</strong>,Completed
DISP-11312,EQ-6116,C-1328,02-07-2023,David Lee,Installation,1.5,225.0,Replaced burnt fuse block. Test run completed successfully.,Cancelled
DISP-11313,EQ-6749,C-1250,03/16/2024,Mike Johnson,Diagnostic,6.8,646.0,Emergency dispatch for over-temperature alarm. Cleaned heat exchanger.,COMPLETED
DISP-11314,EQ-5688,C-1298,2022-01-29T00:00:00Z,Robert Martinez,Installation,7.4,1110.0,Calibrated inverter output. System operating within normal parameters.,In Progress
DISP-11315,EQ-6145,C-1055,03/08/2023,Maria Garcia  ,Warranty Replacement,11.4,USD 1710.00,Calibrated inverter output. System operating within normal parameters.,Pending
DISP-11316,EQ-5076,C-1257,2022-03-18T00:00:00Z,Maria Garcia,Software Update,7.3,876.0,Replaced faulty thermal sensor and verified system bus voltage.,In Progress
DISP-11317,EQ-5256,C-1249,2022/09/19,Patricia Davis,Preventive Maintenance,1.0,75.0,<strong>Emergency dispatch for over-temperature alarm. Cleaned heat exchanger.</strong>,Pending
DISP-11318,EQ-6133,C-1051,10-25-2022,Patricia Davis,Emergency Repair,9.4,893.0,Performed standard preventive check. Updated firmware to v4.2.1.,COMPLETED
DISP-11319,EQ-7497,C-1222,04-20-2023,Michael Brown,Emergency Repair,7.8,585.0,Replaced faulty thermal sensor and verified system bus voltage.,COMPLETED
DISP-11320,EQ-5827,C-1277,2021/11/11,Jennifer Chen,Warranty Replacement,4.3,516.0,Calibrated inverter output. System operating within normal parameters.,Completed
DISP-11321,EQ-7017,C-1103,2023/02/11,Maria Garcia,Diagnostic,7.4,703.0,Emergency dispatch for over-temperature alarm. Cleaned heat exchanger.,In Progress
DISP-11322,EQ-5491,C-1226,2021-12-21T00:00:00Z,David Lee,Emergency Repair,0.6,45.0,Performed standard preventive check. Updated firmware to v4.2.1.,In Progress
DISP-11323,EQ-7066,C-1183,2021/07/14,  Carlos Sanchez  ,Warranty Replacement,9.0,675.0,<b>Performed standard preventive check. Updated firmware to v4.2.1.</b>,COMPLETED
DISP-11324,EQ-6958,C-1195,2023-10-13T00:00:00Z,David Lee,Software Update,7.6,1140.0,Emergency dispatch for over-temperature alarm. Cleaned heat exchanger.,Pending
DISP-11325,EQ-7311,C-1147,2024-02-17T00:00:00Z,Maria Garcia,Installation,2.7,405.0,Emergency dispatch for over-temperature alarm. Cleaned heat exchanger.,Cancelled
DISP-11326,EQ-5142,C-1443,12/12/2023,NULL,Preventive Maintenance,9.1,1365.0,Replaced burnt fuse block. Test run completed successfully.,COMPLETED
DISP-11327,EQ-7339,C-1245,05-04-2022,Michael Brown,Installation,8.9,1068.0,Replaced faulty thermal sensor and verified system bus voltage.,Completed
DISP-11328,EQ-5604,C-1149,2024/07/04,Carlos Sanchez,Diagnostic,2.5,237.5,Calibrated inverter output. System operating within normal parameters.,In Progress
DISP-11329,EQ-7399,C-1101,10/09/2021,David Lee,Software Update,5.1,612.0,Replaced burnt fuse block. Test run completed successfully.,COMPLETED
DISP-11330,EQ-6868,C-1363,2021-10-22T00:00:00Z,Amanda Thompson,Corrective Maintenance,2.5,237.5,Emergency dispatch for over-temperature alarm. Cleaned heat exchanger.,Pending
DISP-11331,EQ-6957,C-1019,2022/01/20,Amanda Thompson,Diagnostic,4.3,408.5,Replaced faulty thermal sensor and verified system bus voltage.,completed
DISP-11332,EQ-7181,C-1323,2022/12/08,Mike Johnson,Software Update,10.9,1308.0,Performed standard preventive check. Updated firmware to v4.2.1.,COMPLETED
DISP-11333,EQ-5468,C-1007,2023-03-18,Mike Johnson,Warranty Replacement,9.2,874.0,Emergency dispatch for over-temperature alarm. Cleaned heat exchanger.,COMPLETED
DISP-11334,EQ-6273,C-1499,2021-08-02,David Lee,Emergency Repair,8.6,817.0,Emergency dispatch for over-temperature alarm. Cleaned heat exchanger.,Pending
DISP-11335,EQ-5521,C-1420,12/24/2023,Jennifer Chen,Installation,1.9,228.0,Emergency dispatch for over-temperature alarm. Cleaned heat exchanger.,Pending
DISP-11336,EQ-6000,C-1048,2024-03-19T00:00:00Z,Maria Garcia,Emergency Repair,4.9,367.5,Performed standard preventive check. Updated firmware to v4.2.1.,Pending
DISP-11337,EQ-5914,C-1323,2023-10-07T00:00:00Z,Lisa Rodriguez,Emergency Repair,11.0,825.0,Replaced faulty thermal sensor and verified system bus voltage.,Pending
DISP-11338,EQ-7282,C-1090,2022/01/02,Mike Johnson,Emergency Repair,9.2,$874.00,Calibrated inverter output. System operating within normal parameters.,Pending
DISP-11339,EQ-6049,C-1007,2022-08-07T00:00:00Z,  David Lee  ,Preventive Maintenance,11.4,1083.0,Emergency dispatch for over-temperature alarm. Cleaned heat exchanger.,Cancelled
DISP-11340,EQ-6649,C-1452,2022-06-06T00:00:00Z,David Lee,Software Update,4.2,504.0,Calibrated inverter output. System operating within normal parameters.,Completed
DISP-11341,EQ-6080,C-1469,2021-08-29T00:00:00Z,Carlos Sanchez,Warranty Replacement,3.3,495.0,Emergency dispatch for over-temperature alarm. Cleaned heat exchanger.,In Progress
DISP-11342,EQ-5719,C-1249,12-26-2022,Mike Johnson  ,Software Update,9.6,720.0,Calibrated inverter output. System operating within normal parameters.,In Progress
DISP-11343,EQ-6381,C-1050,06/19/2022,Mike Johnson  ,Installation,5.8,551.0,Replaced faulty thermal sensor and verified system bus voltage.,completed
DISP-11344,EQ-5506,C-1064,2023-12-07,Mike Johnson,Diagnostic,6.2,589.0,Emergency dispatch for over-temperature alarm. Cleaned heat exchanger.,completed
DISP-11345,EQ-6412,C-1097,09-03-2022,Robert Martinez,Diagnostic,3.4,408.0,Emergency dispatch for over-temperature alarm. Cleaned heat exchanger.,In Progress
DISP-11346,EQ-5550,C-1239,10/14/2023,Robert Martinez,Software Update,2.1,199.5,Replaced faulty thermal sensor and verified system bus voltage.,Completed
DISP-11347,EQ-7030,C-1250,04/19/2024,   Lisa Rodriguez,Preventive Maintenance,3.9,585.0,Replaced faulty thermal sensor and verified system bus voltage.,Cancelled
DISP-11348,EQ-5698,C-1058,02/18/2024,Michael Brown,Warranty Replacement,6.1,457.5,Calibrated inverter output. System operating within normal parameters.,Completed
DISP-11349,EQ-6896,C-1301,05/19/2022,  Mike Johnson  ,Diagnostic,7.8,USD 936.00,Replaced faulty thermal sensor and verified system bus voltage.,Completed
DISP-11350,EQ-6898,C-1289,02/26/2023,Jennifer Chen  ,Software Update,4.4,330.0,Replaced faulty thermal sensor and verified system bus voltage.,completed
DISP-11351,EQ-6973,C-1031,2023-12-24,Amanda Thompson,Diagnostic,5.1,484.5,<html>Performed standard preventive check. Updated firmware to v4.2.1.</html>,COMPLETED
DISP-11352,EQ-7367,C-1354,11-22-2021,Maria Garcia,Warranty Replacement,0.5,75.0,Replaced faulty thermal sensor and verified system bus voltage.,Completed
DISP-11353,EQ-6739,C-1343,2022-05-02T00:00:00Z,Amanda Thompson,Emergency Repair,10.7,1016.5,Replaced burnt fuse block. Test run completed successfully.,Pending
DISP-11354,EQ-6473,C-1209,04/19/2022,Lisa Rodriguez,Installation,9.8,931.0,Calibrated inverter output. System operating within normal parameters.,Cancelled
DISP-11355,EQ-5768,C-1291,12/05/2023,Michael Brown,Installation,11.4,1083.0,Calibrated inverter output. System operating within normal parameters.,In Progress
DISP-11356,EQ-6576,C-1210,2023-02-17T00:00:00Z,Mike Johnson,Software Update,5.1,612.0,Calibrated inverter output. System operating within normal parameters.,Pending
DISP-11357,EQ-6974,C-1028,2023-06-21T00:00:00Z,  Patricia Davis  ,Emergency Repair,4.6,437.0,Replaced burnt fuse block. Test run completed successfully.,Cancelled
DISP-11358,EQ-6769,C-1328,04-16-2022,Lisa Rodriguez,Warranty Replacement,2.6,390.0,Emergency dispatch for over-temperature alarm. Cleaned heat exchanger.,Pending
DISP-11359,EQ-5864,C-1257,2022/11/28,Sarah   Williams,Diagnostic,8.3,996.0,<html><body>Replaced burnt fuse block. Test run completed successfully.</body></html>,Completed
DISP-11360,EQ-5942,C-1023,02/16/2023,Amanda Thompson  ,Software Update,11.7,877.5,Calibrated inverter output. System operating within normal parameters.,Cancelled
DISP-11361,EQ-6694,C-1352,01-03-2023,Amanda Thompson,Software Update,8.8,836.0,Replaced burnt fuse block. Test run completed successfully.,COMPLETED
DISP-11362,EQ-6422,C-1503,10/26/2021,Robert Martinez,Installation,6.2,930.0,<p>Replaced faulty thermal sensor and verified system bus voltage.</p>,COMPLETED
DISP-11363,EQ-7430,C-1271,2024-07-08T00:00:00Z,Amanda Thompson,Software Update,7.4,888.0,Emergency dispatch for over-temperature alarm. Cleaned heat exchanger.,Completed
DISP-11364,EQ-7341,C-1132,2023/12/26,Lisa Rodriguez,Software Update,8.8,1056.0,Emergency dispatch for over-temperature alarm. Cleaned heat exchanger.,Pending
DISP-11365,EQ-5660,C-1276,03-27-2024,David Lee,Warranty Replacement,4.9,465.5,Replaced faulty thermal sensor and verified system bus voltage.,Pending
DISP-11366,EQ-5620,C-1247,2023-10-07,Lisa Rodriguez,Preventive Maintenance,0.8,96.0,Performed standard preventive check. Updated firmware to v4.2.1.,In Progress
DISP-11367,EQ-6104,C-1164,06/16/2021,Sarah Williams,Software Update,4.8,456.0,Performed standard preventive check. Updated firmware to v4.2.1.,Cancelled
DISP-11368,EQ-7101,C-1224,07-21-2024,Sarah Williams,Corrective Maintenance,6.7,804.0,Performed standard preventive check. Updated firmware to v4.2.1.,COMPLETED
DISP-11369,EQ-5242,C-1482,2021-07-10T00:00:00Z,David Lee,Diagnostic,7.0,1050.0,Emergency dispatch for over-temperature alarm. Cleaned heat exchanger.,completed
DISP-11370,EQ-7066,C-1183,2021-09-26,David Lee,Installation,1.5,112.5,Replaced burnt fuse block. Test run completed successfully.,Pending
DISP-11371,EQ-6154,C-1034,08/07/2022,Maria Garcia,Emergency Repair,6.3,756.0,Emergency dispatch for over-temperature alarm. Cleaned heat exchanger.,COMPLETED
DISP-11372,EQ-6890,C-1019,09/22/2023,James Wilson,Emergency Repair,11.7,877.5,Emergency dispatch for over-temperature alarm. Cleaned heat exchanger.,In Progress
DISP-11373,EQ-6906,C-1344,2024-04-02,Maria Garcia,Software Update,10.7,802.5,Replaced burnt fuse block. Test run completed successfully.,In Progress
DISP-11374,EQ-6492,C-1209,2022/06/21,Carlos Sanchez,Installation,9.5,1140.0,Performed standard preventive check. Updated firmware to v4.2.1.,COMPLETED
DISP-11375,EQ-6589,C-1434,2023-01-01T00:00:00Z,Amanda Thompson,Emergency Repair,1.1,132.0,Replaced burnt fuse block. Test run completed successfully.,Pending
DISP-11376,EQ-7442,C-1016,01-10-2022,Lisa Rodriguez,Diagnostic,7.9,1185.0,Emergency dispatch for over-temperature alarm. Cleaned heat exchanger.,Pending
DISP-11377,EQ-5912,C-1271,07/27/2021,,Preventive Maintenance,6.8,1020.0,Calibrated inverter output. System operating within normal parameters.,Cancelled
DISP-11378,EQ-5720,C-1205,2023-12-22T00:00:00Z,Maria Garcia,Software Update,8.5,1275.0,Replaced faulty thermal sensor and verified system bus voltage.,In Progress
DISP-11379,EQ-5910,C-1343,2022-04-09T00:00:00Z,Sarah Williams,Software Update,4.8,720.0,Emergency dispatch for over-temperature alarm. Cleaned heat exchanger.,Cancelled
DISP-11380,EQ-7363,C-1178,2022/09/07,Patricia Davis,Warranty Replacement,5.0,600.0,Calibrated inverter output. System operating within normal parameters.,completed
DISP-11381,EQ-7400,C-1375,07/09/2022,   James Wilson,Installation,7.8,1170.0,Emergency dispatch for over-temperature alarm. Cleaned heat exchanger.,Pending
DISP-11382,EQ-6021,C-1268,02/12/2022,Michael Brown,Corrective Maintenance,9.5,1425.0,Replaced faulty thermal sensor and verified system bus voltage.,Pending
DISP-11383,EQ-6796,C-1097,2023/12/11,   Carlos Sanchez,Warranty Replacement,8.5,1020.0,Replaced burnt fuse block. Test run completed successfully.,completed
DISP-11384,EQ-7269,C-1145,2021-08-19,Maria Garcia,Software Update,7.8,1170.0,Calibrated inverter output. System operating within normal parameters.,Completed
DISP-11385,EQ-5994,C-1467,2022-12-25T00:00:00Z,Mike Johnson,Software Update,1.9,142.5,Performed standard preventive check. Updated firmware to v4.2.1.,Pending
DISP-11386,EQ-6787,C-1378,03/29/2024,Patricia Davis,Installation,3.2,304.0,Performed standard preventive check. Updated firmware to v4.2.1.,Pending
DISP-11387,EQ-6378,C-1495,2023/02/14,Jennifer Chen,Software Update,11.4,1083.0,Replaced faulty thermal sensor and verified system bus voltage.,Pending
DISP-11388,EQ-6804,C-1006,10/13/2023,Maria Garcia,Preventive Maintenance,8.8,1320.0,Replaced faulty thermal sensor and verified system bus voltage.,Completed
DISP-11389,EQ-6676,C-1478,11/06/2022,   ,Diagnostic,10.6,1590.0,Replaced faulty thermal sensor and verified system bus voltage.,Pending
DISP-11390,EQ-5118,C-1351,2024-06-28T00:00:00Z,Lisa Rodriguez,Corrective Maintenance,3.5,420.0,Emergency dispatch for over-temperature alarm. Cleaned heat exchanger.,Pending
DISP-11391,EQ-7379,C-1282,2021-09-16,Mike Johnson,Installation,9.6,1440.0,<html>Calibrated inverter output. System operating within normal parameters.</html>,Cancelled
DISP-11392,EQ-7480,C-1211,2022/08/06,David   Lee,Corrective Maintenance,282.5,42375.0,Performed standard preventive check. Updated firmware to v4.2.1.,Completed
DISP-11393,EQ-6557,C-1515,07/17/2024,Sarah Williams,Installation,5.0,375,Replaced burnt fuse block. Test run completed successfully.,Completed
DISP-11394,EQ-7093,C-1058,2023-06-18T00:00:00Z,Maria Garcia,Warranty Replacement,9.1,682.5,Replaced burnt fuse block. Test run completed successfully.,completed
DISP-11395,EQ-6746,C-1029,05/09/2022,Robert Martinez,Installation,6.7,502.5,Performed standard preventive check. Updated firmware to v4.2.1.,Completed
DISP-11396,EQ-7158,C-1126,09-27-2022,Maria Garcia,Warranty Replacement,6.8,816.0,Replaced faulty thermal sensor and verified system bus voltage.,Cancelled
DISP-11397,EQ-6925,C-1199,11-27-2023,David Lee,Preventive Maintenance,5.9,708.0,Calibrated inverter output. System operating within normal parameters.,completed
DISP-11398,EQ-6986,C-1124,07/30/2023,   ,Installation,5.1,382.5,Performed standard preventive check. Updated firmware to v4.2.1.,In Progress
DISP-11399,EQ-5559,C-1437,2021-11-16,Mike Johnson,Installation,9.7,1455.0,Emergency dispatch for over-temperature alarm. Cleaned heat exchanger.,Cancelled
DISP-11400,EQ-6865,C-1148,2023-04-11,Michael Brown,Preventive Maintenance,7.6,722.0,<html><body>Replaced faulty thermal sensor and verified system bus voltage.</body></html>,In Progress
DISP-11401,EQ-5529,C-1277,2021-11-16,Maria Garcia,Corrective Maintenance,195.2,14640.0,Calibrated inverter output. System operating within normal parameters.,In Progress
DISP-11402,EQ-5519,C-1484,2023-11-16T00:00:00Z,Carlos Sanchez,Diagnostic,6.1,579.5,<strong>Replaced faulty thermal sensor and verified system bus voltage.</strong>,COMPLETED
DISP-11403,EQ-6421,C-1359,03/02/2023,Sarah Williams,Preventive Maintenance,8.3,996.0,Emergency dispatch for over-temperature alarm. Cleaned heat exchanger.,In Progress
DISP-11404,EQ-5717,C-1056,11/04/2022,David Lee,Preventive Maintenance,5.1,382.5,Emergency dispatch for over-temperature alarm. Cleaned heat exchanger.,Cancelled
DISP-11405,EQ-5376,C-1115,2022-12-21T00:00:00Z,James Wilson  ,Software Update,2.7,256.5,<b>Calibrated inverter output. System operating within normal parameters.</b>,Cancelled
DISP-11406,EQ-5157,C-1326,12/25/2022,Lisa   Rodriguez,Software Update,9.5,712.5,Replaced faulty thermal sensor and verified system bus voltage.,In Progress
DISP-11407,EQ-6502,C-1267,05-13-2024,Amanda Thompson,Preventive Maintenance,3.1,372.0,Performed standard preventive check. Updated firmware to v4.2.1.,COMPLETED
DISP-11408,EQ-5063,C-1004,2021-09-30,Patricia Davis,Corrective Maintenance,7.0,840.0,Calibrated inverter output. System operating within normal parameters.,Pending
DISP-11409,EQ-7290,C-1354,2022/04/18,   Maria Garcia,Preventive Maintenance,8.6,645.0,Replaced faulty thermal sensor and verified system bus voltage.,Cancelled
DISP-11410,EQ-6553,C-1147,10/25/2021,  Carlos Sanchez  ,Software Update,11.0,1650.0,Replaced burnt fuse block. Test run completed successfully.,Completed
DISP-11411,EQ-7145,C-1143,07/04/2021,James Wilson,Corrective Maintenance,2.9,275.5,Replaced faulty thermal sensor and verified system bus voltage.,completed
DISP-11412,EQ-5067,C-1272,10/15/2021,Lisa Rodriguez,Installation,11.9,892.5,Emergency dispatch for over-temperature alarm. Cleaned heat exchanger.,In Progress
DISP-11413,EQ-7413,C-1162,03/20/2022,Maria Garcia  ,Warranty Replacement,9.9,1485.0,Replaced faulty thermal sensor and verified system bus voltage.,COMPLETED
DISP-11414,EQ-7114,C-1503,2021/07/17,Patricia Davis,Warranty Replacement,409.4,61410.0,Replaced burnt fuse block. Test run completed successfully.,In Progress
DISP-11415,EQ-5611,C-1124,01-04-2024,James Wilson,Installation,4.8,360.0,Emergency dispatch for over-temperature alarm. Cleaned heat exchanger.,completed
DISP-11416,EQ-6154,C-1034,10-26-2022,James Wilson,Emergency Repair,9.8,735.0,Calibrated inverter output. System operating within normal parameters.,completed
DISP-11417,EQ-5644,C-1019,2023-07-04T00:00:00Z,Patricia Davis,Warranty Replacement,11.5,1380.0,<b>Replaced faulty thermal sensor and verified system bus voltage.</b>,In Progress
DISP-11418,EQ-6389,C-1241,2023-12-15,David Lee,Warranty Replacement,1.4,210.0,Replaced burnt fuse block. Test run completed successfully.,Cancelled
DISP-11419,EQ-6669,C-1151,03/19/2024,Amanda Thompson,Software Update,11.4,855.0,Replaced burnt fuse block. Test run completed successfully.,In Progress
DISP-11420,EQ-7218,C-1474,2021-06-24T00:00:00Z,Michael Brown,Preventive Maintenance,2.2,330.0,Calibrated inverter output. System operating within normal parameters.,Pending
DISP-11421,EQ-7207,C-1076,10-29-2021,Carlos   Sanchez,Diagnostic,8.7,652.5,Calibrated inverter output. System operating within normal parameters.,completed
DISP-11422,EQ-7185,C-1404,07-20-2023,Patricia Davis,Software Update,9.7,727.5,Calibrated inverter output. System operating within normal parameters.,In Progress
DISP-11423,EQ-6522,C-1198,01/31/2022,Maria Garcia,Corrective Maintenance,8.7,1044.0,Replaced burnt fuse block. Test run completed successfully.,COMPLETED
DISP-11424,EQ-7493,C-1457,07-30-2024,James Wilson,Corrective Maintenance,3.6,342.0,<strong>Emergency dispatch for over-temperature alarm. Cleaned heat exchanger.</strong>,Cancelled
DISP-11425,EQ-5898,C-1239,2023-07-04,David Lee,Corrective Maintenance,2.6,390.0,Calibrated inverter output. System operating within normal parameters.,completed
DISP-11426,EQ-6050,C-1308,2024-01-26T00:00:00Z,Amanda Thompson,Installation,1.1,104.5,Replaced burnt fuse block. Test run completed successfully.,Completed
DISP-11427,EQ-6969,C-1074,10-20-2023,Lisa Rodriguez  ,Software Update,4.6,437.0,Performed standard preventive check. Updated firmware to v4.2.1.,In Progress
DISP-11428,EQ-6011,C-1481,2023-02-04T00:00:00Z,Patricia Davis,Diagnostic,11.2,1344,Emergency dispatch for over-temperature alarm. Cleaned heat exchanger.,In Progress
DISP-11429,EQ-5048,C-1153,2022-09-19,Mike Johnson,Installation,6.9,517.5,Replaced burnt fuse block. Test run completed successfully.,COMPLETED
DISP-11430,EQ-7496,C-1160,08/13/2021,Patricia Davis,Preventive Maintenance,11.6,1392.0,Performed standard preventive check. Updated firmware to v4.2.1.,Cancelled
DISP-11431,EQ-6500,C-1320,2023/10/28,Sarah Williams,Warranty Replacement,10.3,1545.0,<p>Replaced faulty thermal sensor and verified system bus voltage.</p>,Cancelled
DISP-11432,EQ-6899,C-1237,2024-04-14,David Lee,Preventive Maintenance,6.2,930.0,Replaced faulty thermal sensor and verified system bus voltage.,COMPLETED
DISP-11433,EQ-7262,C-1040,2023/08/04,Jennifer Chen,Corrective Maintenance,6.6,792.0,Performed standard preventive check. Updated firmware to v4.2.1.,COMPLETED
DISP-11434,EQ-6811,C-1331,08/31/2022,Lisa Rodriguez,Corrective Maintenance,8.9,667.5,Emergency dispatch for over-temperature alarm. Cleaned heat exchanger.,Cancelled
DISP-11435,EQ-6842,C-1377,2021-10-21,Jennifer Chen,Preventive Maintenance,4.2,315.0,<div>Replaced faulty thermal sensor and verified system bus voltage.</div>,In Progress
DISP-11436,EQ-5288,C-1053,2023-10-08T00:00:00Z,Michael Brown,Preventive Maintenance,4.8,456.0,Performed standard preventive check. Updated firmware to v4.2.1.,Completed
DISP-11437,EQ-5403,C-1498,2024-04-21T00:00:00Z,James Wilson,Diagnostic,2.8,420.0,Calibrated inverter output. System operating within normal parameters.,completed
DISP-11438,EQ-7420,C-1083,07/31/2022,Jennifer Chen,Corrective Maintenance,1.0,75.0,Replaced faulty thermal sensor and verified system bus voltage.,Pending
DISP-11439,EQ-6331,C-1407,2023-06-20,NULL,Emergency Repair,1.0,75.0,<strong>Emergency dispatch for over-temperature alarm. Cleaned heat exchanger.</strong>,Cancelled
DISP-11440,EQ-7050,C-1328,09-14-2021,Amanda Thompson,Emergency Repair,1.7,255.0,Calibrated inverter output. System operating within normal parameters.,Completed
DISP-11441,EQ-6486,C-1249,03-07-2024,Mike Johnson  ,Emergency Repair,8.4,1260.0,Replaced burnt fuse block. Test run completed successfully.,Cancelled
DISP-11442,EQ-7127,C-1386,2023-10-25,Patricia   Davis,Corrective Maintenance,8.3,996.0,Replaced burnt fuse block. Test run completed successfully.,Pending
DISP-11443,EQ-5182,C-1293,12-04-2021,  Michael Brown  ,Corrective Maintenance,7.5,900.0,Calibrated inverter output. System operating within normal parameters.,Completed
DISP-11444,EQ-5741,C-1129,04/09/2024,Maria Garcia,Installation,5.5,660.0,Calibrated inverter output. System operating within normal parameters.,completed
DISP-11445,EQ-7345,C-1431,2024-01-13,Amanda Thompson,Diagnostic,11.0,825.0,Calibrated inverter output. System operating within normal parameters.,Completed
DISP-11446,EQ-7371,C-1466,2023-01-23,   Mike Johnson,Emergency Repair,0.8,120.0,Calibrated inverter output. System operating within normal parameters.,COMPLETED
DISP-11447,EQ-6918,C-1098,2022-08-30T00:00:00Z,David Lee,Corrective Maintenance,6.5,617.5,Replaced faulty thermal sensor and verified system bus voltage.,Cancelled
DISP-11448,EQ-6509,C-1254,01-13-2023,Sarah Williams,Emergency Repair,11.5,1092.5,Replaced burnt fuse block. Test run completed successfully.,COMPLETED
DISP-11449,EQ-7226,C-1253,01-12-2024,David Lee,Warranty Replacement,11.0,1320.0,Calibrated inverter output. System operating within normal parameters.,COMPLETED
DISP-11450,EQ-5675,C-1179,08/12/2024,Lisa Rodriguez,Preventive Maintenance,1.7,204.0,Replaced faulty thermal sensor and verified system bus voltage.,completed
DISP-11451,EQ-99524,C-99553,01/24/2023,James Wilson,Installation,0.9,108.0,Calibrated inverter output. System operating within normal parameters.,completed
DISP-11452,EQ-5868,C-1463,2022-06-29T00:00:00Z,Jennifer Chen,Installation,8.5,637.5,Calibrated inverter output. System operating within normal parameters.,Completed
DISP-11453,EQ-7027,C-1460,04-12-2023,David Lee,Diagnostic,262.2,24909.0,Emergency dispatch for over-temperature alarm. Cleaned heat exchanger.,Pending
DISP-11454,EQ-6609,C-1251,03-25-2024,Mike Johnson  ,Warranty Replacement,11.4,1710.0,Calibrated inverter output. System operating within normal parameters.,Completed
DISP-11455,EQ-6640,C-1181,2023-06-13,David Lee,Emergency Repair,1.1,132.0,Emergency dispatch for over-temperature alarm. Cleaned heat exchanger.,completed
DISP-11456,EQ-7479,C-1221,2023-02-03,Mike Johnson,Corrective Maintenance,1.9,228.0,Emergency dispatch for over-temperature alarm. Cleaned heat exchanger.,In Progress
DISP-11457,EQ-7371,C-1466,08/18/2023,Lisa Rodriguez,Corrective Maintenance,7.8,741,Replaced burnt fuse block. Test run completed successfully.,Pending
DISP-11458,EQ-5261,C-1492,2024/03/06,Amanda Thompson,Corrective Maintenance,7.1,852.0,Calibrated inverter output. System operating within normal parameters.,COMPLETED
DISP-11459,EQ-7074,C-1007,2022-08-08,Sarah Williams,Emergency Repair,1.4,105.0,Replaced faulty thermal sensor and verified system bus voltage.,Cancelled
DISP-11460,EQ-6627,C-1255,2021/07/24,Mike Johnson,Software Update,9.5,712.5,Replaced burnt fuse block. Test run completed successfully.,In Progress
DISP-11461,EQ-5947,C-1139,2024-04-09,Michael Brown,Warranty Replacement,2.8,266.0,Replaced burnt fuse block. Test run completed successfully.,completed
DISP-11462,EQ-6347,C-1225,03-01-2024,Robert Martinez,Installation,9.1,682.5,Calibrated inverter output. System operating within normal parameters.,Completed
DISP-11463,EQ-6955,C-1301,2024/04/24,Maria Garcia,Warranty Replacement,8.0,960.0,Calibrated inverter output. System operating within normal parameters.,COMPLETED
DISP-11464,EQ-6761,C-1305,09/19/2022,NULL,Diagnostic,7.1,674.5,<html><body>Replaced faulty thermal sensor and verified system bus voltage.</body></html>,COMPLETED
DISP-11465,EQ-5092,C-1189,06-02-2024,   Carlos Sanchez,Preventive Maintenance,6.1,732.0,<html><body>Calibrated inverter output. System operating within normal parameters.</body></html>,completed
DISP-11466,EQ-5196,C-1488,2023/07/12,Sarah Williams,Diagnostic,9.6,912.0,Performed standard preventive check. Updated firmware to v4.2.1.,Pending
DISP-11467,EQ-6108,C-1175,2021-11-25T00:00:00Z,  Mike Johnson  ,Warranty Replacement,7.8,741.0,Replaced burnt fuse block. Test run completed successfully.,completed
DISP-11468,EQ-5495,C-1297,2023/06/06,Carlos Sanchez,Diagnostic,2.2,264.0,<strong>Replaced faulty thermal sensor and verified system bus voltage.</strong>,Pending
DISP-11469,EQ-6345,C-1331,2023-09-18T00:00:00Z,Lisa Rodriguez,Software Update,2.9,275.5,<b>Performed standard preventive check. Updated firmware to v4.2.1.</b>,completed
DISP-11470,EQ-5479,C-1420,2022/10/27,Robert Martinez,Preventive Maintenance,1.3,123.5,Replaced burnt fuse block. Test run completed successfully.,Completed
DISP-11471,EQ-6804,C-1006,01-21-2024,James Wilson,Software Update,1.8,171.0,Calibrated inverter output. System operating within normal parameters.,In Progress
DISP-11472,EQ-5850,C-1378,11/02/2022,Michael Brown,Corrective Maintenance,8.7,USD 1044.00,<div>Replaced burnt fuse block. Test run completed successfully.</div>,In Progress
DISP-11473,EQ-5885,C-1244,10/22/2021,Michael Brown,Software Update,3.9,292.5,Replaced burnt fuse block. Test run completed successfully.,COMPLETED
DISP-11474,EQ-6881,C-1325,2023-02-18,Lisa Rodriguez,Emergency Repair,4.5,675.0,<html>Performed standard preventive check. Updated firmware to v4.2.1.</html>,COMPLETED
DISP-11475,EQ-5900,C-1261,05/15/2022,Maria Garcia,Warranty Replacement,2.3,172.5,Replaced burnt fuse block. Test run completed successfully.,Cancelled
DISP-11476,EQ-6145,C-1055,2023-01-25,  Carlos Sanchez  ,Diagnostic,7.0,840.0,Performed standard preventive check. Updated firmware to v4.2.1.,Completed
DISP-11477,EQ-5288,C-1053,2024-05-23T00:00:00Z,Sarah Williams,Diagnostic,7.2,540.0,Replaced burnt fuse block. Test run completed successfully.,Cancelled
DISP-11478,EQ-6182,C-1143,09/19/2022,Robert Martinez,Corrective Maintenance,1.7,161.5,Calibrated inverter output. System operating within normal parameters.,Cancelled
DISP-11479,EQ-6938,C-1365,12-08-2023,Mike Johnson,Corrective Maintenance,5.1,$382.50,Performed standard preventive check. Updated firmware to v4.2.1.,COMPLETED
DISP-11480,EQ-6008,C-1352,11-09-2021,David Lee,Corrective Maintenance,5.5,825.0,Calibrated inverter output. System operating within normal parameters.,Cancelled
DISP-11481,EQ-7350,C-1474,09-18-2022,Michael Brown,Corrective Maintenance,292.3,35076.0,Replaced burnt fuse block. Test run completed successfully.,Pending
DISP-11482,EQ-5343,C-1226,2023/10/10,Carlos Sanchez,Installation,7.8,585.0,Performed standard preventive check. Updated firmware to v4.2.1.,In Progress
DISP-11483,EQ-5430,C-1289,02/09/2024,Sarah Williams,Diagnostic,11.0,1045.0,Performed standard preventive check. Updated firmware to v4.2.1.,Cancelled
DISP-11484,EQ-5426,C-1436,2021-12-20T00:00:00Z,Maria Garcia,Software Update,4.1,615.0,Calibrated inverter output. System operating within normal parameters.,Completed
DISP-11485,EQ-5308,C-1507,03/28/2023,Patricia   Davis,Corrective Maintenance,9.8,735.0,Emergency dispatch for over-temperature alarm. Cleaned heat exchanger.,completed
DISP-11486,EQ-6867,C-1041,2021-08-16,Michael Brown,Warranty Replacement,6.7,1005.0,Emergency dispatch for over-temperature alarm. Cleaned heat exchanger.,Cancelled
DISP-11487,EQ-6389,C-1241,2023/12/28,  James Wilson  ,Emergency Repair,5.6,672.0,<html>Replaced faulty thermal sensor and verified system bus voltage.</html>,Pending
DISP-11488,EQ-5585,C-1265,2023-10-30,Amanda Thompson,Installation,6.7,502.5,Emergency dispatch for over-temperature alarm. Cleaned heat exchanger.,COMPLETED
DISP-11489,EQ-5779,C-1467,2023-06-20,Amanda Thompson,Warranty Replacement,1.2,144.0,Calibrated inverter output. System operating within normal parameters.,Cancelled
DISP-11490,EQ-5475,C-1350,2023/04/28,Sarah Williams,Preventive Maintenance,7.9,592.5,<p>Replaced burnt fuse block. Test run completed successfully.</p>,In Progress
DISP-11491,EQ-5276,C-1456,09/05/2023,Carlos Sanchez,Software Update,8.1,1215.0,Calibrated inverter output. System operating within normal parameters.,Completed
DISP-11492,EQ-7142,C-1347,2022-06-13,Michael Brown,Software Update,7.5,1125.0,Calibrated inverter output. System operating within normal parameters.,Pending
DISP-11493,EQ-6479,C-1053,01/07/2024,Mike Johnson,Preventive Maintenance,6.8,816.0,<strong>Performed standard preventive check. Updated firmware to v4.2.1.</strong>,COMPLETED
DISP-11494,EQ-6262,C-1152,2024-06-02,Maria Garcia,Emergency Repair,1.0,75.0,Replaced burnt fuse block. Test run completed successfully.,Pending
DISP-11495,EQ-7155,C-1050,2022-03-23,Maria Garcia,Corrective Maintenance,9.5,1140.0,Replaced burnt fuse block. Test run completed successfully.,COMPLETED
DISP-11496,EQ-6357,C-1059,11-29-2023,Robert Martinez,Software Update,9.7,727.5,Replaced burnt fuse block. Test run completed successfully.,completed
DISP-11497,EQ-5937,C-1311,07/04/2021,,Software Update,3.3,396.0,Replaced faulty thermal sensor and verified system bus voltage.,In Progress
DISP-11498,EQ-6670,C-1456,04/23/2024,Sarah Williams,Installation,10.7,1284.0,Replaced burnt fuse block. Test run completed successfully.,Pending
DISP-11499,EQ-6835,C-1504,10/22/2021,Carlos Sanchez,Installation,5.7,427,Performed standard preventive check. Updated firmware to v4.2.1.,Completed
DISP-11500,EQ-6402,C-1075,11/24/2023,Maria Garcia,Installation,0.5,75.0,Replaced faulty thermal sensor and verified system bus voltage.,completed
DISP-11501,EQ-7031,C-1094,10/23/2022,Sarah Williams,Preventive Maintenance,2.0,190.0,Replaced faulty thermal sensor and verified system bus voltage.,Completed
DISP-11502,EQ-6516,C-1222,2022-06-13T00:00:00Z,Patricia Davis,Diagnostic,8.2,984.0,Replaced faulty thermal sensor and verified system bus voltage.,In Progress
DISP-11503,EQ-6500,C-1320,10/03/2021,Jennifer Chen,Installation,0.8,120.0,Emergency dispatch for over-temperature alarm. Cleaned heat exchanger.,In Progress
DISP-11504,EQ-5220,C-1309,2021-07-22T00:00:00Z,James Wilson,Corrective Maintenance,7.8,1170.0,Emergency dispatch for over-temperature alarm. Cleaned heat exchanger.,Completed
DISP-11505,EQ-6128,C-1353,10-01-2023,Michael Brown,Software Update,10.6,1007.0,Emergency dispatch for over-temperature alarm. Cleaned heat exchanger.,Pending
DISP-11506,EQ-5884,C-1187,2021-12-09T00:00:00Z,Patricia Davis,Installation,9.5,1140.0,<div>Calibrated inverter output. System operating within normal parameters.</div>,In Progress
DISP-11507,EQ-5340,C-1427,04-04-2022,David Lee,Diagnostic,1.3,97.5,Performed standard preventive check. Updated firmware to v4.2.1.,Cancelled
DISP-11508,EQ-6459,C-1488,09/17/2021,Amanda Thompson,Software Update,1.7,255.0,Performed standard preventive check. Updated firmware to v4.2.1.,Pending
DISP-11509,EQ-5474,C-1097,04-17-2022,Mike Johnson,Software Update,9.5,712.5,Emergency dispatch for over-temperature alarm. Cleaned heat exchanger.,COMPLETED
DISP-11510,EQ-5648,C-1009,06/09/2021,Michael   Brown,Diagnostic,10.4,1560.0,Emergency dispatch for over-temperature alarm. Cleaned heat exchanger.,Pending
DISP-11511,EQ-5527,C-1362,2022/03/09,Amanda Thompson  ,Emergency Repair,6.5,$975.00,Calibrated inverter output. System operating within normal parameters.,completed
DISP-11512,EQ-7132,C-1105,2021-10-29,Maria Garcia,Warranty Replacement,5.5,825.0,<b>Performed standard preventive check. Updated firmware to v4.2.1.</b>,Cancelled
DISP-11513,EQ-6856,C-1197,2021-11-06,Jennifer Chen,Software Update,9.9,940.5,Replaced faulty thermal sensor and verified system bus voltage.,Pending
DISP-11514,EQ-6694,C-1352,01/21/2022,Patricia Davis,Corrective Maintenance,2.1,USD 315.00,Emergency dispatch for over-temperature alarm. Cleaned heat exchanger.,COMPLETED
DISP-11515,EQ-6414,C-1415,10-11-2023,Patricia Davis,Diagnostic,0.8,96.0,Calibrated inverter output. System operating within normal parameters.,Completed
DISP-11516,EQ-5073,C-1516,10/27/2023,David Lee,Software Update,3.0,450.0,Replaced faulty thermal sensor and verified system bus voltage.,Completed
DISP-11517,EQ-6298,C-1241,2023/06/01,Michael Brown,Warranty Replacement,6.0,720.0,Calibrated inverter output. System operating within normal parameters.,Pending
DISP-11518,EQ-5048,C-1153,11-21-2023,David Lee,Warranty Replacement,3.0,225.0,Emergency dispatch for over-temperature alarm. Cleaned heat exchanger.,Cancelled
DISP-11519,EQ-5556,C-1336,10-15-2023,Patricia Davis,Diagnostic,2.8,266.0,Calibrated inverter output. System operating within normal parameters.,Cancelled
DISP-11520,EQ-6247,C-1086,2023-01-03,Maria Garcia,Warranty Replacement,11.4,855.0,Calibrated inverter output. System operating within normal parameters.,In Progress
DISP-11521,EQ-6878,C-1297,2023-08-29T00:00:00Z,Maria Garcia,Preventive Maintenance,8.2,779.0,<div>Calibrated inverter output. System operating within normal parameters.</div>,COMPLETED
DISP-11522,EQ-7098,C-1266,2022-11-06,Sarah Williams,Preventive Maintenance,6.2,465.0,Emergency dispatch for over-temperature alarm. Cleaned heat exchanger.,completed
DISP-11523,EQ-5514,C-1123,2022-01-16,Jennifer Chen,Software Update,0.9,108.0,Performed standard preventive check. Updated firmware to v4.2.1.,Cancelled
DISP-11524,EQ-99810,C-99195,2021-12-22T00:00:00Z,Robert Martinez,Installation,10.1,1212.0,Emergency dispatch for over-temperature alarm. Cleaned heat exchanger.,completed
DISP-11525,EQ-7477,C-1500,2021-10-22,   Maria Garcia,Emergency Repair,5.5,660.0,Performed standard preventive check. Updated firmware to v4.2.1.,Pending
DISP-11526,EQ-99561,C-99132,08/30/2021,Michael Brown,Corrective Maintenance,4.6,437.0,Calibrated inverter output. System operating within normal parameters.,completed
DISP-11527,EQ-5594,C-1268,2023/04/24,Sarah Williams,Diagnostic,11.9,892.5,Replaced faulty thermal sensor and verified system bus voltage.,completed
DISP-11528,EQ-6744,C-1417,02-05-2024,Mike Johnson,Corrective Maintenance,2.9,348.0,Performed standard preventive check. Updated firmware to v4.2.1.,completed
DISP-11529,EQ-6919,C-1206,01/06/2022,Robert Martinez,Preventive Maintenance,10.4,780.0,Performed standard preventive check. Updated firmware to v4.2.1.,completed
DISP-11530,EQ-7488,C-1360,01-14-2022,,Emergency Repair,11.7,877.5,Emergency dispatch for over-temperature alarm. Cleaned heat exchanger.,completed
DISP-11531,EQ-5464,C-1112,06/20/2021,Lisa Rodriguez,Emergency Repair,3.7,444.0,<div>Replaced burnt fuse block. Test run completed successfully.</div>,completed
DISP-11532,EQ-6132,C-1418,2022-07-19,Michael Brown,Corrective Maintenance,2.9,275.5,Emergency dispatch for over-temperature alarm. Cleaned heat exchanger.,completed
DISP-11533,EQ-5709,C-1120,2023/05/18,Carlos Sanchez,Diagnostic,4.4,528.0,Performed standard preventive check. Updated firmware to v4.2.1.,In Progress
DISP-11534,EQ-5270,C-1236,03/16/2022,   Jennifer Chen,Emergency Repair,6.5,487.5,Replaced faulty thermal sensor and verified system bus voltage.,Pending
DISP-11535,EQ-6997,C-1154,03/05/2023,Carlos Sanchez,Installation,5.4,810.0,Performed standard preventive check. Updated firmware to v4.2.1.,In Progress
DISP-11536,EQ-5358,C-1379,12/27/2023,Lisa Rodriguez,Diagnostic,1.9,142.5,Calibrated inverter output. System operating within normal parameters.,COMPLETED
DISP-11537,EQ-5722,C-1138,2024-08-11,David Lee,Corrective Maintenance,11.8,1121.0,Emergency dispatch for over-temperature alarm. Cleaned heat exchanger.,In Progress
DISP-11538,EQ-6850,C-1262,2021/06/29,David Lee,Preventive Maintenance,8.1,972.0,Replaced burnt fuse block. Test run completed successfully.,Completed
DISP-11539,EQ-5024,C-1510,2022-04-14T00:00:00Z,David Lee,Installation,11.2,1064.0,Replaced faulty thermal sensor and verified system bus voltage.,Pending
DISP-11540,EQ-5187,C-1049,2023-08-07T00:00:00Z,Mike Johnson  ,Software Update,10.5,997.5,Performed standard preventive check. Updated firmware to v4.2.1.,COMPLETED
DISP-11541,EQ-7004,C-1116,01/21/2024,David   Lee,Diagnostic,9.8,1470.0,Replaced faulty thermal sensor and verified system bus voltage.,COMPLETED
DISP-11542,EQ-5493,C-1188,01/29/2024,Maria Garcia,Installation,4.1,307.5,Performed standard preventive check. Updated firmware to v4.2.1.,In Progress
DISP-11543,EQ-5950,C-1048,12/31/2023,Amanda Thompson,Preventive Maintenance,8.9,667.5,Replaced faulty thermal sensor and verified system bus voltage.,In Progress
DISP-11544,EQ-7038,C-1202,2023-11-30,Amanda Thompson,Corrective Maintenance,1.9,228.0,Replaced faulty thermal sensor and verified system bus voltage.,Cancelled
DISP-11545,EQ-6308,C-1373,11/28/2021,Michael Brown,Warranty Replacement,1.8,171.0,Emergency dispatch for over-temperature alarm. Cleaned heat exchanger.,COMPLETED
DISP-11546,EQ-5372,C-1069,2022-01-27T00:00:00Z,Michael Brown,Installation,0.8,96.0,Replaced faulty thermal sensor and verified system bus voltage.,COMPLETED
DISP-11547,EQ-6533,C-1412,02-17-2023,Michael Brown  ,Diagnostic,11.2,1680.0,Performed standard preventive check. Updated firmware to v4.2.1.,Pending
DISP-11548,EQ-6434,C-1143,05/02/2022,NULL,Installation,1.9,180.5,Replaced burnt fuse block. Test run completed successfully.,In Progress
DISP-11549,EQ-6080,C-1469,02-01-2022,Jennifer   Chen,Installation,7.7,1155.0,Emergency dispatch for over-temperature alarm. Cleaned heat exchanger.,Cancelled
DISP-11550,EQ-5486,C-1362,2021-08-04,Lisa Rodriguez,Diagnostic,5.9,560.5,Calibrated inverter output. System operating within normal parameters.,In Progress
DISP-11551,EQ-6925,C-1199,03-06-2023,Lisa Rodriguez,Corrective Maintenance,7.4,1110.0,Replaced faulty thermal sensor and verified system bus voltage.,COMPLETED
DISP-11552,EQ-5041,C-1047,2023/03/06,David Lee,Corrective Maintenance,0.9,108.0,Emergency dispatch for over-temperature alarm. Cleaned heat exchanger.,Cancelled
DISP-11553,EQ-5454,C-1269,03/29/2024,   ,Emergency Repair,7.0,1050.0,Calibrated inverter output. System operating within normal parameters.,Cancelled
DISP-11554,EQ-6998,C-1268,2021/09/13,Mike Johnson,Emergency Repair,1.5,180.0,Calibrated inverter output. System operating within normal parameters.,Pending
DISP-11555,EQ-6641,C-1154,2023/09/26,Robert Martinez,Preventive Maintenance,8.4,1260.0,Emergency dispatch for over-temperature alarm. Cleaned heat exchanger.,Cancelled
DISP-11556,EQ-6247,C-1086,2022/08/10,Carlos Sanchez,Software Update,10.4,1560.0,<div>Replaced faulty thermal sensor and verified system bus voltage.</div>,COMPLETED
DISP-11557,EQ-6111,C-1377,11/11/2022,Mike Johnson,Diagnostic,9.3,1395.0,Calibrated inverter output. System operating within normal parameters.,COMPLETED
DISP-11558,EQ-5622,C-1508,01/03/2024,David Lee,Software Update,3.3,USD 396.00,Emergency dispatch for over-temperature alarm. Cleaned heat exchanger.,In Progress
DISP-11559,EQ-5068,C-1046,2021-11-24T00:00:00Z,Maria Garcia,Warranty Replacement,9.1,1365.0,Replaced faulty thermal sensor and verified system bus voltage.,Completed
DISP-11560,EQ-6475,C-1365,2024-01-25,Michael Brown,Preventive Maintenance,8.3,788.5,Replaced burnt fuse block. Test run completed successfully.,Completed
DISP-11561,EQ-6925,C-1199,2021-08-01,   ,Software Update,8.3,USD 788.50,Emergency dispatch for over-temperature alarm. Cleaned heat exchanger.,Completed
DISP-11562,EQ-5769,C-1471,05/20/2023,Jennifer Chen  ,Preventive Maintenance,5.5,660.0,Replaced faulty thermal sensor and verified system bus voltage.,completed
DISP-11563,EQ-6185,C-1347,2024/07/31,Carlos Sanchez,Preventive Maintenance,11.2,840.0,Performed standard preventive check. Updated firmware to v4.2.1.,Pending
DISP-11564,EQ-5691,C-1406,07-27-2023,Mike Johnson  ,Software Update,4.5,337.5,Calibrated inverter output. System operating within normal parameters.,Completed
DISP-11565,EQ-6414,C-1415,01/23/2023,Patricia Davis,Diagnostic,7.6,912.0,Emergency dispatch for over-temperature alarm. Cleaned heat exchanger.,In Progress
DISP-11566,EQ-5915,C-1119,11/05/2023,Sarah Williams,Diagnostic,4.6,437.0,Replaced faulty thermal sensor and verified system bus voltage.,Completed
DISP-11567,EQ-6412,C-1097,03/11/2022,Carlos Sanchez,Emergency Repair,2.0,300.0,Performed standard preventive check. Updated firmware to v4.2.1.,completed
DISP-11568,EQ-6197,C-1028,09-18-2023,James Wilson,Warranty Replacement,0.8,120.0,Emergency dispatch for over-temperature alarm. Cleaned heat exchanger.,completed
DISP-11569,EQ-6514,C-1270,08/15/2022,Sarah Williams,Warranty Replacement,7.0,1050.0,Replaced faulty thermal sensor and verified system bus voltage.,COMPLETED
DISP-11570,EQ-6114,C-1037,11-05-2022,Maria Garcia,Corrective Maintenance,378.3,45396.0,Emergency dispatch for over-temperature alarm. Cleaned heat exchanger.,completed
DISP-11571,EQ-6659,C-1323,2021-09-28,Amanda Thompson,Installation,1.8,216.0,Calibrated inverter output. System operating within normal parameters.,Cancelled
DISP-11572,EQ-6440,C-1047,2021-11-04T00:00:00Z,James Wilson,Corrective Maintenance,10.1,$757.50,Emergency dispatch for over-temperature alarm. Cleaned heat exchanger.,Cancelled
DISP-11573,EQ-5891,C-1305,01-17-2022,Sarah Williams,Preventive Maintenance,0.5,60.0,Calibrated inverter output. System operating within normal parameters.,completed
DISP-11574,EQ-6390,C-1501,2023-09-10,  Amanda Thompson  ,Corrective Maintenance,10.0,750.0,Calibrated inverter output. System operating within normal parameters.,Completed
DISP-11575,EQ-6153,C-1039,05/26/2023,James Wilson,Emergency Repair,1.3,156.0,Calibrated inverter output. System operating within normal parameters.,Pending
DISP-11576,EQ-99555,C-99524,05/03/2024,Michael Brown,Software Update,3.9,292.5,Replaced burnt fuse block. Test run completed successfully.,Pending
DISP-11577,EQ-5413,C-1434,06/24/2022,Sarah   Williams,Installation,7.0,840.0,Emergency dispatch for over-temperature alarm. Cleaned heat exchanger.,Completed
DISP-11578,EQ-5966,C-1090,08/23/2021,Jennifer Chen,Software Update,5.7,$427.50,Calibrated inverter output. System operating within normal parameters.,Cancelled
DISP-11579,EQ-5637,C-1073,08-01-2022,   Lisa Rodriguez,Warranty Replacement,8.5,1020.0,Calibrated inverter output. System operating within normal parameters.,In Progress
DISP-11580,EQ-6019,C-1177,2022-03-03,Jennifer Chen,Warranty Replacement,7.7,577.5,<div>Emergency dispatch for over-temperature alarm. Cleaned heat exchanger.</div>,COMPLETED
DISP-11581,EQ-7327,C-1428,03-26-2023,Michael Brown  ,Installation,4.7,564.0,Replaced burnt fuse block. Test run completed successfully.,Completed
DISP-11582,EQ-5576,C-1079,2024/02/05,Patricia Davis,Corrective Maintenance,4.8,576.0,Replaced burnt fuse block. Test run completed successfully.,Completed
DISP-11583,EQ-6976,C-1465,2022-02-16T00:00:00Z,Jennifer Chen,Warranty Replacement,5.7,541.5,Replaced burnt fuse block. Test run completed successfully.,COMPLETED
DISP-11584,EQ-6357,C-1059,2024/02/04,Jennifer Chen,Diagnostic,7.0,525.0,Calibrated inverter output. System operating within normal parameters.,COMPLETED
DISP-11585,EQ-5819,C-1026,2023-09-04,James Wilson,Warranty Replacement,11.3,1073.5,Replaced faulty thermal sensor and verified system bus voltage.,In Progress
DISP-11586,EQ-7425,C-1305,2023/01/30,Robert Martinez,Preventive Maintenance,4.2,399.0,<p>Emergency dispatch for over-temperature alarm. Cleaned heat exchanger.</p>,completed
DISP-11587,EQ-6607,C-1236,07/21/2021,David   Lee,Emergency Repair,11.4,1368.0,Replaced faulty thermal sensor and verified system bus voltage.,Pending
DISP-11588,EQ-5891,C-1305,09/17/2021,   Mike Johnson,Corrective Maintenance,7.2,864.0,Replaced burnt fuse block. Test run completed successfully.,completed
DISP-11589,EQ-6789,C-1142,03/22/2024,Mike Johnson,Emergency Repair,9.3,1395.0,Replaced faulty thermal sensor and verified system bus voltage.,COMPLETED
DISP-11590,EQ-7054,C-1249,2024-03-25T00:00:00Z,Mike Johnson,Software Update,3.7,277.5,Performed standard preventive check. Updated firmware to v4.2.1.,Completed
DISP-11591,EQ-6968,C-1025,10-16-2023,Carlos Sanchez,Software Update,7.6,1140.0,Replaced faulty thermal sensor and verified system bus voltage.,Cancelled
DISP-11592,EQ-6074,C-1025,2021-10-17,   Patricia Davis,Diagnostic,4.5,675.0,Emergency dispatch for over-temperature alarm. Cleaned heat exchanger.,COMPLETED
DISP-11593,EQ-6913,C-1106,2021-12-07,Amanda Thompson,Preventive Maintenance,5.9,885.0,Replaced burnt fuse block. Test run completed successfully.,COMPLETED
DISP-11594,EQ-6281,C-1149,2022/11/14,Amanda Thompson,Preventive Maintenance,2.0,240.0,<b>Emergency dispatch for over-temperature alarm. Cleaned heat exchanger.</b>,Cancelled
DISP-11595,EQ-5993,C-1077,10/09/2022,Carlos Sanchez,Corrective Maintenance,7.9,1185.0,Calibrated inverter output. System operating within normal parameters.,COMPLETED
DISP-11596,EQ-99806,C-99569,2021-11-12,   ,Software Update,2.4,288,Replaced burnt fuse block. Test run completed successfully.,Completed
DISP-11597,EQ-6159,C-1442,05/13/2023,Patricia Davis,Warranty Replacement,9.6,720.0,Performed standard preventive check. Updated firmware to v4.2.1.,Cancelled
DISP-11598,EQ-5376,C-1115,2022-01-18,David Lee,Diagnostic,1.4,105.0,Emergency dispatch for over-temperature alarm. Cleaned heat exchanger.,completed
DISP-11599,EQ-5376,C-1115,11/01/2021,  Robert Martinez  ,Diagnostic,2.4,360.0,Emergency dispatch for over-temperature alarm. Cleaned heat exchanger.,In Progress
DISP-11600,EQ-5673,C-1436,2021-11-13,NULL,Installation,3.3,313.5,Performed standard preventive check. Updated firmware to v4.2.1.,Completed
DISP-11601,EQ-6109,C-1345,2023/11/27,Maria Garcia,Installation,4.6,690.0,Replaced burnt fuse block. Test run completed successfully.,completed
DISP-11602,EQ-5468,C-1007,07-15-2021,James Wilson,Warranty Replacement,4.8,360.0,Calibrated inverter output. System operating within normal parameters.,In Progress
DISP-11603,EQ-6748,C-1053,07/01/2022,Jennifer Chen,Preventive Maintenance,6.4,768.0,Calibrated inverter output. System operating within normal parameters.,COMPLETED
DISP-11604,EQ-6955,C-1301,11/06/2022,Robert Martinez,Corrective Maintenance,12.0,900.0,Performed standard preventive check. Updated firmware to v4.2.1.,Pending
DISP-11605,EQ-5987,C-1468,09/25/2022,   Jennifer Chen,Emergency Repair,8.0,600.0,Replaced faulty thermal sensor and verified system bus voltage.,Cancelled
DISP-11606,EQ-5201,C-1072,10/10/2023,Amanda Thompson,Emergency Repair,1.1,104.5,Replaced faulty thermal sensor and verified system bus voltage.,COMPLETED
DISP-11607,EQ-6166,C-1251,2022/01/27,Sarah Williams,Preventive Maintenance,0.8,76.0,Replaced faulty thermal sensor and verified system bus voltage.,In Progress
DISP-11608,EQ-5626,C-1258,2022-06-21,James Wilson,Installation,1.4,210.0,Replaced faulty thermal sensor and verified system bus voltage.,COMPLETED
DISP-11609,EQ-6869,C-1509,04/03/2024,Michael Brown,Preventive Maintenance,3.6,342.0,Emergency dispatch for over-temperature alarm. Cleaned heat exchanger.,Pending
DISP-11610,EQ-6780,C-1301,2021-06-18T00:00:00Z,Lisa   Rodriguez,Warranty Replacement,9.4,1410.0,Emergency dispatch for over-temperature alarm. Cleaned heat exchanger.,Pending
DISP-11611,EQ-7100,C-1058,10/06/2023,David Lee,Diagnostic,2.8,336.0,Emergency dispatch for over-temperature alarm. Cleaned heat exchanger.,Cancelled
DISP-11612,EQ-6920,C-1463,06/16/2022,Michael Brown,Installation,10.6,795.0,Calibrated inverter output. System operating within normal parameters.,completed
DISP-11613,EQ-5489,C-1341,07/06/2024,Mike Johnson,Preventive Maintenance,4.9,465.5,Performed standard preventive check. Updated firmware to v4.2.1.,Cancelled
DISP-11614,EQ-6452,C-1222,07-09-2023,Carlos Sanchez,Emergency Repair,11.4,"$1,368.00",Calibrated inverter output. System operating within normal parameters.,In Progress
DISP-11615,EQ-5634,C-1273,2022-06-21T00:00:00Z,Michael Brown,Installation,5.3,503.5,Replaced burnt fuse block. Test run completed successfully.,Completed
DISP-11616,EQ-6762,C-1278,2023-07-14T00:00:00Z,Carlos Sanchez,Installation,8.6,1032.0,<html><body>Replaced burnt fuse block. Test run completed successfully.</body></html>,completed
DISP-11617,EQ-6220,C-1473,01/20/2024,Sarah Williams,Preventive Maintenance,4.9,367.5,Replaced faulty thermal sensor and verified system bus voltage.,COMPLETED
DISP-11618,EQ-5647,C-1432,2023-10-04,Mike Johnson,Software Update,6.5,780.0,Emergency dispatch for over-temperature alarm. Cleaned heat exchanger.,completed
DISP-11619,EQ-5717,C-1056,2024-05-29,James Wilson,Installation,6.6,990.0,Replaced faulty thermal sensor and verified system bus voltage.,In Progress
DISP-11620,EQ-6389,C-1241,02/22/2022,Carlos Sanchez,Emergency Repair,5.5,412.5,Emergency dispatch for over-temperature alarm. Cleaned heat exchanger.,In Progress
DISP-11621,EQ-7272,C-1311,10-17-2023,Lisa Rodriguez,Warranty Replacement,9.3,1395.0,<html><body>Replaced burnt fuse block. Test run completed successfully.</body></html>,Pending
DISP-11622,EQ-5613,C-1242,03/19/2023,Lisa   Rodriguez,Diagnostic,1.8,171.0,Calibrated inverter output. System operating within normal parameters.,COMPLETED
DISP-11623,EQ-5677,C-1001,10/14/2023,Patricia Davis,Corrective Maintenance,11.8,1416.0,Calibrated inverter output. System operating within normal parameters.,Completed
DISP-11624,EQ-5399,C-1163,2023/03/18,Robert Martinez,Software Update,2.4,180.0,Calibrated inverter output. System operating within normal parameters.,Pending
DISP-11625,EQ-5795,C-1375,2023/01/16,Robert Martinez,Preventive Maintenance,1.5,225.0,Emergency dispatch for over-temperature alarm. Cleaned heat exchanger.,COMPLETED
DISP-11626,EQ-6452,C-1222,2024-06-22,Sarah Williams,Diagnostic,9.8,1470.0,Replaced faulty thermal sensor and verified system bus voltage.,In Progress
DISP-11627,EQ-5762,C-1309,2021/12/29,Jennifer Chen,Installation,3.6,342.0,Emergency dispatch for over-temperature alarm. Cleaned heat exchanger.,COMPLETED
DISP-11628,EQ-7198,C-1242,09-21-2022,Lisa Rodriguez,Software Update,6.6,990.0,Performed standard preventive check. Updated firmware to v4.2.1.,completed
DISP-11629,EQ-5023,C-1330,02/28/2023,Patricia Davis,Installation,5.7,855.0,<b>Performed standard preventive check. Updated firmware to v4.2.1.</b>,Completed
DISP-11630,EQ-5580,C-1176,10/17/2023,Amanda Thompson,Warranty Replacement,2.2,165.0,Calibrated inverter output. System operating within normal parameters.,COMPLETED
DISP-11631,EQ-7306,C-1285,12/08/2022,Michael Brown,Preventive Maintenance,8.6,1290,Calibrated inverter output. System operating within normal parameters.,COMPLETED
DISP-11632,EQ-6957,C-1019,2022-10-10,Robert Martinez,Warranty Replacement,4.2,504.0,<b>Emergency dispatch for over-temperature alarm. Cleaned heat exchanger.</b>,completed
DISP-11633,EQ-6501,C-1074,2024-02-21T00:00:00Z,Maria Garcia,Emergency Repair,4.3,645.0,Replaced faulty thermal sensor and verified system bus voltage.,Cancelled
DISP-11634,EQ-5372,C-1069,2022/07/25,Maria Garcia,Warranty Replacement,6.2,589.0,Replaced faulty thermal sensor and verified system bus voltage.,Cancelled
DISP-11635,EQ-7493,C-1457,2022-06-10,Mike Johnson,Software Update,8.9,845.5,Performed standard preventive check. Updated firmware to v4.2.1.,In Progress
DISP-11636,EQ-6261,C-1472,12/27/2022,Mike Johnson,Warranty Replacement,1.4,168.0,Performed standard preventive check. Updated firmware to v4.2.1.,Cancelled
DISP-11637,EQ-5801,C-1414,09-21-2023,Patricia Davis,Corrective Maintenance,10.2,969.0,Calibrated inverter output. System operating within normal parameters.,Completed
DISP-11638,EQ-5480,C-1303,03-22-2024,   ,Installation,0.6,72.0,Calibrated inverter output. System operating within normal parameters.,Pending
DISP-11639,EQ-5084,C-1327,02/13/2023,Jennifer Chen,Emergency Repair,11.7,1404.0,Calibrated inverter output. System operating within normal parameters.,COMPLETED
DISP-11640,EQ-6358,C-1444,2022-05-31T00:00:00Z,Michael Brown,Diagnostic,6.7,804.0,Emergency dispatch for over-temperature alarm. Cleaned heat exchanger.,Pending
DISP-11641,EQ-7498,C-1273,09/22/2022,  Michael Brown  ,Software Update,11.3,1073.5,Replaced faulty thermal sensor and verified system bus voltage.,Pending
DISP-11642,EQ-6673,C-1488,04/07/2023,Carlos Sanchez,Preventive Maintenance,2.6,312.0,<html><body>Replaced faulty thermal sensor and verified system bus voltage.</body></html>,COMPLETED
DISP-11643,EQ-6522,C-1198,05/30/2024,Mike Johnson,Preventive Maintenance,4.1,615.0,Performed standard preventive check. Updated firmware to v4.2.1.,In Progress
DISP-11644,EQ-6586,C-1047,06/22/2022,  Robert Martinez  ,Installation,9.2,690.0,Emergency dispatch for over-temperature alarm. Cleaned heat exchanger.,COMPLETED
DISP-11645,EQ-7378,C-1369,08-20-2021,Michael Brown  ,Software Update,0.5,60.0,<div>Replaced burnt fuse block. Test run completed successfully.</div>,Completed
DISP-11646,EQ-5080,C-1453,07/08/2023,Sarah Williams,Preventive Maintenance,2.6,312.0,<strong>Performed standard preventive check. Updated firmware to v4.2.1.</strong>,Cancelled
DISP-11647,EQ-6816,C-1450,02-03-2022,Jennifer Chen,Warranty Replacement,8.3,996.0,Emergency dispatch for over-temperature alarm. Cleaned heat exchanger.,Completed
DISP-11648,EQ-6851,C-1196,12/03/2022,Maria Garcia,Preventive Maintenance,1.6,120.0,<html>Emergency dispatch for over-temperature alarm. Cleaned heat exchanger.</html>,completed
DISP-11649,EQ-5984,C-1268,06/02/2022,Michael Brown,Warranty Replacement,3.9,370.5,Replaced faulty thermal sensor and verified system bus voltage.,Cancelled
DISP-11650,EQ-6786,C-1336,01/16/2024,Maria Garcia,Installation,1.5,225.0,<p>Replaced faulty thermal sensor and verified system bus voltage.</p>,In Progress
DISP-11651,EQ-6150,C-1418,01/20/2022,Carlos Sanchez,Emergency Repair,1.1,132.0,Replaced faulty thermal sensor and verified system bus voltage.,completed
DISP-11652,EQ-5576,C-1079,11/20/2022,Michael Brown,Diagnostic,2.2,165.0,Emergency dispatch for over-temperature alarm. Cleaned heat exchanger.,In Progress
DISP-11653,EQ-7214,C-1418,2024/07/28,Jennifer Chen,Warranty Replacement,4.8,USD 456.00,Replaced burnt fuse block. Test run completed successfully.,completed
DISP-11654,EQ-5973,C-1338,11/28/2023,Sarah   Williams,Corrective Maintenance,9.8,1176.0,Replaced faulty thermal sensor and verified system bus voltage.,Completed
DISP-11655,EQ-7112,C-1252,2023-02-24T00:00:00Z,Michael Brown,Warranty Replacement,1.0,95.0,Replaced burnt fuse block. Test run completed successfully.,In Progress
DISP-11656,EQ-5493,C-1188,2021-10-03,Patricia Davis,Emergency Repair,2.1,199.5,Calibrated inverter output. System operating within normal parameters.,completed
DISP-11657,EQ-6559,C-1126,04-30-2024,Michael Brown,Diagnostic,1.2,144.0,<b>Performed standard preventive check. Updated firmware to v4.2.1.</b>,COMPLETED
DISP-11658,EQ-6123,C-1224,2023-04-12,Michael Brown,Emergency Repair,2.6,390.0,Calibrated inverter output. System operating within normal parameters.,Pending
DISP-11659,EQ-7000,C-1213,02-16-2024,Robert Martinez,Warranty Replacement,5.1,382.5,Performed standard preventive check. Updated firmware to v4.2.1.,COMPLETED
DISP-11660,EQ-5784,C-1149,07/13/2021,Maria Garcia,Emergency Repair,7.4,703.0,Replaced faulty thermal sensor and verified system bus voltage.,Cancelled
DISP-11661,EQ-6016,C-1093,2023-06-14T00:00:00Z,Carlos Sanchez,Diagnostic,6.5,617.5,Replaced faulty thermal sensor and verified system bus voltage.,completed
DISP-11662,EQ-5550,C-1239,01/21/2024,Patricia Davis,Diagnostic,9.4,1128.0,Calibrated inverter output. System operating within normal parameters.,completed
DISP-11663,EQ-5643,C-1506,03/14/2022,Michael Brown,Preventive Maintenance,3.7,444.0,Emergency dispatch for over-temperature alarm. Cleaned heat exchanger.,Completed
DISP-11664,EQ-6601,C-1307,2023-01-05T00:00:00Z,Maria Garcia,Diagnostic,11.0,1045.0,Performed standard preventive check. Updated firmware to v4.2.1.,COMPLETED
DISP-11665,EQ-6666,C-1307,04/15/2022,Amanda Thompson,Warranty Replacement,5.2,USD 494.00,Emergency dispatch for over-temperature alarm. Cleaned heat exchanger.,completed
DISP-11666,EQ-7350,C-1474,2024-05-24T00:00:00Z,Michael Brown,Emergency Repair,3.8,570.0,Emergency dispatch for over-temperature alarm. Cleaned heat exchanger.,COMPLETED
DISP-11667,EQ-6138,C-1375,2022-04-26,Lisa Rodriguez,Preventive Maintenance,1.9,228.0,Performed standard preventive check. Updated firmware to v4.2.1.,Completed
DISP-11668,EQ-7161,C-1056,08/09/2023,Jennifer Chen,Emergency Repair,3.1,232.5,Calibrated inverter output. System operating within normal parameters.,Cancelled
DISP-11669,EQ-5062,C-1148,2023-01-26,Mike Johnson,Software Update,7.7,924.0,Emergency dispatch for over-temperature alarm. Cleaned heat exchanger.,completed
DISP-11670,EQ-6100,C-1180,2023/04/28,Maria Garcia,Corrective Maintenance,2.7,405.0,Calibrated inverter output. System operating within normal parameters.,Pending
DISP-11671,EQ-7007,C-1156,06/16/2023,Carlos Sanchez,Emergency Repair,4.1,615.0,Replaced faulty thermal sensor and verified system bus voltage.,Pending
DISP-11672,EQ-6299,C-1518,11-20-2021,Mike Johnson,Software Update,5.2,780.0,Emergency dispatch for over-temperature alarm. Cleaned heat exchanger.,COMPLETED
DISP-11673,EQ-5448,C-1356,2022-07-17T00:00:00Z,Carlos Sanchez,Warranty Replacement,6.3,756,Performed standard preventive check. Updated firmware to v4.2.1.,Cancelled
DISP-11674,EQ-6579,C-1452,2021-10-20,Amanda Thompson,Emergency Repair,8.5,1275.0,Replaced faulty thermal sensor and verified system bus voltage.,Completed
DISP-11675,EQ-7316,C-1162,2023-06-24,Jennifer Chen,Diagnostic,4.4,418.0,Emergency dispatch for over-temperature alarm. Cleaned heat exchanger.,Cancelled
DISP-11676,EQ-5053,C-1250,06-11-2024,Michael Brown,Emergency Repair,8.3,622.5,Calibrated inverter output. System operating within normal parameters.,Pending
DISP-11677,EQ-6874,C-1107,12/13/2023,Carlos Sanchez,Diagnostic,10.1,959.5,Performed standard preventive check. Updated firmware to v4.2.1.,Cancelled
DISP-11678,EQ-6234,C-1385,03-19-2024,Sarah Williams,Warranty Replacement,2.1,315.0,Replaced burnt fuse block. Test run completed successfully.,Cancelled
DISP-11679,EQ-5319,C-1270,08-30-2021,Amanda Thompson,Corrective Maintenance,6.2,589.0,Performed standard preventive check. Updated firmware to v4.2.1.,Pending
DISP-11680,EQ-6036,C-1163,2023-09-21,Lisa Rodriguez,Emergency Repair,11.9,1785.0,<html><body>Replaced burnt fuse block. Test run completed successfully.</body></html>,completed
DISP-11681,EQ-7431,C-1351,07/06/2022,David Lee,Installation,8.6,1032.0,Performed standard preventive check. Updated firmware to v4.2.1.,completed
DISP-11682,EQ-6597,C-1053,2023/10/14,Sarah Williams,Diagnostic,7.8,585.0,Calibrated inverter output. System operating within normal parameters.,Cancelled
DISP-11683,EQ-6538,C-1214,2024-03-02,Mike Johnson,Corrective Maintenance,9.1,1092.0,Replaced burnt fuse block. Test run completed successfully.,Pending
DISP-11684,EQ-6511,C-1496,05/27/2024,Lisa Rodriguez,Preventive Maintenance,2.8,420.0,Replaced burnt fuse block. Test run completed successfully.,Cancelled
DISP-11685,EQ-7099,C-1275,11/25/2021,Sarah Williams,Preventive Maintenance,0.7,105.0,<p>Emergency dispatch for over-temperature alarm. Cleaned heat exchanger.</p>,Pending
DISP-11686,EQ-6724,C-1097,12/01/2022,Sarah Williams,Software Update,5.2,390.0,Replaced faulty thermal sensor and verified system bus voltage.,Pending
DISP-11687,EQ-5270,C-1236,06/27/2021,David Lee,Installation,0.7,52.5,Replaced burnt fuse block. Test run completed successfully.,completed
DISP-11688,EQ-7234,C-1033,2021-09-18T00:00:00Z,Robert Martinez,Diagnostic,3.3,$495.00,Emergency dispatch for over-temperature alarm. Cleaned heat exchanger.,In Progress
DISP-11689,EQ-5642,C-1464,11/21/2022,   Michael Brown,Diagnostic,11.0,825.0,Replaced burnt fuse block. Test run completed successfully.,COMPLETED
DISP-11690,EQ-6846,C-1280,12/20/2022,Patricia Davis,Diagnostic,5.6,532.0,Calibrated inverter output. System operating within normal parameters.,Cancelled
DISP-11691,EQ-6576,C-1210,04/24/2024,Sarah Williams,Software Update,5.5,825.0,Replaced faulty thermal sensor and verified system bus voltage.,Pending
DISP-11692,EQ-6355,C-1483,08-20-2023,James Wilson,Emergency Repair,7.1,852.0,Replaced faulty thermal sensor and verified system bus voltage.,Completed
DISP-11693,EQ-6581,C-1379,04/11/2022,Maria Garcia,Corrective Maintenance,4.2,399.0,<strong>Performed standard preventive check. Updated firmware to v4.2.1.</strong>,completed
DISP-11694,EQ-5507,C-1183,2024-02-24T00:00:00Z,David Lee,Warranty Replacement,1.3,195.0,Performed standard preventive check. Updated firmware to v4.2.1.,In Progress
DISP-11695,EQ-5030,C-1330,03/18/2022,David Lee,Diagnostic,9.7,1164.0,Performed standard preventive check. Updated firmware to v4.2.1.,Completed
DISP-11696,EQ-7385,C-1476,07-31-2021,Mike Johnson,Installation,7.1,532.5,Replaced burnt fuse block. Test run completed successfully.,Pending
DISP-11697,EQ-6532,C-1228,12/21/2022,Lisa Rodriguez,Emergency Repair,11.1,1665.0,Replaced faulty thermal sensor and verified system bus voltage.,completed
DISP-11698,EQ-5125,C-1449,2021-07-06,Patricia Davis,Emergency Repair,3.3,313.5,Performed standard preventive check. Updated firmware to v4.2.1.,COMPLETED
DISP-11699,EQ-6847,C-1071,09/12/2022,Mike Johnson,Warranty Replacement,7.3,547.5,<strong>Replaced faulty thermal sensor and verified system bus voltage.</strong>,COMPLETED
DISP-11700,EQ-6783,C-1199,2023-05-05,Patricia Davis,Warranty Replacement,3.7,444.0,Emergency dispatch for over-temperature alarm. Cleaned heat exchanger.,completed
DISP-11701,EQ-6164,C-1465,04-24-2022,Sarah Williams,Installation,4.1,389.5,Replaced burnt fuse block. Test run completed successfully.,In Progress
DISP-11702,EQ-7003,C-1488,08/01/2023,Carlos Sanchez,Software Update,9.0,855.0,Replaced faulty thermal sensor and verified system bus voltage.,Completed
DISP-11703,EQ-7402,C-1225,2024-03-08T00:00:00Z,David Lee,Installation,11.7,1111.5,Calibrated inverter output. System operating within normal parameters.,Completed
DISP-11704,EQ-6877,C-1241,2023-04-22,Lisa Rodriguez,Diagnostic,3.3,495.0,Performed standard preventive check. Updated firmware to v4.2.1.,Completed
DISP-11705,EQ-7068,C-1096,2023-12-20,   ,Emergency Repair,9.1,$864.50,Emergency dispatch for over-temperature alarm. Cleaned heat exchanger.,Pending
DISP-11706,EQ-5244,C-1182,2022-09-13,Michael Brown,Emergency Repair,6.9,828.0,Replaced burnt fuse block. Test run completed successfully.,Pending
DISP-11707,EQ-6061,C-1289,2024-04-20T00:00:00Z,Jennifer Chen,Warranty Replacement,9.1,1092.0,Emergency dispatch for over-temperature alarm. Cleaned heat exchanger.,Cancelled
DISP-11708,EQ-5307,C-1360,2021/06/17,Patricia Davis,Diagnostic,10.8,1026.0,Replaced faulty thermal sensor and verified system bus voltage.,Cancelled
DISP-11709,EQ-5738,C-1052,07/09/2024,Mike Johnson,Diagnostic,9.7,1164.0,Performed standard preventive check. Updated firmware to v4.2.1.,In Progress
DISP-11710,EQ-6569,C-1310,2021-06-14,   ,Software Update,7.1,532.5,Emergency dispatch for over-temperature alarm. Cleaned heat exchanger.,COMPLETED
DISP-11711,EQ-5399,C-1163,08/28/2023,Maria Garcia,Emergency Repair,4.9,588.0,Replaced burnt fuse block. Test run completed successfully.,completed
DISP-11712,EQ-6887,C-1217,03/02/2023,Michael Brown,Emergency Repair,4.3,645.0,Performed standard preventive check. Updated firmware to v4.2.1.,Pending
DISP-11713,EQ-7165,C-1443,2024/03/06,James Wilson,Emergency Repair,10.2,1224.0,Replaced burnt fuse block. Test run completed successfully.,Pending
DISP-11714,EQ-7214,C-1418,12-15-2021,Sarah Williams,Emergency Repair,2.4,288.0,Replaced faulty thermal sensor and verified system bus voltage.,completed
DISP-11715,EQ-6503,C-1154,12/25/2021,James Wilson,Emergency Repair,7.4,1110.0,Performed standard preventive check. Updated firmware to v4.2.1.,Pending
DISP-11716,EQ-6105,C-1442,09/28/2021,James Wilson,Corrective Maintenance,6.1,457.5,Replaced burnt fuse block. Test run completed successfully.,Completed
DISP-11717,EQ-7299,C-1458,2022-04-08T00:00:00Z,Amanda Thompson,Installation,2.0,190.0,<strong>Replaced burnt fuse block. Test run completed successfully.</strong>,completed
DISP-11718,EQ-6546,C-1472,12/01/2023,  Sarah Williams  ,Warranty Replacement,1.9,285.0,Replaced faulty thermal sensor and verified system bus voltage.,Pending
DISP-11719,EQ-6011,C-1481,2022-03-19T00:00:00Z,Michael Brown,Emergency Repair,6.4,960.0,Replaced faulty thermal sensor and verified system bus voltage.,Completed
DISP-11720,EQ-5237,C-1386,12/02/2022,Mike Johnson,Installation,7.9,592.5,Performed standard preventive check. Updated firmware to v4.2.1.,completed
DISP-11721,EQ-6862,C-1370,07/08/2023,Michael Brown,Diagnostic,11.2,1344.0,Emergency dispatch for over-temperature alarm. Cleaned heat exchanger.,completed
DISP-11722,EQ-5106,C-1465,2022-06-02T00:00:00Z,James Wilson,Software Update,5.9,708.0,<p>Calibrated inverter output. System operating within normal parameters.</p>,COMPLETED
DISP-11723,EQ-5734,C-1443,02/22/2022,Michael Brown,Diagnostic,11.8,1121.0,Performed standard preventive check. Updated firmware to v4.2.1.,Pending
DISP-11724,EQ-5368,C-1154,2024-05-01T00:00:00Z,Sarah Williams,Warranty Replacement,4.1,307.5,Performed standard preventive check. Updated firmware to v4.2.1.,Completed
DISP-11725,EQ-6686,C-1298,08-14-2024,Robert Martinez,Preventive Maintenance,11.9,1785.0,Calibrated inverter output. System operating within normal parameters.,Cancelled
DISP-11726,EQ-7106,C-1511,2022/05/10,Mike Johnson,Installation,2.2,$330.00,Emergency dispatch for over-temperature alarm. Cleaned heat exchanger.,Completed
DISP-11727,EQ-6030,C-1213,02/14/2022,Robert Martinez,Diagnostic,3.4,323.0,Performed standard preventive check. Updated firmware to v4.2.1.,In Progress
DISP-11728,EQ-6670,C-1456,2023/06/22,   Carlos Sanchez,Emergency Repair,5.3,$795.00,Replaced burnt fuse block. Test run completed successfully.,Completed
DISP-11729,EQ-6595,C-1068,06-18-2023,Amanda Thompson,Installation,3.2,304.0,Replaced burnt fuse block. Test run completed successfully.,In Progress
DISP-11730,EQ-6832,C-1487,2024-07-14,Lisa Rodriguez,Installation,7.9,592.5,Replaced burnt fuse block. Test run completed successfully.,In Progress
DISP-11731,EQ-5332,C-1268,2023/06/07,James Wilson,Warranty Replacement,6.6,990.0,Emergency dispatch for over-temperature alarm. Cleaned heat exchanger.,COMPLETED
DISP-11732,EQ-6741,C-1305,2024-02-02,Sarah Williams,Diagnostic,11.8,1121.0,Replaced faulty thermal sensor and verified system bus voltage.,Completed
DISP-11733,EQ-6866,C-1267,08/31/2021,Carlos Sanchez,Emergency Repair,5.5,660.0,Replaced faulty thermal sensor and verified system bus voltage.,Completed
DISP-11734,EQ-5718,C-1100,02-10-2023,Carlos Sanchez,Installation,1.4,133.0,Replaced burnt fuse block. Test run completed successfully.,Cancelled
DISP-11735,EQ-7007,C-1156,03/10/2022,  Jennifer Chen  ,Preventive Maintenance,10.8,$1620.00,Performed standard preventive check. Updated firmware to v4.2.1.,Pending
DISP-11736,EQ-5622,C-1508,02-19-2022,   Carlos Sanchez,Software Update,10.8,1620.0,Replaced faulty thermal sensor and verified system bus voltage.,COMPLETED
DISP-11737,EQ-7125,C-1056,2021-08-03T00:00:00Z,   Robert Martinez,Emergency Repair,5.0,475.0,Replaced faulty thermal sensor and verified system bus voltage.,Completed
DISP-11738,EQ-6590,C-1362,06/17/2023,Maria Garcia,Preventive Maintenance,4.5,427.5,Performed standard preventive check. Updated firmware to v4.2.1.,Pending
DISP-11739,EQ-5216,C-1126,2023-01-30T00:00:00Z,Lisa   Rodriguez,Emergency Repair,1.9,285.0,Performed standard preventive check. Updated firmware to v4.2.1.,COMPLETED
DISP-11740,EQ-6747,C-1323,2022/09/04,  Maria Garcia  ,Corrective Maintenance,10.2,1224.0,Performed standard preventive check. Updated firmware to v4.2.1.,In Progress
DISP-11741,EQ-5616,C-1278,2023-01-30,NULL,Diagnostic,2.6,195.0,Replaced burnt fuse block. Test run completed successfully.,In Progress
DISP-11742,EQ-5253,C-1146,2022-01-27T00:00:00Z,David Lee,Emergency Repair,8.4,630.0,Emergency dispatch for over-temperature alarm. Cleaned heat exchanger.,Pending
DISP-11743,EQ-6476,C-1056,06/22/2021,Mike Johnson,Diagnostic,11.4,1368.0,Emergency dispatch for over-temperature alarm. Cleaned heat exchanger.,completed
DISP-11744,EQ-5439,C-1368,2023/08/22,Patricia Davis,Warranty Replacement,2.8,266.0,Calibrated inverter output. System operating within normal parameters.,In Progress
DISP-11745,EQ-7451,C-1071,2023-03-07,Sarah Williams,Diagnostic,7.8,741.0,Performed standard preventive check. Updated firmware to v4.2.1.,Completed
DISP-11746,EQ-6710,C-1403,2023-07-06T00:00:00Z,Jennifer Chen,Installation,11.3,1073.5,Replaced faulty thermal sensor and verified system bus voltage.,In Progress
DISP-11747,EQ-6880,C-1466,2023/11/09,Michael Brown,Diagnostic,2.9,435.0,Emergency dispatch for over-temperature alarm. Cleaned heat exchanger.,Pending
DISP-11748,EQ-6771,C-1310,02/14/2022,David Lee,Software Update,4.3,408.5,Replaced faulty thermal sensor and verified system bus voltage.,completed
DISP-11749,EQ-7427,C-1102,2023/04/03,Sarah Williams,Diagnostic,7.5,1125.0,Performed standard preventive check. Updated firmware to v4.2.1.,completed
DISP-11750,EQ-5991,C-1268,11/02/2021,Mike Johnson,Emergency Repair,1.2,90.0,Replaced faulty thermal sensor and verified system bus voltage.,In Progress
DISP-11751,EQ-5170,C-1261,11/19/2022,   Mike Johnson,Warranty Replacement,6.5,975.0,Calibrated inverter output. System operating within normal parameters.,Cancelled
DISP-11752,EQ-7422,C-1019,2023/10/11,David Lee,Corrective Maintenance,8.4,798.0,Performed standard preventive check. Updated firmware to v4.2.1.,Pending
DISP-11753,EQ-5641,C-1414,2024-06-27T00:00:00Z,Carlos Sanchez,Warranty Replacement,9.3,1395.0,Replaced burnt fuse block. Test run completed successfully.,Completed
DISP-11754,EQ-5985,C-1292,2021-09-15,Michael Brown,Software Update,11.1,1665.0,Replaced burnt fuse block. Test run completed successfully.,Cancelled
DISP-11755,EQ-6589,C-1434,2021/06/14,Mike Johnson,Emergency Repair,2.8,266.0,Replaced burnt fuse block. Test run completed successfully.,completed
DISP-11756,EQ-5764,C-1165,2022-10-06T00:00:00Z,Carlos Sanchez,Installation,7.7,577.5,Replaced faulty thermal sensor and verified system bus voltage.,COMPLETED
DISP-11757,EQ-6710,C-1403,06/10/2021,   Robert Martinez,Software Update,7.4,703.0,Emergency dispatch for over-temperature alarm. Cleaned heat exchanger.,Completed
DISP-11758,EQ-5354,C-1220,2024/05/13,Sarah Williams,Emergency Repair,5.8,551.0,<strong>Emergency dispatch for over-temperature alarm. Cleaned heat exchanger.</strong>,COMPLETED
DISP-11759,EQ-5244,C-1182,04/01/2022,Lisa Rodriguez,Corrective Maintenance,1.0,75.0,Replaced faulty thermal sensor and verified system bus voltage.,COMPLETED
DISP-11760,EQ-7051,C-1231,10/04/2021,Sarah Williams,Emergency Repair,1.5,180.0,<div>Replaced burnt fuse block. Test run completed successfully.</div>,completed
DISP-11761,EQ-6283,C-1230,2023-04-13T00:00:00Z,Robert Martinez,Installation,4.5,337.5,Replaced faulty thermal sensor and verified system bus voltage.,Completed
DISP-11762,EQ-5686,C-1191,02/08/2022,Sarah Williams,Emergency Repair,10.6,USD 1272.00,Replaced faulty thermal sensor and verified system bus voltage.,COMPLETED
DISP-11763,EQ-5536,C-1048,2024-03-28T00:00:00Z,Amanda   Thompson,Installation,4.3,408.5,<html>Replaced faulty thermal sensor and verified system bus voltage.</html>,COMPLETED
DISP-11764,EQ-5153,C-1199,2022/10/06,Amanda Thompson,Preventive Maintenance,0.9,108.0,Replaced faulty thermal sensor and verified system bus voltage.,completed
DISP-11765,EQ-6530,C-1301,2023-09-17T00:00:00Z,Sarah Williams  ,Preventive Maintenance,6.9,828.0,Performed standard preventive check. Updated firmware to v4.2.1.,completed
DISP-11766,EQ-7052,C-1170,02/07/2023,Amanda Thompson,Warranty Replacement,9.0,1080.0,Performed standard preventive check. Updated firmware to v4.2.1.,Cancelled
DISP-11767,EQ-5590,C-1159,2021-10-22,Amanda Thompson,Warranty Replacement,8.9,845.5,Replaced burnt fuse block. Test run completed successfully.,completed
DISP-11768,EQ-7353,C-1065,2024/04/02,James Wilson,Preventive Maintenance,4.8,720.0,Replaced burnt fuse block. Test run completed successfully.,Completed
DISP-11769,EQ-7374,C-1024,2024-01-02,Sarah Williams,Preventive Maintenance,8.7,652.5,Calibrated inverter output. System operating within normal parameters.,COMPLETED
DISP-11770,EQ-6161,C-1494,2024-07-25,Carlos   Sanchez,Warranty Replacement,6.3,756.0,Replaced burnt fuse block. Test run completed successfully.,In Progress
DISP-11771,EQ-6199,C-1443,10-27-2023,Maria   Garcia,Preventive Maintenance,6.5,617.5,Replaced burnt fuse block. Test run completed successfully.,completed
DISP-11772,EQ-7107,C-1044,09/29/2022,Maria Garcia,Diagnostic,9.1,864.5,Performed standard preventive check. Updated firmware to v4.2.1.,Pending
DISP-11773,EQ-7457,C-1027,09/11/2022,James Wilson,Corrective Maintenance,11.0,1320.0,Calibrated inverter output. System operating within normal parameters.,completed
DISP-11774,EQ-5744,C-1278,2023-12-17,   Sarah Williams,Corrective Maintenance,7.6,1140.0,Replaced burnt fuse block. Test run completed successfully.,Completed
DISP-11775,EQ-6013,C-1344,03/05/2024,James Wilson,Software Update,11.3,1695.0,Replaced burnt fuse block. Test run completed successfully.,Cancelled
DISP-11776,EQ-7419,C-1494,2021-09-26,Amanda Thompson,Software Update,4.2,$504.00,Emergency dispatch for over-temperature alarm. Cleaned heat exchanger.,Cancelled
DISP-11777,EQ-6893,C-1083,09/15/2023,Patricia Davis,Software Update,0.5,37.5,Emergency dispatch for over-temperature alarm. Cleaned heat exchanger.,Completed
DISP-11778,EQ-5281,C-1442,2023-12-20T00:00:00Z,  Jennifer Chen  ,Software Update,3.5,525.0,Calibrated inverter output. System operating within normal parameters.,Completed
DISP-11779,EQ-6163,C-1224,2024-03-12,Amanda Thompson,Corrective Maintenance,6.2,930.0,Replaced faulty thermal sensor and verified system bus voltage.,In Progress
DISP-11780,EQ-6299,C-1518,2022-04-25T00:00:00Z,Lisa Rodriguez,Preventive Maintenance,6.6,990.0,<strong>Replaced faulty thermal sensor and verified system bus voltage.</strong>,completed
DISP-11781,EQ-5961,C-1099,01/23/2023,Patricia Davis,Diagnostic,1.9,228.0,Calibrated inverter output. System operating within normal parameters.,Completed
DISP-11782,EQ-6921,C-1481,2021-06-22,Amanda Thompson  ,Diagnostic,3.0,285.0,Performed standard preventive check. Updated firmware to v4.2.1.,Completed
DISP-11783,EQ-6738,C-1294,03/21/2022,Carlos Sanchez,Installation,6.1,915.0,Emergency dispatch for over-temperature alarm. Cleaned heat exchanger.,completed
DISP-11784,EQ-6441,C-1204,2023/11/05,Maria Garcia,Installation,2.1,157.5,Replaced burnt fuse block. Test run completed successfully.,In Progress
DISP-11785,EQ-5873,C-1338,2022-11-17,   Maria Garcia,Emergency Repair,10.7,1016.5,Calibrated inverter output. System operating within normal parameters.,Completed
DISP-11786,EQ-5678,C-1471,04/07/2023,Amanda   Thompson,Preventive Maintenance,1.2,114.0,Replaced burnt fuse block. Test run completed successfully.,Pending
DISP-11787,EQ-5492,C-1372,10/05/2022,Amanda Thompson,Installation,0.7,52.5,<div>Replaced burnt fuse block. Test run completed successfully.</div>,Completed
DISP-11788,EQ-6503,C-1154,2022-07-06,Maria Garcia,Preventive Maintenance,6.0,570.0,Replaced burnt fuse block. Test run completed successfully.,completed
DISP-11789,EQ-7383,C-1476,2022-07-30T00:00:00Z,David Lee,Preventive Maintenance,6.5,780.0,Calibrated inverter output. System operating within normal parameters.,In Progress
DISP-11790,EQ-5848,C-1048,2023-11-12T00:00:00Z,Carlos Sanchez,Emergency Repair,4.1,307.5,Emergency dispatch for over-temperature alarm. Cleaned heat exchanger.,Completed
DISP-11791,EQ-99748,C-99984,2022-07-23,James   Wilson,Emergency Repair,4.3,516.0,Replaced faulty thermal sensor and verified system bus voltage.,Completed
DISP-11792,EQ-5870,C-1379,2022-03-07T00:00:00Z,Robert Martinez,Diagnostic,5.6,420.0,Performed standard preventive check. Updated firmware to v4.2.1.,completed
DISP-11793,EQ-5224,C-1152,07-16-2021,Patricia Davis,Warranty Replacement,5.4,648.0,Replaced faulty thermal sensor and verified system bus voltage.,Completed
DISP-11794,EQ-5616,C-1278,2022/03/03,Robert Martinez,Installation,8.5,1275.0,Replaced burnt fuse block. Test run completed successfully.,Pending
DISP-11795,EQ-6811,C-1331,2021/11/19,Michael Brown,Preventive Maintenance,5.6,840.0,Calibrated inverter output. System operating within normal parameters.,completed
DISP-11796,EQ-5021,C-1430,07/06/2024,Patricia Davis  ,Installation,7.9,USD 948.00,Replaced burnt fuse block. Test run completed successfully.,Cancelled
DISP-11797,EQ-7250,C-1143,2021-11-18T00:00:00Z,Jennifer Chen,Warranty Replacement,6.5,617.5,Replaced faulty thermal sensor and verified system bus voltage.,COMPLETED
DISP-11798,EQ-6247,C-1086,2024/03/11,Sarah Williams,Installation,1.4,$168.00,Performed standard preventive check. Updated firmware to v4.2.1.,Pending
DISP-11799,EQ-5166,C-1307,03-16-2022,Amanda Thompson,Warranty Replacement,6.0,720.0,Performed standard preventive check. Updated firmware to v4.2.1.,COMPLETED
DISP-11800,EQ-6612,C-1245,2022/12/08,   Maria Garcia,Installation,6.7,1005.0,Replaced burnt fuse block. Test run completed successfully.,Cancelled
DISP-11801,EQ-6711,C-1487,2024-03-20T00:00:00Z,Sarah Williams,Software Update,11.8,1416.0,Performed standard preventive check. Updated firmware to v4.2.1.,Cancelled
DISP-11802,EQ-6722,C-1506,2021-08-22,NULL,Diagnostic,8.3,996.0,Calibrated inverter output. System operating within normal parameters.,Pending
DISP-11803,EQ-6525,C-1243,2021-08-27T00:00:00Z,James Wilson,Preventive Maintenance,6.9,828.0,Emergency dispatch for over-temperature alarm. Cleaned heat exchanger.,Cancelled
DISP-11804,EQ-6187,C-1456,2022-02-16T00:00:00Z,  Maria Garcia  ,Warranty Replacement,3.1,232.5,Calibrated inverter output. System operating within normal parameters.,In Progress
DISP-11805,EQ-7030,C-1250,04/16/2024,Robert Martinez,Diagnostic,3.9,292.5,<b>Emergency dispatch for over-temperature alarm. Cleaned heat exchanger.</b>,Completed
DISP-11806,EQ-7155,C-1050,2022-08-14,James Wilson,Installation,3.2,240,<p>Performed standard preventive check. Updated firmware to v4.2.1.</p>,Pending
DISP-11807,EQ-6608,C-1081,2022-03-08T00:00:00Z,Carlos Sanchez,Preventive Maintenance,4.0,480.0,Calibrated inverter output. System operating within normal parameters.,In Progress
DISP-11808,EQ-6605,C-1129,05-13-2023,Robert Martinez,Installation,8.5,USD 637.50,Calibrated inverter output. System operating within normal parameters.,Completed
DISP-11809,EQ-5582,C-1252,2022-04-06T00:00:00Z,Amanda Thompson,Software Update,10.2,1224.0,Emergency dispatch for over-temperature alarm. Cleaned heat exchanger.,Pending
DISP-11810,EQ-5586,C-1293,02/10/2022,Robert Martinez,Installation,8.2,615.0,Replaced burnt fuse block. Test run completed successfully.,completed
DISP-11811,EQ-5011,C-1472,2023/08/01,Robert Martinez,Warranty Replacement,7.7,731.5,Performed standard preventive check. Updated firmware to v4.2.1.,Cancelled
DISP-11812,EQ-5131,C-1107,01/27/2024,Robert Martinez,Warranty Replacement,10.9,1308.0,Performed standard preventive check. Updated firmware to v4.2.1.,COMPLETED
DISP-11813,EQ-7079,C-1081,10/15/2022,Jennifer Chen,Diagnostic,2.3,$345.00,<html><body>Performed standard preventive check. Updated firmware to v4.2.1.</body></html>,COMPLETED
DISP-11814,EQ-6517,C-1305,2024-05-16T00:00:00Z,Jennifer Chen,Diagnostic,8.2,615.0,Performed standard preventive check. Updated firmware to v4.2.1.,Completed
DISP-11815,EQ-7475,C-1303,2021-11-18,Patricia Davis,Emergency Repair,12.0,1140.0,Performed standard preventive check. Updated firmware to v4.2.1.,completed
DISP-11816,EQ-7062,C-1106,2024-03-05T00:00:00Z,Lisa Rodriguez,Corrective Maintenance,8.5,807.5,Emergency dispatch for over-temperature alarm. Cleaned heat exchanger.,COMPLETED
DISP-11817,EQ-5977,C-1166,05-27-2022,Maria Garcia,Corrective Maintenance,5.5,660.0,Calibrated inverter output. System operating within normal parameters.,completed
DISP-11818,EQ-5899,C-1480,03/16/2022,Maria Garcia,Emergency Repair,3.1,294.5,Performed standard preventive check. Updated firmware to v4.2.1.,COMPLETED
DISP-11819,EQ-6677,C-1133,07/02/2023,Patricia Davis,Software Update,10.3,978.5,Calibrated inverter output. System operating within normal parameters.,Completed
DISP-11820,EQ-5815,C-1483,04/07/2023,Jennifer Chen,Preventive Maintenance,11.1,1332.0,Replaced burnt fuse block. Test run completed successfully.,Cancelled
DISP-11821,EQ-5778,C-1435,02/04/2024,Sarah Williams,Installation,1.6,120.0,Performed standard preventive check. Updated firmware to v4.2.1.,COMPLETED
DISP-11822,EQ-7061,C-1286,04/21/2023,Mike Johnson,Preventive Maintenance,9.3,1116.0,<strong>Replaced faulty thermal sensor and verified system bus voltage.</strong>,Cancelled
DISP-11823,EQ-5598,C-1436,2021-07-19T00:00:00Z,Michael Brown,Emergency Repair,2.0,150.0,Replaced burnt fuse block. Test run completed successfully.,COMPLETED
DISP-11824,EQ-5240,C-1353,2023-08-22,James Wilson,Software Update,10.5,1575.0,Replaced faulty thermal sensor and verified system bus voltage.,Pending
DISP-11825,EQ-5271,C-1470,2023-09-13,Jennifer Chen,Warranty Replacement,6.4,960.0,Replaced burnt fuse block. Test run completed successfully.,In Progress
DISP-11826,EQ-6790,C-1359,2021-11-24,Mike Johnson,Corrective Maintenance,6.5,617.5,Performed standard preventive check. Updated firmware to v4.2.1.,completed
DISP-11827,EQ-6496,C-1217,08/05/2023,Maria Garcia,Diagnostic,9.1,864.5,Performed standard preventive check. Updated firmware to v4.2.1.,Completed
DISP-11828,EQ-5062,C-1148,2023-03-24,Jennifer Chen,Corrective Maintenance,7.4,1110.0,Emergency dispatch for over-temperature alarm. Cleaned heat exchanger.,Completed
DISP-11829,EQ-5023,C-1330,10/30/2021,Lisa Rodriguez,Preventive Maintenance,4.9,588.0,Calibrated inverter output. System operating within normal parameters.,In Progress
DISP-11830,EQ-5055,C-1023,07/24/2024,Robert Martinez,Software Update,1.1,82,<html>Replaced faulty thermal sensor and verified system bus voltage.</html>,COMPLETED
DISP-11831,EQ-5179,C-1490,2023-02-17,Michael Brown,Corrective Maintenance,1.4,168.0,Performed standard preventive check. Updated firmware to v4.2.1.,Completed
DISP-11832,EQ-7412,C-1108,2022-08-28T00:00:00Z,Sarah Williams,Installation,8.6,1032.0,Calibrated inverter output. System operating within normal parameters.,COMPLETED
DISP-11833,EQ-5033,C-1083,08/08/2021,Sarah Williams,Preventive Maintenance,7.6,1140.0,Emergency dispatch for over-temperature alarm. Cleaned heat exchanger.,In Progress
DISP-11834,EQ-6949,C-1436,2021-08-20T00:00:00Z,Sarah Williams,Diagnostic,0.6,90.0,<html><body>Emergency dispatch for over-temperature alarm. Cleaned heat exchanger.</body></html>,Pending
DISP-11835,EQ-5604,C-1149,11/14/2023,   Michael Brown,Installation,10.1,1515.0,Replaced burnt fuse block. Test run completed successfully.,Cancelled
DISP-11836,EQ-6619,C-1101,2022/12/23,Robert Martinez,Corrective Maintenance,4.9,465.5,Replaced faulty thermal sensor and verified system bus voltage.,completed
DISP-11837,EQ-6643,C-1339,2022-04-09T00:00:00Z,Jennifer Chen,Corrective Maintenance,11.7,1755.0,Calibrated inverter output. System operating within normal parameters.,Completed
DISP-11838,EQ-7086,C-1178,2022-08-29,Sarah Williams,Software Update,9.5,1140.0,<html><body>Performed standard preventive check. Updated firmware to v4.2.1.</body></html>,Pending
DISP-11839,EQ-6380,C-1210,09-01-2022,Patricia Davis,Preventive Maintenance,2.8,266.0,Calibrated inverter output. System operating within normal parameters.,Pending
DISP-11840,EQ-5738,C-1052,2021-08-06T00:00:00Z,Sarah Williams,Installation,6.4,480.0,Calibrated inverter output. System operating within normal parameters.,Pending
DISP-11841,EQ-5584,C-1343,04/21/2023,  James Wilson  ,Software Update,3.6,342.0,Performed standard preventive check. Updated firmware to v4.2.1.,completed
DISP-11842,EQ-6341,C-1223,2022-06-29,Mike Johnson,Diagnostic,5.0,600.0,Replaced burnt fuse block. Test run completed successfully.,Pending
DISP-11843,EQ-5754,C-1335,2024-02-21T00:00:00Z,David Lee,Corrective Maintenance,1.9,228.0,Emergency dispatch for over-temperature alarm. Cleaned heat exchanger.,In Progress
DISP-11844,EQ-5628,C-1359,12/23/2021,Carlos Sanchez,Warranty Replacement,5.0,375.0,Performed standard preventive check. Updated firmware to v4.2.1.,Pending
DISP-11845,EQ-5023,C-1330,12/28/2021,Amanda Thompson,Installation,8.1,1215.0,Calibrated inverter output. System operating within normal parameters.,Pending
DISP-11846,EQ-5605,C-1041,12/22/2023,Carlos Sanchez,Software Update,5.4,513.0,Calibrated inverter output. System operating within normal parameters.,In Progress
DISP-11847,EQ-6019,C-1177,12-19-2023,Patricia Davis,Diagnostic,11.7,1404.0,Emergency dispatch for over-temperature alarm. Cleaned heat exchanger.,COMPLETED
DISP-11848,EQ-6449,C-1440,12/14/2023,Michael Brown,Warranty Replacement,1.0,75.0,Replaced burnt fuse block. Test run completed successfully.,In Progress
DISP-11849,EQ-7123,C-1247,11-06-2021,Jennifer Chen,Software Update,3.5,262.5,Replaced burnt fuse block. Test run completed successfully.,Cancelled
DISP-11850,EQ-6570,C-1149,04/23/2023,Amanda Thompson,Corrective Maintenance,6.2,589.0,Replaced faulty thermal sensor and verified system bus voltage.,COMPLETED
DISP-11851,EQ-5291,C-1242,01/06/2024,Maria Garcia,Installation,0.8,60.0,Replaced faulty thermal sensor and verified system bus voltage.,completed
DISP-11852,EQ-6510,C-1456,2023-04-25,Lisa Rodriguez,Diagnostic,430.5,40897.5,Emergency dispatch for over-temperature alarm. Cleaned heat exchanger.,Completed
DISP-11853,EQ-6945,C-1203,09/19/2021,Carlos Sanchez,Software Update,8.9,1068.0,<html><body>Replaced burnt fuse block. Test run completed successfully.</body></html>,COMPLETED
DISP-11854,EQ-5006,C-1196,2023-08-27,Lisa Rodriguez,Preventive Maintenance,5.1,612.0,<p>Performed standard preventive check. Updated firmware to v4.2.1.</p>,Pending
DISP-11855,EQ-6979,C-1130,2022-09-26T00:00:00Z,James Wilson,Software Update,9.7,1455.0,Replaced faulty thermal sensor and verified system bus voltage.,Completed
DISP-11856,EQ-6130,C-1288,07/26/2022,Lisa Rodriguez,Emergency Repair,3.3,313.5,Replaced faulty thermal sensor and verified system bus voltage.,COMPLETED
DISP-11857,EQ-5169,C-1235,2023/10/29,Mike Johnson,Software Update,2.9,$435.00,Replaced burnt fuse block. Test run completed successfully.,Completed
DISP-11858,EQ-6016,C-1093,2022/10/09,,Software Update,7.9,1185.0,Replaced faulty thermal sensor and verified system bus voltage.,completed
DISP-11859,EQ-5164,C-1101,12-23-2022,Maria Garcia,Corrective Maintenance,3.6,270.0,Replaced burnt fuse block. Test run completed successfully.,Completed
DISP-11860,EQ-7051,C-1231,2022-04-08,Carlos Sanchez,Emergency Repair,11.4,1368.0,Replaced burnt fuse block. Test run completed successfully.,completed
DISP-11861,EQ-7392,C-1395,2024-05-03T00:00:00Z,Michael Brown,Warranty Replacement,4.9,465.5,Calibrated inverter output. System operating within normal parameters.,Completed
DISP-11862,EQ-5140,C-1442,08-02-2024,Jennifer Chen,Preventive Maintenance,10.8,1026.0,<html><body>Performed standard preventive check. Updated firmware to v4.2.1.</body></html>,completed
DISP-11863,EQ-6310,C-1457,2023/08/01,David Lee,Diagnostic,4.8,360.0,Emergency dispatch for over-temperature alarm. Cleaned heat exchanger.,completed
DISP-11864,EQ-5133,C-1390,2024-07-04,Sarah Williams,Diagnostic,7.5,900.0,Calibrated inverter output. System operating within normal parameters.,Cancelled
DISP-11865,EQ-6077,C-1471,2021/07/30,Carlos Sanchez  ,Preventive Maintenance,11.9,892.5,Replaced burnt fuse block. Test run completed successfully.,Completed
DISP-11866,EQ-5191,C-1494,2021-10-16,David Lee,Software Update,5.2,624.0,Calibrated inverter output. System operating within normal parameters.,Completed
DISP-11867,EQ-5757,C-1189,12/11/2023,Maria Garcia,Software Update,9.2,1380.0,Replaced burnt fuse block. Test run completed successfully.,Completed
DISP-11868,EQ-5690,C-1456,2023-08-25,  Sarah Williams  ,Corrective Maintenance,5.2,624.0,Emergency dispatch for over-temperature alarm. Cleaned heat exchanger.,completed
DISP-11869,EQ-6044,C-1099,07/31/2021,Robert Martinez,Software Update,9.5,1140.0,Performed standard preventive check. Updated firmware to v4.2.1.,In Progress
DISP-11870,EQ-7423,C-1343,2022/08/06,Carlos Sanchez,Warranty Replacement,3.7,277.5,Calibrated inverter output. System operating within normal parameters.,Cancelled
DISP-11871,EQ-7482,C-1362,2022-03-02,Amanda Thompson,Installation,1.6,120.0,Replaced faulty thermal sensor and verified system bus voltage.,COMPLETED
DISP-11872,EQ-7069,C-1069,03/27/2024,David Lee,Preventive Maintenance,2.8,420.0,<strong>Performed standard preventive check. Updated firmware to v4.2.1.</strong>,Pending
DISP-11873,EQ-6819,C-1454,2022-11-05T00:00:00Z,Carlos Sanchez,Preventive Maintenance,1.3,123.5,Performed standard preventive check. Updated firmware to v4.2.1.,Completed
DISP-11874,EQ-6372,C-1406,2022-08-21T00:00:00Z,Sarah Williams,Preventive Maintenance,2.6,USD 247.00,Calibrated inverter output. System operating within normal parameters.,Pending
DISP-11875,EQ-99638,C-99892,08/14/2024,James Wilson  ,Emergency Repair,8.1,$769.50,Replaced faulty thermal sensor and verified system bus voltage.,Pending
DISP-11876,EQ-5015,C-1321,2024-04-19T00:00:00Z,David Lee,Diagnostic,1.4,133.0,Emergency dispatch for over-temperature alarm. Cleaned heat exchanger.,COMPLETED
DISP-11877,EQ-7266,C-1226,2023/11/15,David Lee,Warranty Replacement,3.5,525.0,Calibrated inverter output. System operating within normal parameters.,COMPLETED
DISP-11878,EQ-5558,C-1304,05-27-2024,   James Wilson,Software Update,9.4,893.0,Emergency dispatch for over-temperature alarm. Cleaned heat exchanger.,COMPLETED
DISP-11879,EQ-7490,C-1092,2023-09-29T00:00:00Z,James Wilson,Installation,10.6,1007.0,Emergency dispatch for over-temperature alarm. Cleaned heat exchanger.,Completed
DISP-11880,EQ-5126,C-1140,2024-03-02,Robert Martinez,Preventive Maintenance,10.0,750.0,Calibrated inverter output. System operating within normal parameters.,Cancelled
DISP-11881,EQ-7153,C-1065,09-11-2021,Robert Martinez,Software Update,6.2,$930.00,Replaced burnt fuse block. Test run completed successfully.,Pending
DISP-11882,EQ-6857,C-1187,2021-12-09,Patricia Davis,Emergency Repair,5.4,405.0,Emergency dispatch for over-temperature alarm. Cleaned heat exchanger.,In Progress
DISP-11883,EQ-5306,C-1499,04-04-2024,Lisa Rodriguez,Warranty Replacement,11.2,840.0,Calibrated inverter output. System operating within normal parameters.,Cancelled
DISP-11884,EQ-6633,C-1475,2024-01-15,Carlos Sanchez,Emergency Repair,10.0,750.0,<html>Calibrated inverter output. System operating within normal parameters.</html>,Pending
DISP-11885,EQ-6742,C-1128,2022-09-16T00:00:00Z,Amanda Thompson,Warranty Replacement,5.5,660.0,Replaced burnt fuse block. Test run completed successfully.,Completed
DISP-11886,EQ-5437,C-1344,11/26/2022,Sarah Williams,Emergency Repair,5.3,636,Replaced burnt fuse block. Test run completed successfully.,Cancelled
DISP-11887,EQ-6533,C-1412,2022-04-01T00:00:00Z,Amanda Thompson,Corrective Maintenance,7.3,547.5,Performed standard preventive check. Updated firmware to v4.2.1.,completed
DISP-11888,EQ-7028,C-1129,09/04/2021,Mike Johnson,Warranty Replacement,7.4,703.0,Emergency dispatch for over-temperature alarm. Cleaned heat exchanger.,In Progress
DISP-11889,EQ-6084,C-1035,2022/08/21,Michael Brown,Preventive Maintenance,2.7,324.0,Replaced faulty thermal sensor and verified system bus voltage.,Pending
DISP-11890,EQ-5509,C-1119,11/02/2022,Patricia Davis,Diagnostic,7.2,1080.0,Emergency dispatch for over-temperature alarm. Cleaned heat exchanger.,Pending
DISP-11891,EQ-6194,C-1138,06/24/2024,Sarah Williams,Warranty Replacement,2.5,237.5,Replaced faulty thermal sensor and verified system bus voltage.,Completed
DISP-11892,EQ-5684,C-1132,2024-02-05T00:00:00Z,Mike Johnson,Warranty Replacement,1.2,90.0,Replaced burnt fuse block. Test run completed successfully.,Pending
DISP-11893,EQ-6089,C-1164,2023-02-11,Carlos Sanchez,Diagnostic,10.1,1212.0,Performed standard preventive check. Updated firmware to v4.2.1.,Completed
DISP-11894,EQ-5124,C-1482,2023-11-26T00:00:00Z,David Lee,Installation,6.0,900.0,Calibrated inverter output. System operating within normal parameters.,In Progress
DISP-11895,EQ-5613,C-1242,2023-09-09,Lisa Rodriguez,Corrective Maintenance,9.9,1188.0,Calibrated inverter output. System operating within normal parameters.,Completed
DISP-11896,EQ-7063,C-1379,2024-05-13T00:00:00Z,David Lee,Warranty Replacement,5.6,532.0,Calibrated inverter output. System operating within normal parameters.,COMPLETED
DISP-11897,EQ-6004,C-1365,03/11/2022,Jennifer Chen,Preventive Maintenance,8.9,667.5,Emergency dispatch for over-temperature alarm. Cleaned heat exchanger.,completed
DISP-11898,EQ-6551,C-1242,01/06/2022,Mike Johnson,Corrective Maintenance,8.2,984.0,Performed standard preventive check. Updated firmware to v4.2.1.,Cancelled
DISP-11899,EQ-5935,C-1118,02-14-2024,Patricia Davis,Diagnostic,10.9,1035.5,<html>Performed standard preventive check. Updated firmware to v4.2.1.</html>,COMPLETED
DISP-11900,EQ-5808,C-1384,08/03/2021,Michael Brown,Installation,3.9,292,Emergency dispatch for over-temperature alarm. Cleaned heat exchanger.,In Progress
DISP-11901,EQ-7271,C-1052,09/27/2023,Robert Martinez,Warranty Replacement,3.6,540.0,Performed standard preventive check. Updated firmware to v4.2.1.,Completed
DISP-11902,EQ-5291,C-1242,2024-07-10,Robert Martinez,Preventive Maintenance,8.6,817.0,Replaced faulty thermal sensor and verified system bus voltage.,Cancelled
DISP-11903,EQ-6089,C-1164,05-30-2022,James Wilson,Software Update,4.0,600.0,Performed standard preventive check. Updated firmware to v4.2.1.,Cancelled
DISP-11904,EQ-5790,C-1148,06-20-2023,David Lee,Emergency Repair,4.1,615.0,Calibrated inverter output. System operating within normal parameters.,Pending
DISP-11905,EQ-5305,C-1370,07/06/2023,  Carlos Sanchez  ,Preventive Maintenance,6.3,598.5,<html>Performed standard preventive check. Updated firmware to v4.2.1.</html>,In Progress
DISP-11906,EQ-6293,C-1390,2023/11/23,David Lee,Preventive Maintenance,3.8,285.0,<div>Replaced faulty thermal sensor and verified system bus voltage.</div>,In Progress
DISP-11907,EQ-6880,C-1466,06-12-2024,David Lee,Warranty Replacement,11.2,1064.0,Replaced faulty thermal sensor and verified system bus voltage.,Completed
DISP-11908,EQ-5535,C-1159,10/20/2023,Sarah Williams,Installation,3.2,240.0,Replaced burnt fuse block. Test run completed successfully.,COMPLETED
DISP-11909,EQ-7268,C-1239,2023/12/22,Maria Garcia,Warranty Replacement,1.4,105.0,<html>Performed standard preventive check. Updated firmware to v4.2.1.</html>,Completed
DISP-11910,EQ-6960,C-1148,2022/01/11,Maria Garcia,Software Update,11.6,1740.0,Replaced burnt fuse block. Test run completed successfully.,COMPLETED
DISP-11911,EQ-7399,C-1101,05/22/2022,Carlos Sanchez,Emergency Repair,7.2,$540.00,Performed standard preventive check. Updated firmware to v4.2.1.,Completed
DISP-11912,EQ-5778,C-1435,2022/02/08,Maria Garcia,Installation,8.0,600.0,Replaced burnt fuse block. Test run completed successfully.,COMPLETED
DISP-11913,EQ-5928,C-1258,04-03-2022,  James Wilson  ,Installation,5.5,825.0,Replaced burnt fuse block. Test run completed successfully.,In Progress
DISP-11914,EQ-7446,C-1338,2021-07-06,Carlos Sanchez,Preventive Maintenance,4.8,720.0,Replaced burnt fuse block. Test run completed successfully.,Completed
DISP-11915,EQ-6994,C-1114,2024-02-17,Sarah Williams,Emergency Repair,6.6,627.0,Replaced burnt fuse block. Test run completed successfully.,In Progress
DISP-11916,EQ-5902,C-1448,07/28/2024,   Michael Brown,Warranty Replacement,6.2,589.0,Replaced burnt fuse block. Test run completed successfully.,completed
DISP-11917,EQ-6572,C-1357,10/15/2021,Mike Johnson,Warranty Replacement,8.8,836.0,Calibrated inverter output. System operating within normal parameters.,Pending
DISP-11918,EQ-7083,C-1348,2024/03/02,Carlos Sanchez,Emergency Repair,5.9,560.5,Calibrated inverter output. System operating within normal parameters.,COMPLETED
DISP-11919,EQ-5911,C-1119,2022-02-28,Jennifer Chen,Diagnostic,6.1,732.0,Replaced faulty thermal sensor and verified system bus voltage.,Pending
DISP-11920,EQ-5939,C-1307,08-30-2023,Carlos Sanchez,Diagnostic,8.7,1044.0,<b>Replaced faulty thermal sensor and verified system bus voltage.</b>,Cancelled
DISP-11921,EQ-6168,C-1242,2023-09-01,Carlos Sanchez,Installation,2.3,345.0,Calibrated inverter output. System operating within normal parameters.,completed
DISP-11922,EQ-99053,C-99606,11/03/2021,NULL,Diagnostic,0.7,52,Calibrated inverter output. System operating within normal parameters.,In Progress
DISP-11923,EQ-5864,C-1257,2023/10/29,Robert Martinez  ,Corrective Maintenance,0.7,84.0,Performed standard preventive check. Updated firmware to v4.2.1.,Cancelled
DISP-11924,EQ-6792,C-1510,01-02-2023,Mike Johnson,Software Update,6.4,960.0,Emergency dispatch for over-temperature alarm. Cleaned heat exchanger.,Cancelled
DISP-11925,EQ-5874,C-1208,2022-08-12,Mike Johnson,Software Update,1.2,144.0,<html>Replaced faulty thermal sensor and verified system bus voltage.</html>,Cancelled
DISP-11926,EQ-5505,C-1300,03/14/2023,Michael Brown,Corrective Maintenance,0.8,120.0,Replaced faulty thermal sensor and verified system bus voltage.,completed
DISP-11927,EQ-5328,C-1441,2024-03-04,Carlos Sanchez,Diagnostic,4.8,456.0,Emergency dispatch for over-temperature alarm. Cleaned heat exchanger.,COMPLETED
DISP-11928,EQ-5774,C-1238,2021-10-05,David Lee,Installation,4.7,$564.00,Replaced burnt fuse block. Test run completed successfully.,Completed
DISP-11929,EQ-6436,C-1175,10/13/2023,Amanda Thompson,Warranty Replacement,5.3,503.5,Calibrated inverter output. System operating within normal parameters.,Cancelled
DISP-11930,EQ-7458,C-1275,2023-02-09,James Wilson,Emergency Repair,6.7,1005.0,Emergency dispatch for over-temperature alarm. Cleaned heat exchanger.,Pending
DISP-11931,EQ-6541,C-1252,2021-11-05,Maria Garcia,Corrective Maintenance,4.9,735.0,Replaced burnt fuse block. Test run completed successfully.,completed
DISP-11932,EQ-6224,C-1101,2022-10-27T00:00:00Z,   David Lee,Diagnostic,9.7,1455.0,Replaced faulty thermal sensor and verified system bus voltage.,COMPLETED
DISP-11933,EQ-5399,C-1163,2022-09-18T00:00:00Z,Lisa Rodriguez,Emergency Repair,7.8,585.0,<strong>Replaced burnt fuse block. Test run completed successfully.</strong>,Completed
DISP-11934,EQ-7262,C-1040,04/05/2022,Lisa Rodriguez,Installation,9.9,940.5,Performed standard preventive check. Updated firmware to v4.2.1.,Cancelled
DISP-11935,EQ-6195,C-1136,2022-05-31,Michael Brown,Preventive Maintenance,10.8,1620.0,Replaced faulty thermal sensor and verified system bus voltage.,In Progress
DISP-11936,EQ-5108,C-1157,11-05-2021,Patricia Davis,Preventive Maintenance,0.8,96,Replaced faulty thermal sensor and verified system bus voltage.,completed
DISP-11937,EQ-5434,C-1333,2021/12/04,Michael Brown,Diagnostic,1.1,132.0,Emergency dispatch for over-temperature alarm. Cleaned heat exchanger.,In Progress
DISP-11938,EQ-5675,C-1179,07/22/2021,Patricia Davis,Emergency Repair,7.7,924.0,Replaced faulty thermal sensor and verified system bus voltage.,completed
DISP-11939,EQ-6139,C-1112,2023-07-28,David Lee,Preventive Maintenance,6.1,457.5,Performed standard preventive check. Updated firmware to v4.2.1.,COMPLETED
DISP-11940,EQ-5364,C-1115,03/29/2024,Mike Johnson,Corrective Maintenance,4.7,564.0,Emergency dispatch for over-temperature alarm. Cleaned heat exchanger.,Cancelled
DISP-11941,EQ-7301,C-1477,09/22/2023,Lisa Rodriguez,Installation,6.1,457.5,Performed standard preventive check. Updated firmware to v4.2.1.,In Progress
DISP-11942,EQ-7174,C-1267,08/06/2021,Patricia Davis,Warranty Replacement,1.6,120.0,Emergency dispatch for over-temperature alarm. Cleaned heat exchanger.,Pending
DISP-11943,EQ-5405,C-1292,2021/12/05,Jennifer Chen,Software Update,9.6,720.0,Replaced faulty thermal sensor and verified system bus voltage.,COMPLETED
DISP-11944,EQ-5227,C-1268,06-19-2021,Maria Garcia,Software Update,11.1,1665,Replaced burnt fuse block. Test run completed successfully.,Cancelled
DISP-11945,EQ-7015,C-1336,2022-03-11T00:00:00Z,  Patricia Davis  ,Corrective Maintenance,3.8,570.0,Replaced burnt fuse block. Test run completed successfully.,Cancelled
DISP-11946,EQ-7010,C-1105,2021-06-15,NULL,Diagnostic,8.9,667.5,Emergency dispatch for over-temperature alarm. Cleaned heat exchanger.,In Progress
DISP-11947,EQ-6913,C-1106,2022/03/02,Patricia Davis,Emergency Repair,1.6,$152.00,<strong>Replaced faulty thermal sensor and verified system bus voltage.</strong>,In Progress
DISP-11948,EQ-6457,C-1289,2024-02-09,   Carlos Sanchez,Emergency Repair,5.3,795.0,Replaced burnt fuse block. Test run completed successfully.,completed
DISP-11949,EQ-5669,C-1165,2024-01-19T00:00:00Z,Michael Brown,Corrective Maintenance,7.6,1140.0,Performed standard preventive check. Updated firmware to v4.2.1.,completed
DISP-11950,EQ-7495,C-1210,11/11/2022,Jennifer Chen,Diagnostic,1.6,120.0,Replaced faulty thermal sensor and verified system bus voltage.,COMPLETED
DISP-11951,EQ-5419,C-1280,05/29/2024,Jennifer Chen,Emergency Repair,11.2,1344.0,<strong>Calibrated inverter output. System operating within normal parameters.</strong>,COMPLETED
DISP-11952,EQ-6364,C-1197,2023-04-22T00:00:00Z,Jennifer Chen,Warranty Replacement,10.9,1035.5,Performed standard preventive check. Updated firmware to v4.2.1.,Pending
DISP-11953,EQ-5570,C-1476,2021/10/09,Lisa Rodriguez,Corrective Maintenance,3.6,270.0,Calibrated inverter output. System operating within normal parameters.,Completed
DISP-11954,EQ-6723,C-1343,05/09/2023,David Lee,Preventive Maintenance,5.1,765.0,Calibrated inverter output. System operating within normal parameters.,In Progress
DISP-11955,EQ-5576,C-1079,2022-10-18,Maria   Garcia,Corrective Maintenance,7.2,684.0,Performed standard preventive check. Updated firmware to v4.2.1.,completed
DISP-11956,EQ-6901,C-1465,10/09/2022,Sarah Williams  ,Emergency Repair,3.8,361.0,Replaced faulty thermal sensor and verified system bus voltage.,completed
DISP-11957,EQ-6868,C-1363,2021-06-15,Maria Garcia,Warranty Replacement,5.9,708.0,Performed standard preventive check. Updated firmware to v4.2.1.,Completed
DISP-11958,EQ-6095,C-1203,2024/05/01,Carlos Sanchez,Corrective Maintenance,3.9,370.5,Replaced burnt fuse block. Test run completed successfully.,completed
DISP-11959,EQ-5032,C-1016,2021-08-13,Maria Garcia,Software Update,2.3,276.0,<b>Emergency dispatch for over-temperature alarm. Cleaned heat exchanger.</b>,completed
DISP-11960,EQ-5125,C-1449,02/05/2023,  David Lee  ,Corrective Maintenance,6.7,502.5,Calibrated inverter output. System operating within normal parameters.,Completed
DISP-11961,EQ-7377,C-1324,2023-06-16,Lisa Rodriguez,Warranty Replacement,2.1,157.5,Performed standard preventive check. Updated firmware to v4.2.1.,Cancelled
DISP-11962,EQ-6836,C-1042,07-29-2023,Robert Martinez,Warranty Replacement,8.7,826.5,Emergency dispatch for over-temperature alarm. Cleaned heat exchanger.,completed
DISP-11963,EQ-7282,C-1090,2023-11-06T00:00:00Z,Carlos Sanchez,Installation,3.6,270.0,Replaced faulty thermal sensor and verified system bus voltage.,Cancelled
DISP-11964,EQ-7331,C-1238,2021/08/25,Sarah Williams,Software Update,11.4,855.0,Calibrated inverter output. System operating within normal parameters.,Cancelled
DISP-11965,EQ-7138,C-1068,2022-11-02T00:00:00Z,Michael Brown,Corrective Maintenance,11.7,1111.5,Replaced burnt fuse block. Test run completed successfully.,completed
DISP-11966,EQ-5303,C-1444,2023-06-06T00:00:00Z,Mike Johnson,Corrective Maintenance,10.8,1296.0,Calibrated inverter output. System operating within normal parameters.,In Progress
DISP-11967,EQ-6936,C-1316,01-25-2024,Amanda Thompson,Emergency Repair,2.6,390.0,Replaced faulty thermal sensor and verified system bus voltage.,Pending
DISP-11968,EQ-5469,C-1336,2023-09-07T00:00:00Z,Robert Martinez,Software Update,4.4,528.0,<html><body>Calibrated inverter output. System operating within normal parameters.</body></html>,In Progress
DISP-11969,EQ-5348,C-1391,2022-08-25T00:00:00Z,David Lee,Software Update,11.2,1344.0,Emergency dispatch for over-temperature alarm. Cleaned heat exchanger.,completed
DISP-11970,EQ-5136,C-1130,2021-10-22,Jennifer Chen,Preventive Maintenance,9.9,940.5,<html><body>Replaced faulty thermal sensor and verified system bus voltage.</body></html>,COMPLETED
DISP-11971,EQ-6363,C-1481,2022-03-13,Lisa Rodriguez  ,Preventive Maintenance,7.1,674.5,<div>Replaced faulty thermal sensor and verified system bus voltage.</div>,Cancelled
DISP-11972,EQ-6341,C-1223,2024-03-22T00:00:00Z,Sarah Williams,Preventive Maintenance,10.9,1308.0,<b>Emergency dispatch for over-temperature alarm. Cleaned heat exchanger.</b>,In Progress
DISP-11973,EQ-7304,C-1259,01-19-2023,Mike Johnson,Diagnostic,10.5,787,Replaced burnt fuse block. Test run completed successfully.,Pending
DISP-11974,EQ-5322,C-1397,07-15-2023,Robert Martinez,Corrective Maintenance,3.3,313.5,Performed standard preventive check. Updated firmware to v4.2.1.,Pending
DISP-11975,EQ-6553,C-1147,06-07-2023,Patricia Davis  ,Warranty Replacement,2.2,264.0,Emergency dispatch for over-temperature alarm. Cleaned heat exchanger.,In Progress
DISP-11976,EQ-7285,C-1407,2021-09-25T00:00:00Z,Amanda Thompson,Software Update,7.5,900.0,Performed standard preventive check. Updated firmware to v4.2.1.,Completed
DISP-11977,EQ-7274,C-1493,2023/04/28,Mike Johnson,Software Update,2.1,157.5,Calibrated inverter output. System operating within normal parameters.,Completed
DISP-11978,EQ-5695,C-1124,02-16-2022,Michael Brown,Diagnostic,7.3,693.5,Replaced burnt fuse block. Test run completed successfully.,In Progress
DISP-11979,EQ-6383,C-1059,09/17/2021,Lisa Rodriguez,Corrective Maintenance,11.0,1650.0,Replaced faulty thermal sensor and verified system bus voltage.,Cancelled
DISP-11980,EQ-5866,C-1441,2024-01-30T00:00:00Z,Robert Martinez,Warranty Replacement,2.8,420.0,Emergency dispatch for over-temperature alarm. Cleaned heat exchanger.,In Progress
DISP-11981,EQ-5430,C-1289,07/01/2022,   ,Software Update,11.5,1092.5,Calibrated inverter output. System operating within normal parameters.,In Progress
DISP-11982,EQ-5948,C-1168,2023/07/11,Robert Martinez,Warranty Replacement,3.2,384.0,Calibrated inverter output. System operating within normal parameters.,In Progress
DISP-11983,EQ-6770,C-1295,12/17/2022,Sarah Williams,Warranty Replacement,4.9,367.5,Emergency dispatch for over-temperature alarm. Cleaned heat exchanger.,In Progress
DISP-11984,EQ-6968,C-1025,08/08/2023,David Lee,Diagnostic,9.3,697.5,Calibrated inverter output. System operating within normal parameters.,completed
DISP-11985,EQ-5742,C-1515,2022-06-09T00:00:00Z,Lisa Rodriguez,Diagnostic,4.2,315.0,Performed standard preventive check. Updated firmware to v4.2.1.,Completed
DISP-11986,EQ-6902,C-1453,2023-09-17,Mike Johnson,Emergency Repair,11.6,"$1,740.00",Performed standard preventive check. Updated firmware to v4.2.1.,COMPLETED
DISP-11987,EQ-6806,C-1410,08-01-2022,Mike Johnson,Corrective Maintenance,7.7,924.0,<html>Replaced burnt fuse block. Test run completed successfully.</html>,Pending
DISP-11988,EQ-6009,C-1451,05-02-2024,   Jennifer Chen,Corrective Maintenance,9.0,675.0,Replaced burnt fuse block. Test run completed successfully.,Cancelled
DISP-11989,EQ-7458,C-1275,2024-05-30,James Wilson,Warranty Replacement,8.2,$984.00,Replaced faulty thermal sensor and verified system bus voltage.,In Progress
DISP-11990,EQ-6041,C-1494,07-02-2021,Amanda Thompson,Diagnostic,9.8,1470.0,Emergency dispatch for over-temperature alarm. Cleaned heat exchanger.,Pending
DISP-11991,EQ-6303,C-1159,2021-12-20T00:00:00Z,Robert Martinez,Software Update,7.4,555.0,Calibrated inverter output. System operating within normal parameters.,completed
DISP-11992,EQ-7458,C-1275,09-17-2023,Patricia Davis,Corrective Maintenance,3.9,292.5,Replaced faulty thermal sensor and verified system bus voltage.,In Progress
DISP-11993,EQ-5955,C-1095,2022/01/12,Carlos Sanchez,Software Update,1.0,95.0,Calibrated inverter output. System operating within normal parameters.,Cancelled
DISP-11994,EQ-6653,C-1226,06/03/2023,  Sarah Williams  ,Corrective Maintenance,3.9,468.0,Emergency dispatch for over-temperature alarm. Cleaned heat exchanger.,Completed
DISP-11995,EQ-5154,C-1103,02/05/2024,Michael Brown,Installation,10.3,978.5,<strong>Performed standard preventive check. Updated firmware to v4.2.1.</strong>,Cancelled
DISP-11996,EQ-7119,C-1254,09/23/2022,Michael Brown,Software Update,7.9,948.0,Emergency dispatch for over-temperature alarm. Cleaned heat exchanger.,completed
DISP-11997,EQ-7077,C-1327,2024/06/01,Michael Brown,Emergency Repair,8.5,807.5,<html><body>Replaced faulty thermal sensor and verified system bus voltage.</body></html>,Cancelled
DISP-11998,EQ-7052,C-1170,07/02/2023,Carlos Sanchez  ,Corrective Maintenance,1.4,105.0,Replaced faulty thermal sensor and verified system bus voltage.,COMPLETED
DISP-11999,EQ-5595,C-1289,09/22/2021,Robert Martinez,Software Update,1.3,195.0,Replaced faulty thermal sensor and verified system bus voltage.,COMPLETED
DISP-12000,EQ-6020,C-1163,2022-11-08,Robert Martinez,Emergency Repair,8.9,667.5,<p>Replaced burnt fuse block. Test run completed successfully.</p>,In Progress
DISP-12001,EQ-6742,C-1128,09/29/2023,Lisa Rodriguez,Emergency Repair,5.5,412.5,Performed standard preventive check. Updated firmware to v4.2.1.,Completed
DISP-12002,EQ-5791,C-1302,2021-10-10,David Lee,Corrective Maintenance,0.8,60.0,Calibrated inverter output. System operating within normal parameters.,Completed
DISP-12003,EQ-5095,C-1261,06-17-2022,   Mike Johnson,Preventive Maintenance,3.4,255.0,Calibrated inverter output. System operating within normal parameters.,completed
DISP-12004,EQ-7079,C-1081,01/08/2024,Mike Johnson,Warranty Replacement,9.1,1365.0,Emergency dispatch for over-temperature alarm. Cleaned heat exchanger.,COMPLETED
DISP-12005,EQ-6269,C-1481,11-21-2023,Amanda Thompson,Installation,6.8,816.0,<strong>Calibrated inverter output. System operating within normal parameters.</strong>,COMPLETED
DISP-12006,EQ-7156,C-1075,03-22-2024,James Wilson,Installation,2.3,276.0,Calibrated inverter output. System operating within normal parameters.,COMPLETED
DISP-12007,EQ-6580,C-1313,01-24-2024,Sarah Williams,Corrective Maintenance,1.7,127.5,<html><body>Emergency dispatch for over-temperature alarm. Cleaned heat exchanger.</body></html>,Completed
DISP-12008,EQ-6810,C-1238,02/23/2022,Carlos Sanchez,Preventive Maintenance,8.2,615.0,Replaced faulty thermal sensor and verified system bus voltage.,Completed
DISP-12009,EQ-6680,C-1221,2023/10/05,Patricia Davis,Warranty Replacement,6.4,608.0,Performed standard preventive check. Updated firmware to v4.2.1.,Completed
DISP-12010,EQ-7349,C-1305,2024/06/18,Jennifer   Chen,Diagnostic,4.1,307.5,Replaced burnt fuse block. Test run completed successfully.,completed
DISP-12011,EQ-7290,C-1354,2023-07-11T00:00:00Z,David Lee,Corrective Maintenance,8.7,1305.0,Performed standard preventive check. Updated firmware to v4.2.1.,Completed
DISP-12012,EQ-5835,C-1323,2021-06-04,Maria Garcia,Warranty Replacement,11.7,1111.5,<p>Calibrated inverter output. System operating within normal parameters.</p>,COMPLETED
DISP-12013,EQ-6753,C-1145,2021-07-11,Sarah   Williams,Installation,2.2,330.0,Emergency dispatch for over-temperature alarm. Cleaned heat exchanger.,Completed
DISP-12014,EQ-7176,C-1346,2024-02-03,Sarah Williams,Diagnostic,4.4,660.0,Performed standard preventive check. Updated firmware to v4.2.1.,In Progress
DISP-12015,EQ-6700,C-1044,2021-12-27,James Wilson,Installation,4.8,$576.00,Calibrated inverter output. System operating within normal parameters.,COMPLETED
DISP-12016,EQ-7410,C-1301,2023-12-05T00:00:00Z,Patricia Davis,Corrective Maintenance,7.6,1140.0,<p>Calibrated inverter output. System operating within normal parameters.</p>,Cancelled
DISP-12017,EQ-7340,C-1411,2022/04/08,Michael Brown,Corrective Maintenance,7.7,577.5,Calibrated inverter output. System operating within normal parameters.,completed
DISP-12018,EQ-6196,C-1199,03/20/2023,Patricia Davis,Corrective Maintenance,6.8,510.0,Replaced burnt fuse block. Test run completed successfully.,completed
DISP-12019,EQ-7047,C-1392,08/05/2021,Sarah Williams,Warranty Replacement,5.3,397.5,Emergency dispatch for over-temperature alarm. Cleaned heat exchanger.,completed
DISP-12020,EQ-6502,C-1267,01/07/2022,Robert   Martinez,Emergency Repair,1.1,165.0,Replaced burnt fuse block. Test run completed successfully.,Pending
DISP-12021,EQ-6044,C-1099,2022/11/12,David Lee  ,Software Update,10.0,1500.0,Calibrated inverter output. System operating within normal parameters.,Completed
DISP-12022,EQ-7118,C-1166,11/08/2023,Michael Brown,Diagnostic,4.7,705.0,Replaced burnt fuse block. Test run completed successfully.,Pending
DISP-12023,EQ-6551,C-1242,06/03/2023,Carlos Sanchez,Installation,4.1,USD 389.50,Replaced faulty thermal sensor and verified system bus voltage.,Pending
DISP-12024,EQ-6747,C-1323,12/08/2023,Mike Johnson,Software Update,4.7,446.5,Emergency dispatch for over-temperature alarm. Cleaned heat exchanger.,Cancelled
DISP-12025,EQ-6824,C-1313,2022-10-19T00:00:00Z,Patricia Davis,Corrective Maintenance,0.6,90,Performed standard preventive check. Updated firmware to v4.2.1.,Pending
DISP-12026,EQ-7320,C-1437,10/11/2022,James Wilson,Corrective Maintenance,8.6,1032.0,Performed standard preventive check. Updated firmware to v4.2.1.,completed
DISP-12027,EQ-5124,C-1482,2023/01/05,Mike Johnson,Installation,6.3,472.5,Emergency dispatch for over-temperature alarm. Cleaned heat exchanger.,In Progress
DISP-12028,EQ-6237,C-1450,2024-08-06,Jennifer Chen,Installation,8.0,760.0,Performed standard preventive check. Updated firmware to v4.2.1.,completed
DISP-12029,EQ-6583,C-1229,2022-10-18T00:00:00Z,David Lee,Diagnostic,4.7,446.5,Emergency dispatch for over-temperature alarm. Cleaned heat exchanger.,Cancelled
DISP-12030,EQ-5433,C-1045,2024-02-22T00:00:00Z,Jennifer Chen,Emergency Repair,4.3,322.5,Emergency dispatch for over-temperature alarm. Cleaned heat exchanger.,COMPLETED
DISP-12031,EQ-5807,C-1382,2024-08-08,Patricia Davis,Warranty Replacement,11.5,862.5,Emergency dispatch for over-temperature alarm. Cleaned heat exchanger.,completed
DISP-12032,EQ-5493,C-1188,2024/01/04,Jennifer Chen  ,Preventive Maintenance,3.3,396.0,Calibrated inverter output. System operating within normal parameters.,In Progress
DISP-12033,EQ-6029,C-1118,01/09/2022,Maria Garcia,Corrective Maintenance,10.9,1308.0,Performed standard preventive check. Updated firmware to v4.2.1.,COMPLETED
DISP-12034,EQ-7429,C-1501,2021/07/09,David Lee,Installation,1.0,95.0,Performed standard preventive check. Updated firmware to v4.2.1.,Pending
DISP-12035,EQ-6173,C-1325,2024-03-06,   Maria Garcia,Warranty Replacement,9.5,1425.0,Replaced burnt fuse block. Test run completed successfully.,COMPLETED
DISP-12036,EQ-5678,C-1471,2023-10-13T00:00:00Z,Robert Martinez  ,Installation,10.9,1308.0,<strong>Calibrated inverter output. System operating within normal parameters.</strong>,Completed
DISP-12037,EQ-7054,C-1249,2024-04-06,Carlos Sanchez,Warranty Replacement,9.1,1365.0,Replaced faulty thermal sensor and verified system bus voltage.,Pending
DISP-12038,EQ-5640,C-1422,2022/04/23,David Lee,Preventive Maintenance,6.9,828.0,Performed standard preventive check. Updated firmware to v4.2.1.,Cancelled
DISP-12039,EQ-5851,C-1130,07/14/2022,Patricia Davis,Installation,4.7,564.0,Calibrated inverter output. System operating within normal parameters.,In Progress
DISP-12040,EQ-7018,C-1357,2021-10-14,Mike Johnson,Software Update,7.2,684.0,<div>Replaced burnt fuse block. Test run completed successfully.</div>,completed
DISP-12041,EQ-5479,C-1420,2023/08/05,   Amanda Thompson,Installation,8.1,972.0,Performed standard preventive check. Updated firmware to v4.2.1.,In Progress
DISP-12042,EQ-6792,C-1510,02/10/2024,Sarah Williams,Diagnostic,2.1,199.5,Performed standard preventive check. Updated firmware to v4.2.1.,Cancelled
DISP-12043,EQ-5268,C-1367,2022-01-15T00:00:00Z,  Amanda Thompson  ,Preventive Maintenance,1.2,114.0,Replaced faulty thermal sensor and verified system bus voltage.,Pending
DISP-12044,EQ-6142,C-1370,03/06/2023,Amanda Thompson,Emergency Repair,4.7,$446.50,Performed standard preventive check. Updated firmware to v4.2.1.,Cancelled
DISP-12045,EQ-7332,C-1106,2023-01-29,Mike Johnson,Preventive Maintenance,7.2,1080.0,Calibrated inverter output. System operating within normal parameters.,COMPLETED
DISP-12046,EQ-5727,C-1326,01/12/2022,   ,Emergency Repair,5.5,660.0,Replaced burnt fuse block. Test run completed successfully.,completed
DISP-12047,EQ-5283,C-1425,2022-06-22,Robert Martinez,Preventive Maintenance,10.1,1212.0,Calibrated inverter output. System operating within normal parameters.,Pending
DISP-12048,EQ-7115,C-1154,09/08/2021,   Sarah Williams,Corrective Maintenance,2.1,252.0,Performed standard preventive check. Updated firmware to v4.2.1.,COMPLETED
DISP-12049,EQ-5924,C-1397,2023/03/24,Robert Martinez,Preventive Maintenance,3.1,465.0,Calibrated inverter output. System operating within normal parameters.,Cancelled
DISP-12050,EQ-5158,C-1340,07/26/2021,Maria Garcia,Software Update,4.4,418.0,Replaced burnt fuse block. Test run completed successfully.,Completed
DISP-12051,EQ-7007,C-1156,03/06/2022,Mike Johnson,Warranty Replacement,2.5,375.0,<p>Calibrated inverter output. System operating within normal parameters.</p>,In Progress
DISP-12052,EQ-5606,C-1390,2021-06-19,Sarah Williams,Software Update,1.6,240.0,Replaced burnt fuse block. Test run completed successfully.,completed
DISP-12053,EQ-6873,C-1383,2022/02/06,Lisa Rodriguez,Software Update,5.4,405.0,<strong>Emergency dispatch for over-temperature alarm. Cleaned heat exchanger.</strong>,Cancelled
DISP-12054,EQ-5490,C-1418,02-05-2022,Patricia Davis,Warranty Replacement,1.2,144.0,Calibrated inverter output. System operating within normal parameters.,In Progress
DISP-12055,EQ-6215,C-1038,2024-03-22,Lisa Rodriguez,Preventive Maintenance,6.1,457.5,Emergency dispatch for over-temperature alarm. Cleaned heat exchanger.,COMPLETED
DISP-12056,EQ-5101,C-1434,2024/07/16,Robert Martinez,Warranty Replacement,0.7,84.0,Replaced faulty thermal sensor and verified system bus voltage.,In Progress
DISP-12057,EQ-6290,C-1291,08/11/2023,Jennifer Chen,Installation,10.8,1620.0,Emergency dispatch for over-temperature alarm. Cleaned heat exchanger.,COMPLETED
DISP-12058,EQ-7068,C-1096,01-26-2024,David Lee,Corrective Maintenance,9.6,1152.0,Replaced burnt fuse block. Test run completed successfully.,completed
DISP-12059,EQ-5904,C-1332,10/31/2022,Sarah   Williams,Corrective Maintenance,9.9,1485.0,Calibrated inverter output. System operating within normal parameters.,completed
DISP-12060,EQ-99771,C-99915,03/08/2022,Robert Martinez,Preventive Maintenance,3.2,480.0,Replaced faulty thermal sensor and verified system bus voltage.,Cancelled
DISP-12061,EQ-5389,C-1421,2024/01/27,Mike Johnson,Emergency Repair,8.3,USD 1245.00,Performed standard preventive check. Updated firmware to v4.2.1.,Completed
DISP-12062,EQ-6686,C-1298,07/20/2021,Carlos Sanchez,Installation,8.1,1215.0,Replaced burnt fuse block. Test run completed successfully.,completed
DISP-12063,EQ-5285,C-1487,01/20/2024,Jennifer Chen,Software Update,2.2,330.0,<html><body>Replaced burnt fuse block. Test run completed successfully.</body></html>,COMPLETED
DISP-12064,EQ-6958,C-1195,08/21/2023,Maria Garcia,Preventive Maintenance,9.0,855.0,<b>Emergency dispatch for over-temperature alarm. Cleaned heat exchanger.</b>,Completed
DISP-12065,EQ-6375,C-1343,06/08/2024,NULL,Software Update,4.3,408.5,Calibrated inverter output. System operating within normal parameters.,Cancelled
DISP-12066,EQ-6865,C-1148,2022-05-21,Patricia Davis,Corrective Maintenance,4.9,465.5,Calibrated inverter output. System operating within normal parameters.,Completed
DISP-12067,EQ-7101,C-1224,07-05-2024,Maria Garcia,Corrective Maintenance,1.3,123.5,Replaced burnt fuse block. Test run completed successfully.,Cancelled
DISP-12068,EQ-6899,C-1237,2023-10-16,James Wilson,Warranty Replacement,2.2,$209.00,Replaced faulty thermal sensor and verified system bus voltage.,Completed
DISP-12069,EQ-7222,C-1195,2022/11/14,  David Lee  ,Warranty Replacement,0.8,76.0,Replaced faulty thermal sensor and verified system bus voltage.,Cancelled
DISP-12070,EQ-6053,C-1245,2022-06-09,Jennifer Chen,Corrective Maintenance,2.8,420.0,Performed standard preventive check. Updated firmware to v4.2.1.,COMPLETED
DISP-12071,EQ-6177,C-1121,01-03-2024,Robert Martinez,Software Update,9.9,940.5,Emergency dispatch for over-temperature alarm. Cleaned heat exchanger.,Cancelled
DISP-12072,EQ-6295,C-1274,2024-05-03T00:00:00Z,Carlos Sanchez,Corrective Maintenance,7.4,1110.0,Calibrated inverter output. System operating within normal parameters.,Cancelled
DISP-12073,EQ-7452,C-1006,2021/09/26,Maria Garcia,Installation,2.8,336.0,Emergency dispatch for over-temperature alarm. Cleaned heat exchanger.,COMPLETED
DISP-12074,EQ-7235,C-1106,2022/10/28,Sarah Williams  ,Preventive Maintenance,12.0,1440.0,Emergency dispatch for over-temperature alarm. Cleaned heat exchanger.,In Progress
DISP-12075,EQ-7178,C-1106,08-07-2023,Amanda Thompson,Diagnostic,5.5,412.5,Performed standard preventive check. Updated firmware to v4.2.1.,completed
DISP-12076,EQ-5063,C-1004,01-01-2022,Amanda Thompson,Warranty Replacement,12.0,1440.0,<div>Performed standard preventive check. Updated firmware to v4.2.1.</div>,Pending
DISP-12077,EQ-5711,C-1105,09-03-2021,Robert Martinez,Preventive Maintenance,5.0,750.0,Replaced burnt fuse block. Test run completed successfully.,Pending
DISP-12078,EQ-6074,C-1025,2024/01/06,Amanda Thompson,Installation,9.1,864.5,Emergency dispatch for over-temperature alarm. Cleaned heat exchanger.,Pending
DISP-12079,EQ-5820,C-1096,06-11-2021,David Lee,Diagnostic,6.2,930.0,<html><body>Calibrated inverter output. System operating within normal parameters.</body></html>,Completed
DISP-12080,EQ-6390,C-1501,11-22-2021,Patricia Davis,Warranty Replacement,11.2,840.0,Calibrated inverter output. System operating within normal parameters.,Pending
DISP-12081,EQ-6356,C-1504,2024/07/11,Sarah Williams,Emergency Repair,2.2,165.0,Calibrated inverter output. System operating within normal parameters.,Pending
DISP-12082,EQ-7430,C-1271,2023/04/27,Patricia Davis,Preventive Maintenance,11.4,1710.0,<b>Performed standard preventive check. Updated firmware to v4.2.1.</b>,Cancelled
DISP-12083,EQ-7108,C-1482,2022-07-01,   Patricia Davis,Installation,6.5,$780.00,Performed standard preventive check. Updated firmware to v4.2.1.,Completed
DISP-12084,EQ-6529,C-1320,2024-06-20,  Lisa Rodriguez  ,Corrective Maintenance,5.7,684.0,Replaced burnt fuse block. Test run completed successfully.,Pending
DISP-12085,EQ-7385,C-1476,2022-06-26,,Installation,0.5,$37.50,Calibrated inverter output. System operating within normal parameters.,COMPLETED
DISP-12086,EQ-7304,C-1259,2023-07-15T00:00:00Z,Patricia Davis,Installation,6.6,990.0,Performed standard preventive check. Updated firmware to v4.2.1.,COMPLETED
DISP-12087,EQ-5568,C-1162,11-14-2023,Carlos Sanchez,Preventive Maintenance,1.5,225.0,Performed standard preventive check. Updated firmware to v4.2.1.,Cancelled
DISP-12088,EQ-5012,C-1126,2021-12-03T00:00:00Z,Robert Martinez,Software Update,4.7,352.5,Performed standard preventive check. Updated firmware to v4.2.1.,Completed
DISP-12089,EQ-5771,C-1055,04/13/2022,  Mike Johnson  ,Warranty Replacement,11.9,1428.0,Replaced burnt fuse block. Test run completed successfully.,Pending
DISP-12090,EQ-6764,C-1303,2022/02/27,Patricia Davis,Warranty Replacement,7.0,525.0,<b>Replaced faulty thermal sensor and verified system bus voltage.</b>,Completed
DISP-12091,EQ-5613,C-1242,2021-12-29,  Lisa Rodriguez  ,Corrective Maintenance,11.2,1064.0,<html>Replaced burnt fuse block. Test run completed successfully.</html>,In Progress
DISP-12092,EQ-5766,C-1171,01-12-2023,Sarah Williams,Warranty Replacement,2.1,252.0,<p>Emergency dispatch for over-temperature alarm. Cleaned heat exchanger.</p>,completed
DISP-12093,EQ-5122,C-1273,10/23/2022,Robert Martinez,Emergency Repair,9.4,893.0,Replaced burnt fuse block. Test run completed successfully.,Pending
DISP-12094,EQ-7049,C-1068,2023-04-02,Carlos Sanchez,Corrective Maintenance,1.8,216.0,Replaced burnt fuse block. Test run completed successfully.,COMPLETED
DISP-12095,EQ-7085,C-1058,07/20/2024,Michael Brown,Diagnostic,5.9,885.0,Replaced burnt fuse block. Test run completed successfully.,Cancelled
DISP-12096,EQ-6842,C-1377,2024/05/02,Mike Johnson,Emergency Repair,4.2,630.0,Performed standard preventive check. Updated firmware to v4.2.1.,Completed
DISP-12097,EQ-6097,C-1418,01/31/2024,  James Wilson  ,Installation,3.6,270.0,Calibrated inverter output. System operating within normal parameters.,Completed
DISP-12098,EQ-5476,C-1066,2023-02-14T00:00:00Z,Sarah Williams,Emergency Repair,201.2,15090.0,Performed standard preventive check. Updated firmware to v4.2.1.,completed
DISP-12099,EQ-6021,C-1268,2024/05/27,Jennifer Chen,Diagnostic,10.4,1560.0,Emergency dispatch for over-temperature alarm. Cleaned heat exchanger.,COMPLETED
DISP-12100,EQ-5194,C-1048,08/24/2023,Robert Martinez,Diagnostic,11.2,840.0,Replaced burnt fuse block. Test run completed successfully.,Cancelled
DISP-12101,EQ-5809,C-1282,10/04/2021,Maria Garcia,Installation,5.5,412.5,Emergency dispatch for over-temperature alarm. Cleaned heat exchanger.,In Progress
DISP-12102,EQ-5566,C-1356,2023-08-28,   ,Diagnostic,8.8,660.0,Replaced burnt fuse block. Test run completed successfully.,COMPLETED
DISP-12103,EQ-6310,C-1457,2022-01-19T00:00:00Z,Carlos   Sanchez,Corrective Maintenance,6.1,457.5,Performed standard preventive check. Updated firmware to v4.2.1.,In Progress
DISP-12104,EQ-6800,C-1223,2023/04/19,James Wilson  ,Software Update,3.8,361.0,Performed standard preventive check. Updated firmware to v4.2.1.,Pending
DISP-12105,EQ-6437,C-1224,07/11/2023,Jennifer Chen,Warranty Replacement,10.2,1224.0,Replaced burnt fuse block. Test run completed successfully.,Pending
DISP-12106,EQ-5075,C-1381,2021-07-26T00:00:00Z,Mike Johnson,Corrective Maintenance,7.9,592.5,Replaced burnt fuse block. Test run completed successfully.,Completed
DISP-12107,EQ-6842,C-1377,10/14/2021,Amanda Thompson,Emergency Repair,10.4,1560.0,Performed standard preventive check. Updated firmware to v4.2.1.,In Progress
DISP-12108,EQ-6611,C-1313,11-22-2023,Lisa Rodriguez,Installation,9.5,1140.0,Emergency dispatch for over-temperature alarm. Cleaned heat exchanger.,Cancelled
DISP-12109,EQ-6757,C-1387,2023-12-23,Patricia Davis,Preventive Maintenance,2.0,190.0,Replaced faulty thermal sensor and verified system bus voltage.,In Progress
DISP-12110,EQ-7300,C-1456,09/09/2022,Maria Garcia,Preventive Maintenance,4.3,408.5,Calibrated inverter output. System operating within normal parameters.,In Progress
DISP-12111,EQ-7141,C-1427,06/09/2023,Mike Johnson,Installation,1.9,142.5,Emergency dispatch for over-temperature alarm. Cleaned heat exchanger.,In Progress
DISP-12112,EQ-7435,C-1446,2021/09/15,   ,Software Update,11.0,825.0,Performed standard preventive check. Updated firmware to v4.2.1.,completed
DISP-12113,EQ-5524,C-1030,10/11/2021,Robert Martinez,Preventive Maintenance,6.2,744.0,Replaced burnt fuse block. Test run completed successfully.,Pending
DISP-12114,EQ-5219,C-1124,2024-03-13T00:00:00Z,Robert Martinez,Software Update,4.4,418.0,Replaced burnt fuse block. Test run completed successfully.,In Progress
DISP-12115,EQ-5021,C-1430,02/12/2022,Sarah Williams,Warranty Replacement,0.7,66.5,Emergency dispatch for over-temperature alarm. Cleaned heat exchanger.,In Progress
DISP-12116,EQ-5494,C-1417,2023-07-02,Jennifer Chen,Emergency Repair,8.3,622.5,Replaced burnt fuse block. Test run completed successfully.,In Progress
DISP-12117,EQ-6363,C-1481,2023/12/10,   Lisa Rodriguez,Software Update,2.5,187.5,Replaced faulty thermal sensor and verified system bus voltage.,COMPLETED
DISP-12118,EQ-7306,C-1285,2023/04/12,Sarah Williams,Preventive Maintenance,1.6,192.0,Emergency dispatch for over-temperature alarm. Cleaned heat exchanger.,Cancelled
DISP-12119,EQ-5912,C-1271,2023-12-21,Lisa Rodriguez,Installation,0.6,57.0,Calibrated inverter output. System operating within normal parameters.,completed
DISP-12120,EQ-7497,C-1222,2022-06-15T00:00:00Z,David Lee,Installation,3.8,456.0,Replaced faulty thermal sensor and verified system bus voltage.,In Progress
DISP-12121,EQ-6204,C-1485,2023-03-30,Sarah Williams,Warranty Replacement,5.4,648.0,Replaced faulty thermal sensor and verified system bus voltage.,Pending
DISP-12122,EQ-5647,C-1432,2022/11/11,Michael Brown,Warranty Replacement,6.1,732.0,Replaced burnt fuse block. Test run completed successfully.,COMPLETED
DISP-12123,EQ-6727,C-1253,03/25/2024,   ,Emergency Repair,2.3,$218.50,Replaced faulty thermal sensor and verified system bus voltage.,Cancelled
DISP-12124,EQ-7454,C-1002,08-02-2021,David Lee,Corrective Maintenance,7.1,532.5,Emergency dispatch for over-temperature alarm. Cleaned heat exchanger.,COMPLETED
DISP-12125,EQ-6566,C-1289,03/29/2024,Patricia Davis,Diagnostic,9.2,690.0,Performed standard preventive check. Updated firmware to v4.2.1.,Completed
DISP-12126,EQ-6072,C-1499,2024-05-01T00:00:00Z,Michael Brown,Emergency Repair,5.5,522.5,Replaced burnt fuse block. Test run completed successfully.,In Progress
DISP-12127,EQ-7474,C-1390,2024-05-21T00:00:00Z,David Lee,Diagnostic,5.1,382.5,Calibrated inverter output. System operating within normal parameters.,completed
DISP-12128,EQ-5272,C-1485,11/21/2023,Mike Johnson,Diagnostic,3.4,408.0,Replaced faulty thermal sensor and verified system bus voltage.,completed
DISP-12129,EQ-6861,C-1365,08-22-2022,Sarah Williams,Installation,1.6,120.0,Replaced burnt fuse block. Test run completed successfully.,Completed
DISP-12130,EQ-6828,C-1077,2021/09/28,Amanda Thompson,Corrective Maintenance,5.9,885.0,Calibrated inverter output. System operating within normal parameters.,Completed
DISP-12131,EQ-7034,C-1183,01/11/2023,Mike Johnson,Preventive Maintenance,9.3,1116.0,Calibrated inverter output. System operating within normal parameters.,Completed
DISP-12132,EQ-7406,C-1481,2022-11-18T00:00:00Z,Robert Martinez,Warranty Replacement,1.4,210.0,Replaced burnt fuse block. Test run completed successfully.,completed
DISP-12133,EQ-6632,C-1004,2023/03/09,Maria Garcia,Diagnostic,8.5,1020.0,Performed standard preventive check. Updated firmware to v4.2.1.,COMPLETED
DISP-12134,EQ-5641,C-1414,06/19/2022,Jennifer Chen,Warranty Replacement,6.3,472.5,Calibrated inverter output. System operating within normal parameters.,Pending
DISP-12135,EQ-5259,C-1461,06/08/2022,David Lee,Emergency Repair,5.2,390.0,Calibrated inverter output. System operating within normal parameters.,Pending
DISP-12136,EQ-5980,C-1090,2022/12/23,  Carlos Sanchez  ,Corrective Maintenance,8.0,760.0,Replaced burnt fuse block. Test run completed successfully.,Completed
DISP-12137,EQ-6427,C-1176,2022-06-11T00:00:00Z,Amanda Thompson,Corrective Maintenance,4.2,630.0,<html>Emergency dispatch for over-temperature alarm. Cleaned heat exchanger.</html>,In Progress
DISP-12138,EQ-7287,C-1236,2022-10-25,Michael Brown,Corrective Maintenance,5.1,484.5,<html><body>Replaced burnt fuse block. Test run completed successfully.</body></html>,Completed
DISP-12139,EQ-5517,C-1142,2023-12-26T00:00:00Z,Amanda Thompson,Emergency Repair,7.1,852.0,Calibrated inverter output. System operating within normal parameters.,Cancelled
DISP-12140,EQ-5004,C-1055,12-17-2023,David Lee,Preventive Maintenance,3.7,351.5,Calibrated inverter output. System operating within normal parameters.,Completed
DISP-12141,EQ-5970,C-1056,2022/05/23,Robert Martinez,Software Update,8.6,817.0,Replaced faulty thermal sensor and verified system bus voltage.,completed
DISP-12142,EQ-5530,C-1289,2022-02-21T00:00:00Z,Michael Brown,Software Update,5.1,382.5,Calibrated inverter output. System operating within normal parameters.,In Progress
DISP-12143,EQ-5439,C-1368,2023-12-03,Patricia   Davis,Warranty Replacement,6.4,480.0,Calibrated inverter output. System operating within normal parameters.,Pending
DISP-12144,EQ-6410,C-1271,09/28/2022,Patricia Davis,Preventive Maintenance,9.8,1470.0,Replaced faulty thermal sensor and verified system bus voltage.,completed
DISP-12145,EQ-7186,C-1520,12/14/2023,Carlos Sanchez,Corrective Maintenance,10.5,"$1,575.00",Emergency dispatch for over-temperature alarm. Cleaned heat exchanger.,In Progress
DISP-12146,EQ-6055,C-1276,2023-09-10T00:00:00Z,James Wilson,Software Update,4.8,576,Calibrated inverter output. System operating within normal parameters.,In Progress
DISP-12147,EQ-6167,C-1182,04/05/2024,Robert   Martinez,Preventive Maintenance,2.4,180.0,Replaced burnt fuse block. Test run completed successfully.,Pending
DISP-12148,EQ-6478,C-1144,02/11/2024,James Wilson,Warranty Replacement,9.3,883.5,Emergency dispatch for over-temperature alarm. Cleaned heat exchanger.,Pending
DISP-12149,EQ-7185,C-1404,07-23-2023,Lisa Rodriguez,Installation,4.3,322.5,Emergency dispatch for over-temperature alarm. Cleaned heat exchanger.,Cancelled
DISP-12150,EQ-5090,C-1213,2022/11/22,James Wilson,Installation,10.9,1308.0,Calibrated inverter output. System operating within normal parameters.,Completed
DISP-12151,EQ-6334,C-1423,05/08/2023,Carlos Sanchez,Installation,8.3,788.5,Emergency dispatch for over-temperature alarm. Cleaned heat exchanger.,Completed
DISP-12152,EQ-7011,C-1276,03-20-2022,James Wilson,Preventive Maintenance,1.1,104.5,Replaced burnt fuse block. Test run completed successfully.,Pending
DISP-12153,EQ-7232,C-1380,11/24/2023,James Wilson,Corrective Maintenance,6.8,816.0,Emergency dispatch for over-temperature alarm. Cleaned heat exchanger.,Completed
DISP-12154,EQ-5927,C-1123,2022/03/16,Jennifer Chen,Emergency Repair,10.5,787.5,Replaced burnt fuse block. Test run completed successfully.,Cancelled
DISP-12155,EQ-6257,C-1393,2022/10/12,Lisa   Rodriguez,Software Update,6.5,617.5,Performed standard preventive check. Updated firmware to v4.2.1.,COMPLETED
DISP-12156,EQ-5862,C-1380,03-19-2024,Amanda Thompson,Software Update,6.6,792.0,Emergency dispatch for over-temperature alarm. Cleaned heat exchanger.,In Progress
DISP-12157,EQ-6862,C-1370,11/03/2023,James Wilson,Preventive Maintenance,8.8,1056.0,<p>Performed standard preventive check. Updated firmware to v4.2.1.</p>,Pending
DISP-12158,EQ-5561,C-1141,10/24/2021,Robert Martinez,Preventive Maintenance,7.2,540.0,Performed standard preventive check. Updated firmware to v4.2.1.,In Progress
DISP-12159,EQ-6925,C-1199,2022-02-03,  Michael Brown  ,Emergency Repair,3.4,323.0,Calibrated inverter output. System operating within normal parameters.,Cancelled
DISP-12160,EQ-5705,C-1225,2021-06-13T00:00:00Z,Robert Martinez,Emergency Repair,4.2,399.0,Emergency dispatch for over-temperature alarm. Cleaned heat exchanger.,Completed
DISP-12161,EQ-5691,C-1406,01/16/2022,   James Wilson,Emergency Repair,3.9,370.5,Emergency dispatch for over-temperature alarm. Cleaned heat exchanger.,Pending
DISP-12162,EQ-5834,C-1467,04/30/2024,Mike Johnson,Preventive Maintenance,4.4,528.0,Replaced burnt fuse block. Test run completed successfully.,COMPLETED
DISP-12163,EQ-99231,C-99368,2023-11-02T00:00:00Z,Mike Johnson,Software Update,6.3,756.0,Replaced faulty thermal sensor and verified system bus voltage.,In Progress
DISP-12164,EQ-7144,C-1154,06/08/2022,Michael Brown,Installation,2.0,190.0,Performed standard preventive check. Updated firmware to v4.2.1.,Cancelled
DISP-12165,EQ-6439,C-1244,10/02/2023,Sarah Williams,Emergency Repair,2.1,252.0,Replaced burnt fuse block. Test run completed successfully.,Pending
DISP-12166,EQ-6834,C-1447,2021-06-11T00:00:00Z,Mike Johnson,Preventive Maintenance,8.8,1056.0,Replaced burnt fuse block. Test run completed successfully.,Pending
DISP-12167,EQ-7182,C-1195,2023/11/26,Sarah Williams,Corrective Maintenance,11.3,847.5,Calibrated inverter output. System operating within normal parameters.,Cancelled
DISP-12168,EQ-6728,C-1178,2023-07-22T00:00:00Z,Robert Martinez,Corrective Maintenance,9.3,697.5,Performed standard preventive check. Updated firmware to v4.2.1.,Cancelled
DISP-12169,EQ-7416,C-1100,2023-12-22,Sarah Williams,Preventive Maintenance,8.7,1044.0,Performed standard preventive check. Updated firmware to v4.2.1.,Pending
DISP-12170,EQ-6787,C-1378,2023-03-08,,Software Update,7.1,852.0,Performed standard preventive check. Updated firmware to v4.2.1.,COMPLETED
DISP-12171,EQ-5405,C-1292,10-22-2021,James   Wilson,Warranty Replacement,0.6,45.0,Replaced burnt fuse block. Test run completed successfully.,In Progress
DISP-12172,EQ-6078,C-1262,2021/11/15,James Wilson,Installation,11.7,1404.0,Emergency dispatch for over-temperature alarm. Cleaned heat exchanger.,Cancelled
DISP-12173,EQ-5641,C-1414,01/17/2022,Michael Brown,Emergency Repair,10.9,817.5,Replaced burnt fuse block. Test run completed successfully.,Pending
DISP-12174,EQ-7077,C-1327,2021/09/27,Maria Garcia,Diagnostic,6.9,1035.0,Replaced faulty thermal sensor and verified system bus voltage.,Cancelled
DISP-12175,EQ-5860,C-1394,09/15/2021,David Lee,Emergency Repair,7.2,684.0,<html><body>Performed standard preventive check. Updated firmware to v4.2.1.</body></html>,Pending
DISP-12176,EQ-5278,C-1305,12/05/2023,Maria Garcia,Installation,9.5,712.5,Calibrated inverter output. System operating within normal parameters.,Pending
DISP-12177,EQ-5721,C-1374,2024/06/07,Patricia Davis,Software Update,4.5,675.0,Replaced burnt fuse block. Test run completed successfully.,Pending
DISP-12178,EQ-6182,C-1143,2024/02/11,David Lee,Warranty Replacement,1.5,142.5,Performed standard preventive check. Updated firmware to v4.2.1.,In Progress
DISP-12179,EQ-6185,C-1347,2022/06/29,Jennifer Chen,Installation,11.9,892.5,<html><body>Calibrated inverter output. System operating within normal parameters.</body></html>,Pending
DISP-12180,EQ-5301,C-1482,04/23/2024,James Wilson,Emergency Repair,6.1,579.5,Performed standard preventive check. Updated firmware to v4.2.1.,completed
DISP-12181,EQ-5880,C-1240,12-07-2023,   David Lee,Diagnostic,7.9,1185.0,Performed standard preventive check. Updated firmware to v4.2.1.,In Progress
DISP-12182,EQ-7054,C-1249,12/14/2022,Patricia Davis,Warranty Replacement,6.1,732.0,Replaced burnt fuse block. Test run completed successfully.,In Progress
DISP-12183,EQ-5438,C-1054,2022/04/05,David Lee,Emergency Repair,4.6,552.0,Emergency dispatch for over-temperature alarm. Cleaned heat exchanger.,Cancelled
DISP-12184,EQ-5592,C-1221,2022-07-17,Lisa Rodriguez,Preventive Maintenance,0.9,135.0,Replaced burnt fuse block. Test run completed successfully.,completed
DISP-12185,EQ-6648,C-1046,08/19/2023,Sarah Williams,Corrective Maintenance,3.8,285.0,Calibrated inverter output. System operating within normal parameters.,completed
DISP-12186,EQ-6369,C-1491,2024-01-08T00:00:00Z,Robert Martinez,Diagnostic,10.5,1260.0,Emergency dispatch for over-temperature alarm. Cleaned heat exchanger.,Cancelled
DISP-12187,EQ-6865,C-1148,12/01/2021,David Lee,Warranty Replacement,10.8,1026.0,Replaced burnt fuse block. Test run completed successfully.,In Progress
DISP-12188,EQ-5389,C-1421,09-19-2023,Michael Brown,Diagnostic,296.1,22207.5,Replaced faulty thermal sensor and verified system bus voltage.,Pending
DISP-12189,EQ-6467,C-1392,2021/07/30,Jennifer Chen,Diagnostic,6.9,517.5,Replaced faulty thermal sensor and verified system bus voltage.,Pending
DISP-12190,EQ-6104,C-1164,02/09/2024,Michael Brown,Installation,1.7,255.0,Calibrated inverter output. System operating within normal parameters.,Cancelled
DISP-12191,EQ-5786,C-1182,2022-10-17T00:00:00Z,Patricia Davis,Warranty Replacement,3.2,304.0,Performed standard preventive check. Updated firmware to v4.2.1.,Pending
DISP-12192,EQ-5657,C-1356,2024-05-15,Amanda Thompson,Corrective Maintenance,1.2,90.0,Performed standard preventive check. Updated firmware to v4.2.1.,Cancelled
DISP-12193,EQ-6490,C-1282,2023/10/07,   ,Preventive Maintenance,10.0,950.0,Performed standard preventive check. Updated firmware to v4.2.1.,completed
DISP-12194,EQ-5065,C-1135,02/18/2024,Mike Johnson,Corrective Maintenance,381.1,45732.0,Calibrated inverter output. System operating within normal parameters.,Completed
DISP-12195,EQ-6224,C-1101,09-25-2021,Michael Brown,Diagnostic,7.3,876.0,Performed standard preventive check. Updated firmware to v4.2.1.,completed
DISP-12196,EQ-5392,C-1006,2022-05-17,Michael Brown  ,Installation,7.9,592.5,<div>Calibrated inverter output. System operating within normal parameters.</div>,COMPLETED
DISP-12197,EQ-5488,C-1296,03-04-2022,Robert Martinez,Software Update,8.9,667.5,Replaced burnt fuse block. Test run completed successfully.,Cancelled
DISP-12198,EQ-5706,C-1123,2021/12/26,Sarah Williams,Installation,9.0,675.0,Emergency dispatch for over-temperature alarm. Cleaned heat exchanger.,Pending
DISP-12199,EQ-6187,C-1456,2023-01-16,Michael Brown,Emergency Repair,3.3,495.0,Performed standard preventive check. Updated firmware to v4.2.1.,Pending
DISP-12200,EQ-6904,C-1470,07-13-2022,   Jennifer Chen,Emergency Repair,10.5,997.5,Replaced burnt fuse block. Test run completed successfully.,Cancelled
DISP-12201,EQ-7211,C-1477,12/17/2021,Sarah Williams,Software Update,11.9,1785.0,Calibrated inverter output. System operating within normal parameters.,completed
DISP-12202,EQ-6446,C-1384,2023/05/21,Jennifer Chen,Preventive Maintenance,8.1,769.5,Replaced faulty thermal sensor and verified system bus voltage.,COMPLETED
DISP-12203,EQ-6252,C-1038,2022-02-23,Amanda   Thompson,Corrective Maintenance,5.8,551.0,Calibrated inverter output. System operating within normal parameters.,Cancelled
DISP-12204,EQ-5430,C-1289,08-08-2024,Jennifer Chen,Warranty Replacement,8.6,645.0,Emergency dispatch for over-temperature alarm. Cleaned heat exchanger.,Pending
DISP-12205,EQ-5407,C-1189,12/15/2022,NULL,Diagnostic,8.3,622.5,Replaced burnt fuse block. Test run completed successfully.,Completed
DISP-12206,EQ-5301,C-1482,2023-01-19,David Lee,Corrective Maintenance,1.7,204.0,Performed standard preventive check. Updated firmware to v4.2.1.,COMPLETED
DISP-12207,EQ-5577,C-1351,09/12/2021,David Lee,Emergency Repair,7.6,$1140.00,Performed standard preventive check. Updated firmware to v4.2.1.,In Progress
DISP-12208,EQ-6426,C-1156,2021/07/25,Robert Martinez,Preventive Maintenance,4.6,$345.00,Calibrated inverter output. System operating within normal parameters.,completed
DISP-12209,EQ-99165,C-99723,08/31/2022,Michael Brown  ,Installation,3.3,495.0,Performed standard preventive check. Updated firmware to v4.2.1.,Pending
DISP-12210,EQ-6256,C-1173,09/26/2023,Jennifer Chen,Preventive Maintenance,7.2,1080.0,Performed standard preventive check. Updated firmware to v4.2.1.,Cancelled
DISP-12211,EQ-6650,C-1343,2024/02/20,David Lee,Warranty Replacement,3.2,240.0,Replaced faulty thermal sensor and verified system bus voltage.,COMPLETED
DISP-12212,EQ-5896,C-1094,2022-10-22T00:00:00Z,Sarah Williams,Installation,1.7,255.0,Calibrated inverter output. System operating within normal parameters.,COMPLETED
DISP-12213,EQ-6276,C-1495,04-19-2024,Maria Garcia,Diagnostic,9.2,1104.0,<html><body>Emergency dispatch for over-temperature alarm. Cleaned heat exchanger.</body></html>,In Progress
DISP-12214,EQ-5616,C-1278,2022-04-01T00:00:00Z,Sarah Williams,Corrective Maintenance,1.1,132.0,Replaced burnt fuse block. Test run completed successfully.,completed
DISP-12215,EQ-5189,C-1456,2023-05-22,   ,Installation,6.7,1005.0,Performed standard preventive check. Updated firmware to v4.2.1.,COMPLETED
DISP-12216,EQ-5617,C-1185,07/02/2024,James Wilson,Warranty Replacement,9.6,1152.0,Replaced faulty thermal sensor and verified system bus voltage.,COMPLETED
DISP-12217,EQ-5973,C-1338,07/05/2024,Sarah Williams,Corrective Maintenance,5.0,750.0,Performed standard preventive check. Updated firmware to v4.2.1.,completed
DISP-12218,EQ-6306,C-1516,2022/02/05,  Lisa Rodriguez  ,Emergency Repair,5.7,541.5,Calibrated inverter output. System operating within normal parameters.,Completed
DISP-12219,EQ-5246,C-1196,2022-06-16,Amanda Thompson,Preventive Maintenance,7.2,864.0,Calibrated inverter output. System operating within normal parameters.,Pending
DISP-12220,EQ-7263,C-1361,2023-01-09,David Lee,Software Update,0.5,75.0,Emergency dispatch for over-temperature alarm. Cleaned heat exchanger.,Cancelled
DISP-12221,EQ-5829,C-1394,07/18/2021,Patricia Davis,Software Update,1.7,255.0,Emergency dispatch for over-temperature alarm. Cleaned heat exchanger.,Completed
DISP-12222,EQ-5048,C-1153,07-28-2024,Maria Garcia,Installation,6.4,480.0,Emergency dispatch for over-temperature alarm. Cleaned heat exchanger.,Completed
DISP-12223,EQ-6863,C-1490,2022-11-19,Sarah Williams,Emergency Repair,3.7,351.5,Emergency dispatch for over-temperature alarm. Cleaned heat exchanger.,Pending
DISP-12224,EQ-5190,C-1409,2024/01/27,Patricia Davis,Corrective Maintenance,7.7,731.5,Emergency dispatch for over-temperature alarm. Cleaned heat exchanger.,Pending
DISP-12225,EQ-6205,C-1086,09/11/2023,Amanda Thompson,Diagnostic,5.7,684.0,Emergency dispatch for over-temperature alarm. Cleaned heat exchanger.,Pending
DISP-12226,EQ-5746,C-1393,2023-11-28T00:00:00Z,Sarah Williams,Installation,9.4,1410.0,Calibrated inverter output. System operating within normal parameters.,Cancelled
DISP-12227,EQ-6308,C-1373,08/20/2022,Amanda Thompson,Emergency Repair,5.7,855.0,Replaced burnt fuse block. Test run completed successfully.,Pending
DISP-12228,EQ-6076,C-1367,10/13/2021,Lisa Rodriguez,Emergency Repair,3.1,372,Performed standard preventive check. Updated firmware to v4.2.1.,Completed
DISP-12229,EQ-5442,C-1463,02/12/2024,David Lee,Emergency Repair,11.9,1428.0,Replaced burnt fuse block. Test run completed successfully.,COMPLETED
DISP-12230,EQ-6611,C-1313,05/05/2023,  Maria Garcia  ,Emergency Repair,2.0,150.0,Replaced faulty thermal sensor and verified system bus voltage.,completed
DISP-12231,EQ-7460,C-1161,01/27/2022,David Lee,Corrective Maintenance,6.7,636.5,Replaced faulty thermal sensor and verified system bus voltage.,In Progress
DISP-12232,EQ-7070,C-1331,05/16/2023,Sarah Williams,Preventive Maintenance,8.5,637.5,Calibrated inverter output. System operating within normal parameters.,In Progress
DISP-12233,EQ-5448,C-1356,2022/04/08,James Wilson,Corrective Maintenance,10.4,988.0,<html>Replaced burnt fuse block. Test run completed successfully.</html>,Completed
DISP-12234,EQ-6363,C-1481,01/18/2023,Robert Martinez,Corrective Maintenance,7.6,1140.0,Replaced faulty thermal sensor and verified system bus voltage.,COMPLETED
DISP-12235,EQ-7067,C-1072,04-08-2022,Patricia Davis,Emergency Repair,8.3,USD 1245.00,Performed standard preventive check. Updated firmware to v4.2.1.,completed
DISP-12236,EQ-5267,C-1395,2022-02-03,Amanda Thompson,Corrective Maintenance,7.0,840.0,Performed standard preventive check. Updated firmware to v4.2.1.,Pending
DISP-12237,EQ-5117,C-1101,01/26/2022,Sarah Williams,Installation,9.9,1485.0,Emergency dispatch for over-temperature alarm. Cleaned heat exchanger.,Pending
DISP-12238,EQ-6672,C-1226,06/24/2023,,Corrective Maintenance,6.7,1005.0,Replaced burnt fuse block. Test run completed successfully.,Cancelled
DISP-12239,EQ-5890,C-1239,2022-04-24T00:00:00Z,James Wilson,Diagnostic,11.9,1785.0,Emergency dispatch for over-temperature alarm. Cleaned heat exchanger.,COMPLETED
DISP-12240,EQ-6166,C-1251,10/29/2021,Patricia Davis,Corrective Maintenance,5.2,624.0,Performed standard preventive check. Updated firmware to v4.2.1.,Completed
DISP-12241,EQ-7151,C-1246,2021-09-15T00:00:00Z,Carlos Sanchez,Emergency Repair,4.2,630.0,<html>Emergency dispatch for over-temperature alarm. Cleaned heat exchanger.</html>,COMPLETED
DISP-12242,EQ-6346,C-1128,2021-07-08,Jennifer Chen,Preventive Maintenance,3.1,465.0,<html>Replaced faulty thermal sensor and verified system bus voltage.</html>,Pending
DISP-12243,EQ-6068,C-1314,2021/09/16,Carlos Sanchez,Diagnostic,0.6,57.0,<b>Calibrated inverter output. System operating within normal parameters.</b>,Pending
DISP-12244,EQ-6661,C-1366,2023-08-12,Mike Johnson,Preventive Maintenance,2.3,345.0,Replaced burnt fuse block. Test run completed successfully.,completed
DISP-12245,EQ-6406,C-1449,11/26/2022,David Lee,Diagnostic,3.3,313.5,Performed standard preventive check. Updated firmware to v4.2.1.,Cancelled
DISP-12246,EQ-7322,C-1146,2022-10-16T00:00:00Z,James Wilson,Installation,10.3,772.5,Emergency dispatch for over-temperature alarm. Cleaned heat exchanger.,In Progress
DISP-12247,EQ-6881,C-1325,2021-09-17,Mike Johnson,Software Update,0.5,60,Replaced faulty thermal sensor and verified system bus voltage.,completed
DISP-12248,EQ-5405,C-1292,09/30/2021,   Amanda Thompson,Installation,10.4,988.0,Replaced faulty thermal sensor and verified system bus voltage.,In Progress
DISP-12249,EQ-5685,C-1077,2022-01-26T00:00:00Z,Michael Brown,Software Update,10.6,1272.0,Performed standard preventive check. Updated firmware to v4.2.1.,In Progress
DISP-12250,EQ-6194,C-1138,06/23/2021,Michael Brown,Software Update,0.7,$105.00,Emergency dispatch for over-temperature alarm. Cleaned heat exchanger.,Cancelled
DISP-12251,EQ-5118,C-1351,2022-06-10,Jennifer Chen,Diagnostic,4.1,615.0,Replaced burnt fuse block. Test run completed successfully.,Cancelled
DISP-12252,EQ-7442,C-1016,2024/06/18,Michael Brown,Installation,2.2,330.0,Calibrated inverter output. System operating within normal parameters.,Pending
DISP-12253,EQ-7315,C-1132,2024-01-22T00:00:00Z,NULL,Corrective Maintenance,6.4,768.0,Emergency dispatch for over-temperature alarm. Cleaned heat exchanger.,COMPLETED
DISP-12254,EQ-5950,C-1048,04/17/2023,Carlos Sanchez,Warranty Replacement,11.9,1428.0,Emergency dispatch for over-temperature alarm. Cleaned heat exchanger.,In Progress
DISP-12255,EQ-6810,C-1238,08-05-2024,Patricia Davis,Installation,11.1,832.5,Replaced faulty thermal sensor and verified system bus voltage.,Cancelled
DISP-12256,EQ-5270,C-1236,05-26-2023,Jennifer Chen,Preventive Maintenance,11.0,825.0,Emergency dispatch for over-temperature alarm. Cleaned heat exchanger.,COMPLETED
DISP-12257,EQ-5452,C-1240,01-22-2023,Robert Martinez,Diagnostic,1.3,97.5,Replaced burnt fuse block. Test run completed successfully.,In Progress
DISP-12258,EQ-6173,C-1325,05-04-2024,Patricia Davis,Corrective Maintenance,4.6,345.0,Replaced burnt fuse block. Test run completed successfully.,In Progress
DISP-12259,EQ-6154,C-1034,2023-09-12T00:00:00Z,   ,Corrective Maintenance,5.4,648.0,Performed standard preventive check. Updated firmware to v4.2.1.,completed
DISP-12260,EQ-5618,C-1281,10-20-2021,Maria Garcia,Corrective Maintenance,9.6,720.0,Emergency dispatch for over-temperature alarm. Cleaned heat exchanger.,Cancelled
DISP-12261,EQ-7173,C-1157,2024-03-13,Patricia Davis,Diagnostic,4.1,389.5,Calibrated inverter output. System operating within normal parameters.,Cancelled
DISP-12262,EQ-7348,C-1469,08/29/2022,Patricia Davis,Emergency Repair,7.7,731.5,Replaced faulty thermal sensor and verified system bus voltage.,Pending
DISP-12263,EQ-6057,C-1171,2021-08-21,Patricia Davis,Software Update,7.4,555.0,Calibrated inverter output. System operating within normal parameters.,Pending
DISP-12264,EQ-5260,C-1376,04-09-2024,Robert Martinez,Corrective Maintenance,2.9,217.5,Calibrated inverter output. System operating within normal parameters.,In Progress
DISP-12265,EQ-6813,C-1227,2022-08-02T00:00:00Z,Maria Garcia,Installation,6.1,579.5,Replaced burnt fuse block. Test run completed successfully.,Completed
DISP-12266,EQ-6595,C-1068,2022-01-11T00:00:00Z,David Lee,Installation,9.3,883.5,Calibrated inverter output. System operating within normal parameters.,COMPLETED
DISP-12267,EQ-5214,C-1207,01/09/2024,Robert Martinez,Preventive Maintenance,3.3,495.0,Emergency dispatch for over-temperature alarm. Cleaned heat exchanger.,In Progress
DISP-12268,EQ-6678,C-1332,2022-06-11T00:00:00Z,Amanda Thompson,Software Update,5.9,442.5,<strong>Calibrated inverter output. System operating within normal parameters.</strong>,completed
DISP-12269,EQ-6371,C-1476,2023/01/03,David Lee,Preventive Maintenance,1.2,114.0,Calibrated inverter output. System operating within normal parameters.,In Progress
DISP-12270,EQ-6469,C-1467,07-16-2021,Robert Martinez,Corrective Maintenance,0.9,85.5,Performed standard preventive check. Updated firmware to v4.2.1.,Cancelled
DISP-12271,EQ-5962,C-1414,2021-06-01,Sarah Williams,Software Update,9.6,1440.0,<html><body>Calibrated inverter output. System operating within normal parameters.</body></html>,Cancelled
DISP-12272,EQ-5657,C-1356,10-20-2021,Maria Garcia,Warranty Replacement,6.3,$756.00,Replaced faulty thermal sensor and verified system bus voltage.,Cancelled
DISP-12273,EQ-7322,C-1146,05/22/2022,Robert Martinez,Installation,9.6,1440.0,<b>Replaced faulty thermal sensor and verified system bus voltage.</b>,completed
DISP-12274,EQ-7494,C-1129,2024/04/10,Patricia Davis,Software Update,0.7,84.0,Replaced faulty thermal sensor and verified system bus voltage.,Completed
DISP-12275,EQ-5808,C-1384,2024-03-07T00:00:00Z,Lisa Rodriguez,Warranty Replacement,8.4,630.0,Performed standard preventive check. Updated firmware to v4.2.1.,COMPLETED
DISP-12276,EQ-6910,C-1395,02-18-2024,Mike Johnson,Software Update,9.2,690.0,Replaced faulty thermal sensor and verified system bus voltage.,Cancelled
DISP-12277,EQ-5142,C-1443,2024-07-16,Jennifer Chen,Preventive Maintenance,2.3,276.0,Performed standard preventive check. Updated firmware to v4.2.1.,COMPLETED
DISP-12278,EQ-99975,C-99442,04/16/2022,Michael Brown,Diagnostic,3.6,270.0,<html>Replaced burnt fuse block. Test run completed successfully.</html>,Completed
DISP-12279,EQ-5209,C-1433,2024/01/29,James Wilson,Diagnostic,4.2,315.0,Performed standard preventive check. Updated firmware to v4.2.1.,Cancelled
DISP-12280,EQ-6299,C-1518,2024/07/27,  Sarah Williams  ,Emergency Repair,4.6,552.0,Emergency dispatch for over-temperature alarm. Cleaned heat exchanger.,Completed
DISP-12281,EQ-6340,C-1268,03/21/2024,Michael Brown,Installation,5.7,684.0,Performed standard preventive check. Updated firmware to v4.2.1.,COMPLETED
DISP-12282,EQ-6177,C-1121,10-04-2023,James Wilson,Corrective Maintenance,0.7,66.5,Emergency dispatch for over-temperature alarm. Cleaned heat exchanger.,completed
DISP-12283,EQ-7086,C-1178,2023-03-11,Amanda Thompson,Diagnostic,10.2,969.0,<div>Replaced burnt fuse block. Test run completed successfully.</div>,Completed
DISP-12284,EQ-6575,C-1009,2021-08-28T00:00:00Z,Michael Brown,Corrective Maintenance,10.3,772.5,Emergency dispatch for over-temperature alarm. Cleaned heat exchanger.,Cancelled
DISP-12285,EQ-6291,C-1069,01/17/2023,  Michael Brown  ,Warranty Replacement,6.2,USD 930.00,Calibrated inverter output. System operating within normal parameters.,Pending
DISP-12286,EQ-6574,C-1022,2023-08-27,Maria Garcia,Preventive Maintenance,4.6,690.0,Emergency dispatch for over-temperature alarm. Cleaned heat exchanger.,completed
DISP-12287,EQ-6725,C-1159,09/09/2021,Carlos Sanchez,Diagnostic,10.4,988.0,Calibrated inverter output. System operating within normal parameters.,Completed
DISP-12288,EQ-7225,C-1417,2024-05-17,   Amanda Thompson,Installation,0.7,84.0,Emergency dispatch for over-temperature alarm. Cleaned heat exchanger.,In Progress
DISP-12289,EQ-7049,C-1068,01-22-2022,Lisa Rodriguez,Diagnostic,5.8,696.0,Replaced burnt fuse block. Test run completed successfully.,COMPLETED
DISP-12290,EQ-5658,C-1008,2023-05-29,Mike Johnson,Software Update,4.2,630.0,Emergency dispatch for over-temperature alarm. Cleaned heat exchanger.,In Progress
DISP-12291,EQ-7111,C-1098,01/11/2024,Amanda Thompson,Diagnostic,8.3,622.5,Performed standard preventive check. Updated firmware to v4.2.1.,completed
DISP-12292,EQ-5043,C-1237,06/03/2021,Jennifer Chen,Installation,3.0,$450.00,Calibrated inverter output. System operating within normal parameters.,completed
DISP-12293,EQ-7027,C-1460,2022-03-01T00:00:00Z,,Preventive Maintenance,1.7,161.5,<html>Calibrated inverter output. System operating within normal parameters.</html>,COMPLETED
DISP-12294,EQ-6553,C-1147,06/24/2021,Maria Garcia,Preventive Maintenance,4.3,516.0,Performed standard preventive check. Updated firmware to v4.2.1.,COMPLETED
DISP-12295,EQ-6516,C-1222,05/30/2023,Patricia Davis,Software Update,9.2,1380.0,Replaced faulty thermal sensor and verified system bus voltage.,completed
DISP-12296,EQ-5644,C-1019,10/01/2022,James Wilson,Installation,6.6,990.0,<b>Replaced faulty thermal sensor and verified system bus voltage.</b>,Completed
DISP-12297,EQ-5790,C-1148,05/08/2024,Amanda Thompson,Installation,9.2,874.0,Calibrated inverter output. System operating within normal parameters.,Completed
DISP-12298,EQ-6153,C-1039,05/01/2024,Jennifer Chen,Corrective Maintenance,10.0,750.0,Emergency dispatch for over-temperature alarm. Cleaned heat exchanger.,Completed
DISP-12299,EQ-6138,C-1375,2021-11-21,Amanda Thompson,Software Update,1.4,133.0,Replaced burnt fuse block. Test run completed successfully.,Cancelled
DISP-12300,EQ-5301,C-1482,11-14-2023,Carlos Sanchez,Software Update,1.4,210.0,Calibrated inverter output. System operating within normal parameters.,Cancelled
DISP-12301,EQ-5169,C-1235,2024-02-11T00:00:00Z,Lisa Rodriguez,Installation,2.6,195.0,Emergency dispatch for over-temperature alarm. Cleaned heat exchanger.,Completed
DISP-12302,EQ-6405,C-1152,2023-05-22,James Wilson,Diagnostic,4.1,389.5,Replaced burnt fuse block. Test run completed successfully.,completed
DISP-12303,EQ-6586,C-1047,08/13/2024,Sarah Williams,Corrective Maintenance,3.5,420.0,Calibrated inverter output. System operating within normal parameters.,Completed
DISP-12304,EQ-5859,C-1379,05-31-2022,Maria Garcia,Preventive Maintenance,9.9,1485.0,Performed standard preventive check. Updated firmware to v4.2.1.,In Progress
DISP-12305,EQ-5880,C-1240,2023-12-08T00:00:00Z,Mike Johnson,Emergency Repair,0.9,108.0,<strong>Performed standard preventive check. Updated firmware to v4.2.1.</strong>,Cancelled
DISP-12306,EQ-6141,C-1287,2023-11-19T00:00:00Z,Patricia Davis,Software Update,6.9,655.5,Replaced faulty thermal sensor and verified system bus voltage.,Completed
DISP-12307,EQ-5195,C-1471,2022/02/01,  James Wilson  ,Diagnostic,11.7,1111.5,<div>Replaced burnt fuse block. Test run completed successfully.</div>,completed
DISP-12308,EQ-5620,C-1247,12-09-2021,David Lee,Installation,4.0,600.0,<div>Replaced burnt fuse block. Test run completed successfully.</div>,Cancelled
DISP-12309,EQ-5695,C-1124,07/08/2024,Lisa Rodriguez,Corrective Maintenance,5.5,522.5,Emergency dispatch for over-temperature alarm. Cleaned heat exchanger.,completed
DISP-12310,EQ-5724,C-1402,10/13/2021,Amanda Thompson,Emergency Repair,9.3,1395.0,Performed standard preventive check. Updated firmware to v4.2.1.,Pending
DISP-12311,EQ-6075,C-1356,2022-09-03,Maria Garcia,Installation,1.9,180.5,Replaced faulty thermal sensor and verified system bus voltage.,Completed
DISP-12312,EQ-6488,C-1216,2024-01-18,Jennifer   Chen,Software Update,1.1,104.5,Replaced burnt fuse block. Test run completed successfully.,Cancelled
DISP-12313,EQ-5199,C-1345,2021-11-11,Carlos Sanchez,Emergency Repair,1.9,180.5,<div>Emergency dispatch for over-temperature alarm. Cleaned heat exchanger.</div>,Completed
DISP-12314,EQ-6812,C-1106,11-07-2023,Amanda Thompson,Installation,3.4,510.0,Replaced faulty thermal sensor and verified system bus voltage.,Pending
DISP-12315,EQ-5198,C-1209,2024-06-12,Michael Brown,Diagnostic,9.7,1164.0,Calibrated inverter output. System operating within normal parameters.,completed
DISP-12316,EQ-6866,C-1267,05-27-2023,Jennifer Chen,Warranty Replacement,11.9,1428.0,Performed standard preventive check. Updated firmware to v4.2.1.,Pending
DISP-12317,EQ-7226,C-1253,09/30/2022,Sarah Williams  ,Diagnostic,4.1,492,Emergency dispatch for over-temperature alarm. Cleaned heat exchanger.,COMPLETED
DISP-12318,EQ-6267,C-1325,04-25-2024,Lisa Rodriguez,Preventive Maintenance,5.0,600.0,Emergency dispatch for over-temperature alarm. Cleaned heat exchanger.,Cancelled
DISP-12319,EQ-5182,C-1293,01/13/2023,Lisa Rodriguez,Emergency Repair,6.3,598.5,Performed standard preventive check. Updated firmware to v4.2.1.,completed
DISP-12320,EQ-6243,C-1242,01-28-2024,Mike Johnson,Preventive Maintenance,4.5,427.5,<strong>Replaced burnt fuse block. Test run completed successfully.</strong>,COMPLETED
DISP-12321,EQ-6312,C-1422,11-09-2022,Mike Johnson,Emergency Repair,11.6,1740.0,<strong>Replaced burnt fuse block. Test run completed successfully.</strong>,Completed
DISP-12322,EQ-5561,C-1141,2022-02-13,Amanda Thompson  ,Diagnostic,2.7,256.5,Replaced faulty thermal sensor and verified system bus voltage.,Pending
DISP-12323,EQ-5879,C-1164,01/18/2024,David Lee,Installation,0.6,57.0,Calibrated inverter output. System operating within normal parameters.,COMPLETED
DISP-12324,EQ-6002,C-1052,2022-09-26T00:00:00Z,James Wilson,Corrective Maintenance,8.0,960.0,Replaced burnt fuse block. Test run completed successfully.,completed
DISP-12325,EQ-6151,C-1140,03-11-2023,Lisa Rodriguez,Diagnostic,2.7,405.0,Replaced faulty thermal sensor and verified system bus voltage.,Cancelled
DISP-12326,EQ-6230,C-1055,2023-01-16T00:00:00Z,Robert Martinez,Diagnostic,4.2,504.0,Emergency dispatch for over-temperature alarm. Cleaned heat exchanger.,In Progress
DISP-12327,EQ-5455,C-1408,2023-11-04T00:00:00Z,James Wilson,Installation,2.7,324.0,Calibrated inverter output. System operating within normal parameters.,Completed
DISP-12328,EQ-6171,C-1263,2023-12-15,Robert Martinez,Warranty Replacement,10.5,1575.0,Replaced faulty thermal sensor and verified system bus voltage.,completed
DISP-12329,EQ-6689,C-1494,2021-09-16T00:00:00Z,James Wilson,Software Update,1.7,255.0,Replaced faulty thermal sensor and verified system bus voltage.,In Progress
DISP-12330,EQ-6991,C-1446,2022-01-21T00:00:00Z,Carlos Sanchez,Diagnostic,8.0,600.0,Emergency dispatch for over-temperature alarm. Cleaned heat exchanger.,Completed
DISP-12331,EQ-5917,C-1078,03-15-2023,Robert Martinez,Preventive Maintenance,11.0,1045.0,Calibrated inverter output. System operating within normal parameters.,In Progress
DISP-12332,EQ-6019,C-1177,2024/08/09,Michael Brown,Warranty Replacement,5.5,825.0,Replaced faulty thermal sensor and verified system bus voltage.,Completed
DISP-12333,EQ-5903,C-1420,2022-09-12T00:00:00Z,Jennifer Chen,Software Update,1.9,180.5,Emergency dispatch for over-temperature alarm. Cleaned heat exchanger.,Cancelled
DISP-12334,EQ-5006,C-1196,11-14-2022,Michael Brown,Corrective Maintenance,5.4,810.0,<b>Emergency dispatch for over-temperature alarm. Cleaned heat exchanger.</b>,Completed
DISP-12335,EQ-5122,C-1273,2023-08-20T00:00:00Z,Amanda Thompson,Preventive Maintenance,4.2,504,Replaced burnt fuse block. Test run completed successfully.,Completed
DISP-12336,EQ-5903,C-1420,2022/12/24,Carlos Sanchez,Preventive Maintenance,6.1,915.0,Replaced faulty thermal sensor and verified system bus voltage.,Cancelled
DISP-12337,EQ-6607,C-1236,2022-04-08T00:00:00Z,Lisa Rodriguez,Installation,7.1,674.5,<strong>Emergency dispatch for over-temperature alarm. Cleaned heat exchanger.</strong>,Pending
DISP-12338,EQ-5581,C-1201,2023-11-25T00:00:00Z,Carlos Sanchez,Diagnostic,2.8,420.0,Calibrated inverter output. System operating within normal parameters.,Cancelled
DISP-12339,EQ-7003,C-1488,02/17/2022,Jennifer Chen,Corrective Maintenance,8.1,769.5,Performed standard preventive check. Updated firmware to v4.2.1.,completed
DISP-12340,EQ-6001,C-1215,10/02/2023,James Wilson,Diagnostic,3.1,232.5,Emergency dispatch for over-temperature alarm. Cleaned heat exchanger.,Completed
DISP-12341,EQ-5478,C-1149,2024-02-17,Carlos Sanchez,Software Update,1.5,142.5,Calibrated inverter output. System operating within normal parameters.,In Progress
DISP-12342,EQ-5551,C-1151,2022/05/24,Lisa Rodriguez,Software Update,1.9,228.0,Performed standard preventive check. Updated firmware to v4.2.1.,completed
DISP-12343,EQ-5629,C-1174,05/09/2024,Mike Johnson,Warranty Replacement,3.6,270.0,Replaced faulty thermal sensor and verified system bus voltage.,In Progress
DISP-12344,EQ-6075,C-1356,2021-09-21,Patricia Davis,Software Update,9.1,864.5,Replaced faulty thermal sensor and verified system bus voltage.,Pending
DISP-12345,EQ-5238,C-1189,2021/08/04,Amanda Thompson,Diagnostic,3.3,495.0,<strong>Replaced burnt fuse block. Test run completed successfully.</strong>,In Progress
DISP-12346,EQ-7230,C-1361,11-13-2022,Mike Johnson,Preventive Maintenance,8.3,622.5,Calibrated inverter output. System operating within normal parameters.,Cancelled
DISP-12347,EQ-7249,C-1357,06-20-2021,  Patricia Davis  ,Preventive Maintenance,3.8,456.0,Emergency dispatch for over-temperature alarm. Cleaned heat exchanger.,Completed
DISP-12348,EQ-6965,C-1420,2021-09-11,Carlos   Sanchez,Emergency Repair,3.2,240.0,Replaced faulty thermal sensor and verified system bus voltage.,COMPLETED
DISP-12349,EQ-6733,C-1344,08/01/2024,Sarah Williams,Warranty Replacement,3.0,225.0,Replaced faulty thermal sensor and verified system bus voltage.,Pending
DISP-12350,EQ-6185,C-1347,10/13/2021,Michael Brown,Software Update,4.0,300.0,Performed standard preventive check. Updated firmware to v4.2.1.,Cancelled
DISP-12351,EQ-5080,C-1453,2023/03/08,Carlos Sanchez,Preventive Maintenance,8.2,779.0,Replaced burnt fuse block. Test run completed successfully.,completed
DISP-12352,EQ-5432,C-1140,03-08-2024,Sarah Williams,Warranty Replacement,9.0,855.0,Performed standard preventive check. Updated firmware to v4.2.1.,Cancelled
DISP-12353,EQ-7067,C-1072,2024/06/15,Patricia Davis,Preventive Maintenance,6.3,756.0,Emergency dispatch for over-temperature alarm. Cleaned heat exchanger.,Pending
DISP-12354,EQ-7187,C-1101,08/25/2022,  Maria Garcia  ,Diagnostic,10.6,1272.0,<html>Performed standard preventive check. Updated firmware to v4.2.1.</html>,Completed
DISP-12355,EQ-6014,C-1247,2022/01/29,David Lee,Software Update,1.5,142.5,Performed standard preventive check. Updated firmware to v4.2.1.,In Progress
DISP-12356,EQ-5790,C-1148,2023-03-25,  Patricia Davis  ,Emergency Repair,2.0,240.0,Replaced burnt fuse block. Test run completed successfully.,Cancelled
DISP-12357,EQ-6361,C-1264,04-12-2023,Patricia Davis,Preventive Maintenance,3.4,255.0,<html>Replaced faulty thermal sensor and verified system bus voltage.</html>,Pending
DISP-12358,EQ-7092,C-1375,2022-02-21T00:00:00Z,Sarah Williams,Preventive Maintenance,6.9,1035.0,Calibrated inverter output. System operating within normal parameters.,COMPLETED
DISP-12359,EQ-5010,C-1246,01-16-2022,Robert Martinez,Preventive Maintenance,9.8,1176.0,Replaced faulty thermal sensor and verified system bus voltage.,In Progress
DISP-12360,EQ-7300,C-1456,2021-11-09T00:00:00Z,Lisa Rodriguez,Installation,7.5,900.0,Calibrated inverter output. System operating within normal parameters.,Pending
DISP-12361,EQ-5111,C-1418,08/31/2022,Robert Martinez,Warranty Replacement,1.6,152.0,Emergency dispatch for over-temperature alarm. Cleaned heat exchanger.,Cancelled
DISP-12362,EQ-6737,C-1379,2022-12-20,Patricia Davis,Software Update,2.4,360.0,Calibrated inverter output. System operating within normal parameters.,Pending
DISP-12363,EQ-7138,C-1068,05-07-2022,Amanda Thompson,Emergency Repair,11.7,1111,Performed standard preventive check. Updated firmware to v4.2.1.,Cancelled
DISP-12364,EQ-7448,C-1153,2021/06/26,Patricia Davis,Corrective Maintenance,4.6,USD 552.00,Replaced burnt fuse block. Test run completed successfully.,Cancelled
DISP-12365,EQ-6115,C-1287,03-04-2023,Jennifer Chen,Corrective Maintenance,11.8,1121.0,Calibrated inverter output. System operating within normal parameters.,Cancelled
DISP-12366,EQ-6921,C-1481,2021-10-27,Patricia Davis,Installation,0.5,47.5,Replaced faulty thermal sensor and verified system bus voltage.,COMPLETED
DISP-12367,EQ-5053,C-1250,2022-07-18,Carlos Sanchez,Diagnostic,4.7,705.0,Emergency dispatch for over-temperature alarm. Cleaned heat exchanger.,Cancelled
DISP-12368,EQ-5567,C-1362,12-07-2022,Mike Johnson,Software Update,10.1,1212.0,Calibrated inverter output. System operating within normal parameters.,Completed
DISP-12369,EQ-6475,C-1365,06-26-2021,Robert Martinez,Warranty Replacement,11.3,1356.0,Performed standard preventive check. Updated firmware to v4.2.1.,In Progress
DISP-12370,EQ-6742,C-1128,02/26/2023,Michael Brown,Installation,7.6,722.0,Replaced faulty thermal sensor and verified system bus voltage.,COMPLETED
DISP-12371,EQ-5370,C-1009,06/21/2021,Sarah Williams,Preventive Maintenance,4.3,645.0,Replaced faulty thermal sensor and verified system bus voltage.,COMPLETED
DISP-12372,EQ-6819,C-1454,03/03/2022,Michael Brown,Corrective Maintenance,1.8,270.0,Emergency dispatch for over-temperature alarm. Cleaned heat exchanger.,In Progress
DISP-12373,EQ-5097,C-1284,2022/09/23,David Lee  ,Warranty Replacement,4.2,630.0,Performed standard preventive check. Updated firmware to v4.2.1.,completed
DISP-12374,EQ-5724,C-1402,2021-08-08,   ,Emergency Repair,7.3,547.5,Calibrated inverter output. System operating within normal parameters.,In Progress
DISP-12375,EQ-5349,C-1381,2021-10-09T00:00:00Z,Robert Martinez,Diagnostic,6.1,915.0,Emergency dispatch for over-temperature alarm. Cleaned heat exchanger.,completed
DISP-12376,EQ-99228,C-99699,05/11/2022,James Wilson  ,Software Update,9.2,1380.0,Emergency dispatch for over-temperature alarm. Cleaned heat exchanger.,Pending
DISP-12377,EQ-6020,C-1163,09/27/2021,Maria Garcia,Emergency Repair,4.7,564.0,Performed standard preventive check. Updated firmware to v4.2.1.,COMPLETED
DISP-12378,EQ-7056,C-1068,06/06/2023,  David Lee  ,Corrective Maintenance,11.5,1092.5,Emergency dispatch for over-temperature alarm. Cleaned heat exchanger.,In Progress
DISP-12379,EQ-5274,C-1221,2021/08/17,Patricia Davis,Software Update,6.4,768.0,<html><body>Replaced burnt fuse block. Test run completed successfully.</body></html>,COMPLETED
DISP-12380,EQ-6857,C-1187,01/17/2023,James Wilson,Diagnostic,5.6,672.0,Performed standard preventive check. Updated firmware to v4.2.1.,COMPLETED
DISP-12381,EQ-7280,C-1095,2021-08-21T00:00:00Z,Sarah Williams,Warranty Replacement,2.3,$276.00,Replaced faulty thermal sensor and verified system bus voltage.,Pending
DISP-12382,EQ-6670,C-1456,2021/11/23,James Wilson,Warranty Replacement,9.3,1116.0,Replaced burnt fuse block. Test run completed successfully.,Cancelled
DISP-12383,EQ-6983,C-1025,07/06/2023,  Mike Johnson  ,Corrective Maintenance,5.1,612.0,<div>Emergency dispatch for over-temperature alarm. Cleaned heat exchanger.</div>,In Progress
DISP-12384,EQ-5406,C-1022,04/13/2024,Carlos Sanchez,Preventive Maintenance,7.5,900.0,Replaced faulty thermal sensor and verified system bus voltage.,Cancelled
DISP-12385,EQ-5507,C-1183,2023-04-07,Maria   Garcia,Warranty Replacement,2.8,420.0,Calibrated inverter output. System operating within normal parameters.,Pending
DISP-12386,EQ-6974,C-1028,2022-05-22,Robert Martinez,Installation,6.2,589.0,Replaced burnt fuse block. Test run completed successfully.,Pending
DISP-12387,EQ-6880,C-1466,12/22/2021,Patricia Davis,Installation,3.2,240.0,Performed standard preventive check. Updated firmware to v4.2.1.,COMPLETED
DISP-12388,EQ-6298,C-1241,2022/11/14,Lisa Rodriguez,Corrective Maintenance,8.6,1032.0,Performed standard preventive check. Updated firmware to v4.2.1.,Pending
DISP-12389,EQ-7167,C-1242,2022-08-26T00:00:00Z,James Wilson,Corrective Maintenance,7.2,1080.0,Performed standard preventive check. Updated firmware to v4.2.1.,COMPLETED
DISP-12390,EQ-6056,C-1171,08/21/2022,Maria   Garcia,Software Update,8.6,645.0,Emergency dispatch for over-temperature alarm. Cleaned heat exchanger.,Pending
DISP-12391,EQ-5945,C-1247,2021/12/13,Lisa Rodriguez,Emergency Repair,5.8,435.0,Emergency dispatch for over-temperature alarm. Cleaned heat exchanger.,Completed
DISP-12392,EQ-6305,C-1510,05/27/2024,Lisa Rodriguez,Emergency Repair,9.4,893.0,Performed standard preventive check. Updated firmware to v4.2.1.,Completed
DISP-12393,EQ-5040,C-1011,12/16/2022,Michael Brown,Warranty Replacement,8.6,1032.0,<div>Performed standard preventive check. Updated firmware to v4.2.1.</div>,Cancelled
DISP-12394,EQ-7110,C-1016,2023/09/16,Sarah Williams,Emergency Repair,8.1,769.5,Performed standard preventive check. Updated firmware to v4.2.1.,completed
DISP-12395,EQ-5157,C-1326,05/07/2024,Maria Garcia,Software Update,6.6,990.0,Replaced faulty thermal sensor and verified system bus voltage.,COMPLETED
DISP-12396,EQ-6865,C-1148,03-18-2023,David Lee  ,Software Update,11.6,1102.0,<html>Emergency dispatch for over-temperature alarm. Cleaned heat exchanger.</html>,completed
DISP-12397,EQ-5231,C-1270,2023/04/22,Lisa Rodriguez,Preventive Maintenance,4.8,360.0,Emergency dispatch for over-temperature alarm. Cleaned heat exchanger.,COMPLETED
DISP-12398,EQ-7295,C-1383,2021/07/16,James Wilson,Software Update,2.4,228.0,Performed standard preventive check. Updated firmware to v4.2.1.,Completed
DISP-12399,EQ-6731,C-1336,01/27/2023,Michael Brown,Preventive Maintenance,2.9,217.5,Replaced burnt fuse block. Test run completed successfully.,Completed
DISP-12400,EQ-6999,C-1312,08/18/2022,James Wilson,Software Update,3.5,262.5,Performed standard preventive check. Updated firmware to v4.2.1.,Completed
DISP-12401,EQ-6896,C-1301,05/23/2024,Carlos Sanchez,Corrective Maintenance,7.3,876.0,Replaced faulty thermal sensor and verified system bus voltage.,COMPLETED
DISP-12402,EQ-6376,C-1057,07/11/2022,Sarah Williams,Warranty Replacement,11.2,1344.0,Emergency dispatch for over-temperature alarm. Cleaned heat exchanger.,In Progress
DISP-12403,EQ-6789,C-1142,2022-08-29T00:00:00Z,Robert Martinez,Installation,0.6,72.0,Replaced burnt fuse block. Test run completed successfully.,completed
DISP-12404,EQ-5574,C-1223,2022-03-26T00:00:00Z,Lisa Rodriguez  ,Emergency Repair,6.4,768.0,Replaced faulty thermal sensor and verified system bus voltage.,COMPLETED
DISP-12405,EQ-6967,C-1276,2022/07/29,Maria Garcia,Corrective Maintenance,7.0,1050.0,Emergency dispatch for over-temperature alarm. Cleaned heat exchanger.,Completed
DISP-12406,EQ-5989,C-1070,2021-10-08,Robert Martinez,Warranty Replacement,5.4,513.0,Emergency dispatch for over-temperature alarm. Cleaned heat exchanger.,Cancelled
DISP-12407,EQ-99400,C-99462,2021-07-30,Michael Brown,Diagnostic,2.8,336,Performed standard preventive check. Updated firmware to v4.2.1.,Cancelled
DISP-12408,EQ-5458,C-1474,12/28/2023,Lisa Rodriguez,Corrective Maintenance,7.3,876.0,Emergency dispatch for over-temperature alarm. Cleaned heat exchanger.,completed
DISP-12409,EQ-5294,C-1405,2022/11/27,Michael Brown,Emergency Repair,11.8,1121.0,Calibrated inverter output. System operating within normal parameters.,Completed
DISP-12410,EQ-5360,C-1418,2024-04-25T00:00:00Z,Maria   Garcia,Preventive Maintenance,10.9,1635.0,Performed standard preventive check. Updated firmware to v4.2.1.,Pending
DISP-12411,EQ-6268,C-1186,02/14/2024,James Wilson,Emergency Repair,6.4,608.0,Emergency dispatch for over-temperature alarm. Cleaned heat exchanger.,completed
DISP-12412,EQ-7365,C-1352,12/29/2021,James Wilson,Emergency Repair,1.1,104.5,Replaced burnt fuse block. Test run completed successfully.,Completed
DISP-12413,EQ-7433,C-1053,2021-12-30,Lisa Rodriguez,Diagnostic,10.1,959.5,Emergency dispatch for over-temperature alarm. Cleaned heat exchanger.,Pending
DISP-12414,EQ-6675,C-1066,2022-05-15,Robert Martinez,Installation,6.4,768.0,Replaced faulty thermal sensor and verified system bus voltage.,Cancelled
DISP-12415,EQ-5635,C-1493,02/21/2023,Patricia Davis,Corrective Maintenance,1.7,204.0,Emergency dispatch for over-temperature alarm. Cleaned heat exchanger.,Cancelled
DISP-12416,EQ-5048,C-1153,09-07-2022,Lisa Rodriguez,Diagnostic,6.1,579.5,Calibrated inverter output. System operating within normal parameters.,Cancelled
DISP-12417,EQ-6298,C-1241,10/04/2023,   James Wilson,Corrective Maintenance,10.2,1224.0,<b>Replaced burnt fuse block. Test run completed successfully.</b>,COMPLETED
DISP-12418,EQ-7406,C-1481,2023-10-25,James Wilson,Diagnostic,5.5,825.0,Replaced burnt fuse block. Test run completed successfully.,Cancelled
DISP-12419,EQ-5929,C-1346,11/18/2023,Amanda Thompson  ,Diagnostic,4.7,705.0,Calibrated inverter output. System operating within normal parameters.,Cancelled
DISP-12420,EQ-6953,C-1170,2021-12-05T00:00:00Z,Carlos Sanchez,Corrective Maintenance,2.8,266.0,Emergency dispatch for over-temperature alarm. Cleaned heat exchanger.,COMPLETED
DISP-12421,EQ-5330,C-1432,2022/07/17,Michael Brown,Emergency Repair,10.0,1200.0,Performed standard preventive check. Updated firmware to v4.2.1.,Cancelled
DISP-12422,EQ-6447,C-1122,05-01-2024,Patricia Davis,Software Update,0.8,60.0,Emergency dispatch for over-temperature alarm. Cleaned heat exchanger.,In Progress
DISP-12423,EQ-5368,C-1154,11/27/2023,Maria Garcia,Diagnostic,3.3,313.5,Replaced faulty thermal sensor and verified system bus voltage.,COMPLETED
DISP-12424,EQ-7134,C-1395,03-26-2023,,Software Update,5.7,541.5,Replaced faulty thermal sensor and verified system bus voltage.,Pending
DISP-12425,EQ-6902,C-1453,2023-03-09,Mike Johnson,Preventive Maintenance,9.0,675.0,Replaced burnt fuse block. Test run completed successfully.,Cancelled
DISP-12426,EQ-5432,C-1140,09-19-2022,Amanda Thompson,Emergency Repair,6.9,655.5,Replaced burnt fuse block. Test run completed successfully.,In Progress
DISP-12427,EQ-6504,C-1033,2021-10-04T00:00:00Z,Maria Garcia,Diagnostic,1.4,210.0,Replaced faulty thermal sensor and verified system bus voltage.,Pending
DISP-12428,EQ-5853,C-1237,01-30-2022,Patricia Davis,Diagnostic,8.1,1215.0,Replaced faulty thermal sensor and verified system bus voltage.,completed
DISP-12429,EQ-5377,C-1301,06/04/2021,Mike Johnson,Software Update,5.9,885.0,Replaced faulty thermal sensor and verified system bus voltage.,COMPLETED
DISP-12430,EQ-6526,C-1296,2022-06-23,David Lee,Preventive Maintenance,6.0,570.0,Performed standard preventive check. Updated firmware to v4.2.1.,In Progress
DISP-12431,EQ-6097,C-1418,2021/09/21,Sarah Williams,Installation,1.1,165.0,Calibrated inverter output. System operating within normal parameters.,COMPLETED
DISP-12432,EQ-6489,C-1107,2021-07-21,Robert Martinez,Software Update,8.9,1068.0,Emergency dispatch for over-temperature alarm. Cleaned heat exchanger.,Pending
DISP-12433,EQ-6259,C-1239,2023-07-25T00:00:00Z,Robert Martinez  ,Installation,6.7,1005.0,Replaced faulty thermal sensor and verified system bus voltage.,COMPLETED
DISP-12434,EQ-5304,C-1475,2022-04-14,Mike Johnson,Diagnostic,6.7,502.5,Performed standard preventive check. Updated firmware to v4.2.1.,completed
DISP-12435,EQ-5006,C-1196,2023-04-26,Patricia Davis,Diagnostic,2.2,165.0,Calibrated inverter output. System operating within normal parameters.,completed
DISP-12436,EQ-6219,C-1289,07-30-2022,James Wilson,Corrective Maintenance,8.2,615.0,Performed standard preventive check. Updated firmware to v4.2.1.,completed
DISP-12437,EQ-5489,C-1341,03/24/2023,David Lee,Installation,5.8,551.0,Performed standard preventive check. Updated firmware to v4.2.1.,Cancelled
DISP-12438,EQ-6202,C-1057,12-21-2023,Mike Johnson,Emergency Repair,8.6,1290.0,Replaced faulty thermal sensor and verified system bus voltage.,Pending
DISP-12439,EQ-5422,C-1145,2022-04-24,Michael Brown  ,Corrective Maintenance,1.9,228.0,Emergency dispatch for over-temperature alarm. Cleaned heat exchanger.,completed
DISP-12440,EQ-5802,C-1206,2021-06-21,Sarah Williams,Preventive Maintenance,3.3,$247.50,Emergency dispatch for over-temperature alarm. Cleaned heat exchanger.,In Progress
DISP-12441,EQ-6817,C-1049,2022/10/20,David Lee,Preventive Maintenance,7.4,1110.0,Replaced burnt fuse block. Test run completed successfully.,Cancelled
DISP-12442,EQ-5884,C-1187,2022-05-27T00:00:00Z,Maria Garcia,Software Update,3.5,262.5,Emergency dispatch for over-temperature alarm. Cleaned heat exchanger.,Cancelled
DISP-12443,EQ-6135,C-1402,2023/01/04,Michael Brown,Installation,7.6,1140.0,Performed standard preventive check. Updated firmware to v4.2.1.,completed
DISP-12444,EQ-99659,C-99877,02/24/2022,Sarah Williams,Diagnostic,6.3,598.5,Replaced faulty thermal sensor and verified system bus voltage.,COMPLETED
DISP-12445,EQ-7232,C-1380,2024-04-18T00:00:00Z,Robert Martinez,Corrective Maintenance,11.6,1102.0,<div>Replaced faulty thermal sensor and verified system bus voltage.</div>,Completed
DISP-12446,EQ-7196,C-1077,2022-03-10T00:00:00Z,Maria Garcia,Software Update,2.2,264.0,Performed standard preventive check. Updated firmware to v4.2.1.,Completed
DISP-12447,EQ-6121,C-1205,2023-08-09,Maria Garcia,Preventive Maintenance,6.5,780.0,Calibrated inverter output. System operating within normal parameters.,Pending
DISP-12448,EQ-5862,C-1380,12-25-2023,Sarah Williams,Preventive Maintenance,9.0,1350.0,Replaced faulty thermal sensor and verified system bus voltage.,Pending
DISP-12449,EQ-6914,C-1289,2021-11-18,David Lee,Installation,5.7,684.0,Replaced faulty thermal sensor and verified system bus voltage.,Cancelled
DISP-12450,EQ-5248,C-1405,11/24/2023,Sarah Williams,Warranty Replacement,3.5,525.0,Emergency dispatch for over-temperature alarm. Cleaned heat exchanger.,COMPLETED
DISP-12451,EQ-6847,C-1071,12/01/2023,James Wilson,Installation,8.2,984.0,Emergency dispatch for over-temperature alarm. Cleaned heat exchanger.,Completed
DISP-12452,EQ-6083,C-1136,2023/11/06,Maria Garcia,Installation,1.2,114.0,Performed standard preventive check. Updated firmware to v4.2.1.,completed
DISP-12453,EQ-5109,C-1118,2023-08-21,Sarah Williams,Diagnostic,1.1,$165.00,Performed standard preventive check. Updated firmware to v4.2.1.,completed
DISP-12454,EQ-5813,C-1494,2024-05-30,Carlos Sanchez,Preventive Maintenance,1.6,192,Replaced burnt fuse block. Test run completed successfully.,Pending
DISP-12455,EQ-5464,C-1112,08-19-2023,Jennifer   Chen,Software Update,8.2,984.0,Performed standard preventive check. Updated firmware to v4.2.1.,Cancelled
DISP-12456,EQ-6635,C-1423,2022/10/11,Patricia Davis,Warranty Replacement,9.1,1092.0,Replaced faulty thermal sensor and verified system bus voltage.,Completed
DISP-12457,EQ-5083,C-1245,02-18-2022,Lisa Rodriguez,Software Update,1.7,127.5,Replaced faulty thermal sensor and verified system bus voltage.,COMPLETED
DISP-12458,EQ-5934,C-1325,07/18/2022,Patricia Davis,Preventive Maintenance,9.3,697.5,Replaced burnt fuse block. Test run completed successfully.,Completed
DISP-12459,EQ-6487,C-1351,12/20/2022,Mike Johnson,Warranty Replacement,10.9,1308.0,Replaced faulty thermal sensor and verified system bus voltage.,Completed
DISP-12460,EQ-6737,C-1379,06/27/2022,   David Lee,Emergency Repair,9.3,883.5,Replaced burnt fuse block. Test run completed successfully.,completed
DISP-12461,EQ-5340,C-1427,2023/06/10,Patricia Davis,Emergency Repair,9.4,705.0,Replaced burnt fuse block. Test run completed successfully.,Cancelled
DISP-12462,EQ-7280,C-1095,2022-03-25T00:00:00Z,James Wilson  ,Preventive Maintenance,3.3,495.0,<b>Performed standard preventive check. Updated firmware to v4.2.1.</b>,completed
DISP-12463,EQ-6198,C-1478,04/20/2024,Robert Martinez  ,Diagnostic,3.9,370.5,Performed standard preventive check. Updated firmware to v4.2.1.,Completed
DISP-12464,EQ-5493,C-1188,06/06/2024,James Wilson,Emergency Repair,7.3,876.0,Replaced burnt fuse block. Test run completed successfully.,Completed
DISP-12465,EQ-7341,C-1132,12/09/2021,Robert Martinez,Diagnostic,4.6,552.0,Calibrated inverter output. System operating within normal parameters.,completed
DISP-12466,EQ-7086,C-1178,2022-01-11T00:00:00Z,Mike Johnson,Diagnostic,0.8,96.0,Replaced faulty thermal sensor and verified system bus voltage.,Cancelled
DISP-12467,EQ-7101,C-1224,2022-08-13,Carlos Sanchez,Warranty Replacement,1.6,120.0,Emergency dispatch for over-temperature alarm. Cleaned heat exchanger.,completed
DISP-12468,EQ-6699,C-1261,2024-02-03,Maria Garcia,Diagnostic,3.8,285.0,Calibrated inverter output. System operating within normal parameters.,Pending
DISP-12469,EQ-6525,C-1243,08/18/2021,Sarah Williams,Warranty Replacement,1.6,$192.00,Replaced faulty thermal sensor and verified system bus voltage.,Pending
DISP-12470,EQ-5408,C-1318,2022-05-03T00:00:00Z,Carlos Sanchez,Installation,11.0,1045.0,Replaced burnt fuse block. Test run completed successfully.,Completed
DISP-12471,EQ-7142,C-1347,2022-02-25,Jennifer Chen,Software Update,6.3,472.5,Emergency dispatch for over-temperature alarm. Cleaned heat exchanger.,Cancelled
DISP-12472,EQ-7053,C-1421,2021-06-20T00:00:00Z,   Jennifer Chen,Installation,8.5,637.5,Performed standard preventive check. Updated firmware to v4.2.1.,COMPLETED
DISP-12473,EQ-5371,C-1271,09-26-2022,   David Lee,Preventive Maintenance,4.6,437.0,Performed standard preventive check. Updated firmware to v4.2.1.,Completed
DISP-12474,EQ-99555,C-99618,08-02-2024,   ,Preventive Maintenance,9.7,921.5,<html><body>Replaced faulty thermal sensor and verified system bus voltage.</body></html>,Cancelled
DISP-12475,EQ-6633,C-1475,2023/08/13,Mike Johnson,Software Update,2.3,172.5,Calibrated inverter output. System operating within normal parameters.,completed
DISP-12476,EQ-7344,C-1003,2022-05-21,Robert Martinez,Diagnostic,7.6,1140.0,Performed standard preventive check. Updated firmware to v4.2.1.,In Progress
DISP-12477,EQ-5843,C-1494,2023-03-30,Michael Brown,Warranty Replacement,9.1,682.5,Emergency dispatch for over-temperature alarm. Cleaned heat exchanger.,completed
DISP-12478,EQ-6063,C-1152,2023/11/05,Amanda Thompson,Warranty Replacement,4.3,322.5,Calibrated inverter output. System operating within normal parameters.,Pending
DISP-12479,EQ-5626,C-1258,07-11-2024,  Michael Brown  ,Installation,10.2,1224.0,<div>Performed standard preventive check. Updated firmware to v4.2.1.</div>,COMPLETED
DISP-12480,EQ-6003,C-1384,2021/12/22,   ,Corrective Maintenance,9.5,1140.0,Replaced faulty thermal sensor and verified system bus voltage.,completed
DISP-12481,EQ-5985,C-1292,03/27/2022,Michael Brown,Preventive Maintenance,9.3,1395.0,Replaced burnt fuse block. Test run completed successfully.,COMPLETED
DISP-12482,EQ-5495,C-1297,2023-11-26,Michael Brown,Software Update,8.5,1275.0,Replaced burnt fuse block. Test run completed successfully.,In Progress
DISP-12483,EQ-5069,C-1150,2022-02-22T00:00:00Z,Michael Brown,Preventive Maintenance,8.7,652.5,Emergency dispatch for over-temperature alarm. Cleaned heat exchanger.,In Progress
DISP-12484,EQ-5378,C-1362,10/10/2021,Maria   Garcia,Preventive Maintenance,5.8,551.0,Calibrated inverter output. System operating within normal parameters.,COMPLETED
DISP-12485,EQ-6878,C-1297,2024-05-07,Carlos Sanchez,Preventive Maintenance,9.1,864.5,Emergency dispatch for over-temperature alarm. Cleaned heat exchanger.,Completed
DISP-12486,EQ-5243,C-1373,2023-11-14T00:00:00Z,Robert Martinez,Installation,2.5,300.0,Replaced burnt fuse block. Test run completed successfully.,Pending
DISP-12487,EQ-5682,C-1090,2024/05/05,   Lisa Rodriguez,Corrective Maintenance,2.6,390.0,Emergency dispatch for over-temperature alarm. Cleaned heat exchanger.,COMPLETED
DISP-12488,EQ-7188,C-1066,2023-11-11T00:00:00Z,Amanda Thompson,Corrective Maintenance,9.9,1188.0,Emergency dispatch for over-temperature alarm. Cleaned heat exchanger.,Pending
DISP-12489,EQ-6351,C-1315,06-08-2024,  Amanda Thompson  ,Warranty Replacement,2.4,360.0,Performed standard preventive check. Updated firmware to v4.2.1.,Cancelled
DISP-12490,EQ-6642,C-1383,01-30-2024,Carlos Sanchez,Corrective Maintenance,4.9,465.5,Emergency dispatch for over-temperature alarm. Cleaned heat exchanger.,COMPLETED
DISP-12491,EQ-5444,C-1275,2022-11-22T00:00:00Z,Carlos Sanchez,Diagnostic,6.3,472.5,<html>Replaced faulty thermal sensor and verified system bus voltage.</html>,In Progress
DISP-12492,EQ-5603,C-1491,01-03-2022,Michael Brown,Diagnostic,3.4,408.0,Replaced burnt fuse block. Test run completed successfully.,completed
DISP-12493,EQ-5786,C-1182,2024/03/19,Sarah Williams,Warranty Replacement,3.8,456.0,Emergency dispatch for over-temperature alarm. Cleaned heat exchanger.,Cancelled
DISP-12494,EQ-6053,C-1245,2021/12/25,Amanda Thompson,Emergency Repair,8.9,1068.0,<strong>Replaced faulty thermal sensor and verified system bus voltage.</strong>,In Progress
DISP-12495,EQ-6138,C-1375,09-15-2022,David Lee,Software Update,8.1,972.0,Replaced faulty thermal sensor and verified system bus voltage.,Completed
DISP-12496,EQ-6654,C-1455,10-27-2023,Mike Johnson,Corrective Maintenance,324.5,38940.0,Replaced burnt fuse block. Test run completed successfully.,COMPLETED
DISP-12497,EQ-6450,C-1519,01/26/2024,Maria Garcia,Installation,9.9,1188.0,Emergency dispatch for over-temperature alarm. Cleaned heat exchanger.,Cancelled
DISP-12498,EQ-7021,C-1425,2023-11-24,James Wilson  ,Software Update,10.4,988.0,Replaced faulty thermal sensor and verified system bus voltage.,completed
DISP-12499,EQ-6016,C-1093,08/05/2023,,Corrective Maintenance,8.9,1335.0,Replaced burnt fuse block. Test run completed successfully.,completed
DISP-12500,EQ-5061,C-1501,06/01/2021,Lisa Rodriguez,Preventive Maintenance,6.6,495.0,Replaced faulty thermal sensor and verified system bus voltage.,In Progress
DISP-12501,EQ-5257,C-1019,2022-02-05T00:00:00Z,  Maria Garcia  ,Warranty Replacement,284.2,42630.0,Emergency dispatch for over-temperature alarm. Cleaned heat exchanger.,Completed
DISP-12502,EQ-6712,C-1249,09/01/2022,Patricia Davis,Diagnostic,4.0,300.0,Calibrated inverter output. System operating within normal parameters.,Completed
DISP-12503,EQ-6671,C-1348,2022/03/17,Robert Martinez,Preventive Maintenance,11.5,1380.0,Replaced faulty thermal sensor and verified system bus voltage.,Pending
DISP-12504,EQ-7481,C-1150,2022-04-08,Lisa Rodriguez,Software Update,11.1,1054.5,Replaced burnt fuse block. Test run completed successfully.,Completed
DISP-12505,EQ-5552,C-1217,10/12/2023,Carlos Sanchez,Corrective Maintenance,8.6,1032.0,Emergency dispatch for over-temperature alarm. Cleaned heat exchanger.,Cancelled
DISP-12506,EQ-6159,C-1442,09/01/2022,Carlos Sanchez,Emergency Repair,8.3,1245.0,<p>Performed standard preventive check. Updated firmware to v4.2.1.</p>,Cancelled
DISP-12507,EQ-6405,C-1152,04-04-2023,Michael Brown,Preventive Maintenance,7.8,936.0,Replaced faulty thermal sensor and verified system bus voltage.,Completed
DISP-12508,EQ-7239,C-1243,2023-12-25,Lisa Rodriguez,Warranty Replacement,1.7,161.5,Replaced burnt fuse block. Test run completed successfully.,Cancelled
DISP-12509,EQ-6028,C-1422,04/06/2023,Amanda Thompson,Preventive Maintenance,0.8,120.0,Emergency dispatch for over-temperature alarm. Cleaned heat exchanger.,Cancelled
DISP-12510,EQ-6052,C-1145,2023-03-28T00:00:00Z,Robert Martinez,Installation,5.7,684.0,Replaced burnt fuse block. Test run completed successfully.,completed
DISP-12511,EQ-7486,C-1163,2021-06-08,James Wilson,Preventive Maintenance,7.2,684.0,Emergency dispatch for over-temperature alarm. Cleaned heat exchanger.,COMPLETED
DISP-12512,EQ-6844,C-1144,06-23-2022,Mike Johnson  ,Warranty Replacement,8.5,1275.0,Performed standard preventive check. Updated firmware to v4.2.1.,Cancelled
DISP-12513,EQ-7126,C-1280,2023/02/09,Maria Garcia,Preventive Maintenance,2.6,390.0,Emergency dispatch for over-temperature alarm. Cleaned heat exchanger.,Cancelled
DISP-12514,EQ-6950,C-1369,06/25/2021,Amanda Thompson,Diagnostic,3.8,361.0,Performed standard preventive check. Updated firmware to v4.2.1.,COMPLETED
DISP-12515,EQ-7004,C-1116,2024/08/03,Lisa Rodriguez,Software Update,4.0,380.0,Performed standard preventive check. Updated firmware to v4.2.1.,Pending
DISP-12516,EQ-5091,C-1012,12/14/2023,Carlos   Sanchez,Warranty Replacement,5.9,USD 442.50,Replaced faulty thermal sensor and verified system bus voltage.,Cancelled
DISP-12517,EQ-5312,C-1277,07/22/2022,Michael Brown,Warranty Replacement,8.3,996.0,Replaced burnt fuse block. Test run completed successfully.,COMPLETED
DISP-12518,EQ-6111,C-1377,2023-01-10T00:00:00Z,Michael Brown,Installation,1.4,168.0,Replaced burnt fuse block. Test run completed successfully.,completed
DISP-12519,EQ-7399,C-1101,2024/05/13,Mike Johnson,Diagnostic,5.8,USD 696.00,Performed standard preventive check. Updated firmware to v4.2.1.,completed
DISP-12520,EQ-5474,C-1097,2021/08/19,Mike Johnson,Installation,10.8,1026.0,Performed standard preventive check. Updated firmware to v4.2.1.,Cancelled
DISP-12521,EQ-6594,C-1164,2022/02/19,David Lee,Warranty Replacement,10.2,1530.0,Emergency dispatch for over-temperature alarm. Cleaned heat exchanger.,COMPLETED
DISP-12522,EQ-6050,C-1308,2024-03-31,David Lee,Emergency Repair,4.7,564.0,<html><body>Performed standard preventive check. Updated firmware to v4.2.1.</body></html>,In Progress
DISP-12523,EQ-6980,C-1020,2021/08/03,Sarah Williams,Warranty Replacement,2.9,435.0,Performed standard preventive check. Updated firmware to v4.2.1.,Completed
DISP-12524,EQ-99389,C-99621,2023-10-13T00:00:00Z,James Wilson,Warranty Replacement,3.6,432.0,Emergency dispatch for over-temperature alarm. Cleaned heat exchanger.,completed
DISP-12525,EQ-6004,C-1365,09/14/2023,Robert Martinez,Diagnostic,6.9,1035.0,Replaced burnt fuse block. Test run completed successfully.,completed
DISP-12526,EQ-5478,C-1149,2024-03-26,Amanda Thompson,Emergency Repair,3.6,342.0,Calibrated inverter output. System operating within normal parameters.,COMPLETED
DISP-12527,EQ-6799,C-1249,06/11/2021,Lisa Rodriguez,Preventive Maintenance,2.9,348.0,Performed standard preventive check. Updated firmware to v4.2.1.,Pending
DISP-12528,EQ-6055,C-1276,2022-05-20,Lisa Rodriguez,Emergency Repair,8.8,836.0,Replaced burnt fuse block. Test run completed successfully.,completed
DISP-12529,EQ-5259,C-1461,2022-05-31,Michael Brown,Warranty Replacement,1.1,82.5,Replaced burnt fuse block. Test run completed successfully.,Cancelled
DISP-12530,EQ-6588,C-1506,2024/03/30,Patricia Davis,Software Update,3.7,444.0,<div>Performed standard preventive check. Updated firmware to v4.2.1.</div>,COMPLETED
DISP-12531,EQ-7121,C-1520,2023/10/28,Mike   Johnson,Software Update,5.1,612.0,Performed standard preventive check. Updated firmware to v4.2.1.,Completed
DISP-12532,EQ-6159,C-1442,2022/04/16,Patricia Davis,Corrective Maintenance,1.5,180.0,<p>Emergency dispatch for over-temperature alarm. Cleaned heat exchanger.</p>,Cancelled
DISP-12533,EQ-6899,C-1237,12-25-2021,Michael Brown,Corrective Maintenance,2.1,315.0,Emergency dispatch for over-temperature alarm. Cleaned heat exchanger.,In Progress
DISP-12534,EQ-5653,C-1296,07-20-2021,Lisa Rodriguez,Software Update,1.2,144.0,Performed standard preventive check. Updated firmware to v4.2.1.,completed
DISP-12535,EQ-6923,C-1188,2021-10-07,Sarah Williams,Diagnostic,7.1,852.0,Calibrated inverter output. System operating within normal parameters.,Cancelled
DISP-12536,EQ-6954,C-1442,2022-05-17,Lisa Rodriguez,Diagnostic,11.8,885.0,Performed standard preventive check. Updated firmware to v4.2.1.,Pending
DISP-12537,EQ-7387,C-1385,07-23-2024,Mike Johnson,Installation,7.3,1095.0,Performed standard preventive check. Updated firmware to v4.2.1.,COMPLETED
DISP-12538,EQ-6297,C-1323,2021-11-22T00:00:00Z,Mike Johnson,Emergency Repair,5.6,840.0,Replaced faulty thermal sensor and verified system bus voltage.,COMPLETED
DISP-12539,EQ-6487,C-1351,2022-10-13,Lisa Rodriguez,Emergency Repair,1.4,168.0,Replaced burnt fuse block. Test run completed successfully.,In Progress
DISP-12540,EQ-6017,C-1059,2022-05-04,Michael Brown,Corrective Maintenance,9.6,1152.0,Calibrated inverter output. System operating within normal parameters.,Completed
DISP-12541,EQ-6791,C-1347,2023-11-15,Jennifer Chen,Preventive Maintenance,6.7,502.5,Replaced faulty thermal sensor and verified system bus voltage.,In Progress
DISP-12542,EQ-7233,C-1291,10/30/2023,   ,Preventive Maintenance,1.9,228.0,Replaced burnt fuse block. Test run completed successfully.,COMPLETED
DISP-12543,EQ-6539,C-1048,2022-06-29,Maria Garcia,Emergency Repair,10.6,795.0,Calibrated inverter output. System operating within normal parameters.,Completed
DISP-12544,EQ-7180,C-1025,2024-06-27T00:00:00Z,David Lee,Software Update,4.3,USD 322.50,<html><body>Calibrated inverter output. System operating within normal parameters.</body></html>,COMPLETED
DISP-12545,EQ-7065,C-1304,2022-12-13,Jennifer Chen,Emergency Repair,11.2,840.0,Replaced burnt fuse block. Test run completed successfully.,completed
DISP-12546,EQ-5902,C-1448,2024/02/12,Jennifer Chen,Diagnostic,8.1,1215.0,Replaced burnt fuse block. Test run completed successfully.,Pending
DISP-12547,EQ-5550,C-1239,2023/08/06,   Robert Martinez,Diagnostic,2.8,336.0,Replaced burnt fuse block. Test run completed successfully.,In Progress
DISP-12548,EQ-6062,C-1175,2022-04-14T00:00:00Z,Lisa Rodriguez,Warranty Replacement,9.9,742.5,Emergency dispatch for over-temperature alarm. Cleaned heat exchanger.,In Progress
DISP-12549,EQ-5046,C-1018,02-11-2022,Michael Brown,Preventive Maintenance,2.4,180.0,Performed standard preventive check. Updated firmware to v4.2.1.,Pending
DISP-12550,EQ-6981,C-1089,06-08-2023,Robert Martinez,Installation,2.7,405.0,Calibrated inverter output. System operating within normal parameters.,COMPLETED
DISP-12551,EQ-7289,C-1169,05-19-2022,Carlos Sanchez,Installation,6.1,915.0,Emergency dispatch for over-temperature alarm. Cleaned heat exchanger.,COMPLETED
DISP-12552,EQ-6877,C-1241,12/04/2023,  Maria Garcia  ,Preventive Maintenance,8.7,1305.0,<strong>Calibrated inverter output. System operating within normal parameters.</strong>,In Progress
DISP-12553,EQ-6424,C-1362,02-08-2022,  Robert Martinez  ,Diagnostic,12.0,900.0,<html>Performed standard preventive check. Updated firmware to v4.2.1.</html>,Pending
DISP-12554,EQ-5211,C-1025,04-09-2023,Michael Brown  ,Warranty Replacement,6.0,570.0,Performed standard preventive check. Updated firmware to v4.2.1.,Completed
DISP-12555,EQ-5461,C-1242,2023-03-18,Mike Johnson,Diagnostic,10.5,787.5,Replaced burnt fuse block. Test run completed successfully.,Pending
DISP-12556,EQ-7477,C-1500,08/03/2021,James Wilson,Corrective Maintenance,11.4,1083.0,Replaced faulty thermal sensor and verified system bus voltage.,Completed
DISP-12557,EQ-6856,C-1197,2022-05-31T00:00:00Z,Lisa Rodriguez,Software Update,2.1,315.0,Performed standard preventive check. Updated firmware to v4.2.1.,Completed
DISP-12558,EQ-6887,C-1217,2024/03/02,Jennifer Chen,Emergency Repair,6.0,570.0,Performed standard preventive check. Updated firmware to v4.2.1.,In Progress
DISP-12559,EQ-6541,C-1252,05/14/2024,David Lee,Corrective Maintenance,5.2,494.0,Emergency dispatch for over-temperature alarm. Cleaned heat exchanger.,In Progress
DISP-12560,EQ-6847,C-1071,01-08-2022,Amanda Thompson,Warranty Replacement,2.9,217.5,Replaced faulty thermal sensor and verified system bus voltage.,Cancelled
DISP-12561,EQ-6303,C-1159,02/19/2024,David Lee,Warranty Replacement,9.9,1485.0,Emergency dispatch for over-temperature alarm. Cleaned heat exchanger.,Cancelled
DISP-12562,EQ-6569,C-1310,10/13/2022,Michael Brown,Warranty Replacement,9.1,682.5,<strong>Replaced burnt fuse block. Test run completed successfully.</strong>,COMPLETED
DISP-12563,EQ-5064,C-1488,2023-07-14,Patricia Davis,Corrective Maintenance,5.9,708.0,<p>Replaced faulty thermal sensor and verified system bus voltage.</p>,Completed
DISP-12564,EQ-7384,C-1279,09/11/2023,  Sarah Williams  ,Preventive Maintenance,5.4,513.0,Calibrated inverter output. System operating within normal parameters.,Pending
DISP-12565,EQ-6496,C-1217,01/24/2024,Sarah Williams,Warranty Replacement,2.3,345.0,Replaced faulty thermal sensor and verified system bus voltage.,COMPLETED
DISP-12566,EQ-7378,C-1369,2022/03/11,Michael Brown,Emergency Repair,10.0,950.0,Emergency dispatch for over-temperature alarm. Cleaned heat exchanger.,Pending
DISP-12567,EQ-6466,C-1236,2021/10/16,Robert Martinez,Warranty Replacement,8.8,660.0,Calibrated inverter output. System operating within normal parameters.,Cancelled
DISP-12568,EQ-7323,C-1494,2022-02-22,Patricia Davis,Installation,400.5,60075.0,Performed standard preventive check. Updated firmware to v4.2.1.,Completed
DISP-12569,EQ-6611,C-1313,2024/04/10,   ,Corrective Maintenance,10.5,997.5,Performed standard preventive check. Updated firmware to v4.2.1.,completed
DISP-12570,EQ-5192,C-1214,07/08/2021,Sarah Williams,Diagnostic,3.1,372.0,Performed standard preventive check. Updated firmware to v4.2.1.,Pending
DISP-12571,EQ-6625,C-1143,2021-06-22T00:00:00Z,Maria Garcia,Preventive Maintenance,4.6,345.0,Calibrated inverter output. System operating within normal parameters.,Cancelled
DISP-12572,EQ-6291,C-1069,2024-06-03,Carlos Sanchez,Software Update,12.0,1140.0,Emergency dispatch for over-temperature alarm. Cleaned heat exchanger.,completed
DISP-12573,EQ-5493,C-1188,2021-10-05,Robert Martinez,Installation,1.0,150.0,Replaced burnt fuse block. Test run completed successfully.,completed
DISP-12574,EQ-5238,C-1189,2022-10-11T00:00:00Z,Michael Brown,Diagnostic,8.4,1260.0,Calibrated inverter output. System operating within normal parameters.,Pending
DISP-12575,EQ-5616,C-1278,06/16/2021,Jennifer   Chen,Corrective Maintenance,3.6,270.0,Replaced faulty thermal sensor and verified system bus voltage.,completed
DISP-12576,EQ-6227,C-1407,2021-08-15T00:00:00Z,Amanda Thompson,Installation,10.6,1272.0,Performed standard preventive check. Updated firmware to v4.2.1.,Cancelled
DISP-12577,EQ-5351,C-1088,02-07-2022,Maria Garcia,Diagnostic,7.8,1170.0,Performed standard preventive check. Updated firmware to v4.2.1.,Cancelled
DISP-12578,EQ-6043,C-1473,10/15/2022,Carlos Sanchez,Corrective Maintenance,5.5,522.5,<b>Replaced burnt fuse block. Test run completed successfully.</b>,Cancelled
DISP-12579,EQ-6854,C-1143,2024/05/31,Patricia Davis,Preventive Maintenance,7.9,1185.0,Replaced faulty thermal sensor and verified system bus voltage.,Pending
DISP-12580,EQ-7490,C-1092,09/21/2021,Lisa   Rodriguez,Installation,4.9,465.5,Replaced burnt fuse block. Test run completed successfully.,completed
DISP-12581,EQ-6112,C-1212,06-01-2022,Michael Brown,Software Update,5.8,435.0,Calibrated inverter output. System operating within normal parameters.,Pending
DISP-12582,EQ-6990,C-1079,08-28-2022,Carlos Sanchez,Diagnostic,7.1,674.5,<html>Replaced faulty thermal sensor and verified system bus voltage.</html>,Pending
DISP-12583,EQ-6533,C-1412,06/27/2021,Mike Johnson,Installation,1.7,161.5,Replaced burnt fuse block. Test run completed successfully.,Completed
DISP-12584,EQ-6656,C-1514,06/03/2021,Robert Martinez,Corrective Maintenance,3.1,$294.50,Emergency dispatch for over-temperature alarm. Cleaned heat exchanger.,COMPLETED
DISP-12585,EQ-5500,C-1448,2024-02-23,NULL,Software Update,2.2,209.0,Performed standard preventive check. Updated firmware to v4.2.1.,Cancelled
DISP-12586,EQ-7286,C-1349,02-01-2022,Robert Martinez,Diagnostic,286.2,27189.0,<p>Replaced faulty thermal sensor and verified system bus voltage.</p>,Pending
DISP-12587,EQ-6327,C-1483,2024-04-14,James Wilson,Emergency Repair,5.7,855.0,Performed standard preventive check. Updated firmware to v4.2.1.,In Progress
DISP-12588,EQ-6879,C-1347,2021-07-15T00:00:00Z,David Lee  ,Diagnostic,11.7,"$1,111.50",Replaced burnt fuse block. Test run completed successfully.,Cancelled
DISP-12589,EQ-6288,C-1120,2022-08-12,Maria Garcia  ,Warranty Replacement,10.9,1308.0,Replaced burnt fuse block. Test run completed successfully.,completed
DISP-12590,EQ-6768,C-1201,05/06/2023,  Carlos Sanchez  ,Diagnostic,8.0,1200.0,Calibrated inverter output. System operating within normal parameters.,In Progress
DISP-12591,EQ-5546,C-1012,12/08/2023,Maria Garcia,Preventive Maintenance,11.3,1356.0,<strong>Performed standard preventive check. Updated firmware to v4.2.1.</strong>,completed
DISP-12592,EQ-6718,C-1300,2021-10-26T00:00:00Z,Carlos Sanchez,Corrective Maintenance,2.6,195.0,Emergency dispatch for over-temperature alarm. Cleaned heat exchanger.,Completed
DISP-12593,EQ-7332,C-1106,02/03/2023,Lisa Rodriguez,Corrective Maintenance,3.4,323.0,Replaced faulty thermal sensor and verified system bus voltage.,completed
DISP-12594,EQ-7024,C-1201,06/26/2021,Michael Brown,Software Update,8.8,836.0,Emergency dispatch for over-temperature alarm. Cleaned heat exchanger.,Pending
DISP-12595,EQ-6123,C-1224,2021-08-25T00:00:00Z,Mike Johnson,Installation,2.5,$237.50,Replaced burnt fuse block. Test run completed successfully.,Pending
DISP-12596,EQ-6596,C-1135,06/04/2021,Lisa Rodriguez,Software Update,2.3,218.5,<b>Performed standard preventive check. Updated firmware to v4.2.1.</b>,In Progress
DISP-12597,EQ-6224,C-1101,2021-11-30,Sarah Williams,Preventive Maintenance,1.1,104.5,Performed standard preventive check. Updated firmware to v4.2.1.,Completed
DISP-12598,EQ-6064,C-1355,2022-01-02,Lisa Rodriguez,Preventive Maintenance,1.7,161.5,Calibrated inverter output. System operating within normal parameters.,Completed
DISP-12599,EQ-7275,C-1190,05-29-2023,Michael Brown,Diagnostic,3.1,465,Emergency dispatch for over-temperature alarm. Cleaned heat exchanger.,Completed
DISP-12600,EQ-5269,C-1211,2023/06/07,James Wilson,Emergency Repair,2.1,199.5,Calibrated inverter output. System operating within normal parameters.,In Progress
DISP-12601,EQ-6503,C-1154,04/05/2022,   ,Software Update,4.1,389.5,<b>Emergency dispatch for over-temperature alarm. Cleaned heat exchanger.</b>,completed
DISP-12602,EQ-5627,C-1338,12/18/2021,,Preventive Maintenance,1.2,180.0,<html>Replaced burnt fuse block. Test run completed successfully.</html>,Pending
DISP-12603,EQ-6531,C-1236,08-04-2021,   James Wilson,Emergency Repair,4.8,456.0,Calibrated inverter output. System operating within normal parameters.,Pending
DISP-12604,EQ-6638,C-1349,09/24/2022,David Lee,Corrective Maintenance,7.8,585.0,Calibrated inverter output. System operating within normal parameters.,Pending
DISP-12605,EQ-99475,C-99228,2024-08-09T00:00:00Z,Sarah Williams,Emergency Repair,10.8,1620.0,Replaced burnt fuse block. Test run completed successfully.,Pending
DISP-12606,EQ-6007,C-1079,07-12-2024,Robert Martinez,Software Update,8.6,1290.0,Performed standard preventive check. Updated firmware to v4.2.1.,Cancelled
DISP-12607,EQ-5288,C-1053,07/13/2022,   ,Installation,7.0,665.0,Calibrated inverter output. System operating within normal parameters.,completed
DISP-12608,EQ-6650,C-1343,2022-09-28T00:00:00Z,Michael Brown,Corrective Maintenance,2.6,195,<p>Performed standard preventive check. Updated firmware to v4.2.1.</p>,Pending
DISP-12609,EQ-5862,C-1380,2023/10/06,Mike Johnson,Emergency Repair,6.2,930.0,Performed standard preventive check. Updated firmware to v4.2.1.,In Progress
DISP-12610,EQ-7085,C-1058,2024-07-06T00:00:00Z,Patricia Davis,Warranty Replacement,6.5,780.0,Performed standard preventive check. Updated firmware to v4.2.1.,completed
DISP-12611,EQ-6885,C-1117,2022-05-08T00:00:00Z,Lisa Rodriguez,Emergency Repair,6.9,655.5,<html><body>Calibrated inverter output. System operating within normal parameters.</body></html>,COMPLETED
DISP-12612,EQ-6202,C-1057,05-31-2023,Robert Martinez,Preventive Maintenance,6.3,945.0,<strong>Replaced faulty thermal sensor and verified system bus voltage.</strong>,Pending
DISP-12613,EQ-5277,C-1483,02/19/2022,Sarah Williams,Warranty Replacement,9.4,893.0,Calibrated inverter output. System operating within normal parameters.,Pending
DISP-12614,EQ-6699,C-1261,2023/08/14,   Mike Johnson,Installation,8.4,1008.0,Replaced faulty thermal sensor and verified system bus voltage.,Completed
DISP-12615,EQ-5238,C-1189,2023-05-28T00:00:00Z,David Lee,Emergency Repair,11.3,1695.0,<html><body>Calibrated inverter output. System operating within normal parameters.</body></html>,Completed
DISP-12616,EQ-6625,C-1143,2021/07/07,Jennifer Chen,Preventive Maintenance,1.8,216.0,<html><body>Replaced faulty thermal sensor and verified system bus voltage.</body></html>,completed
DISP-12617,EQ-7322,C-1146,2022/01/14,Sarah Williams,Installation,7.9,$1185.00,<strong>Performed standard preventive check. Updated firmware to v4.2.1.</strong>,Pending
DISP-12618,EQ-5055,C-1023,2024-05-08T00:00:00Z,James Wilson,Preventive Maintenance,7.2,864.0,Replaced faulty thermal sensor and verified system bus voltage.,Pending
DISP-12619,EQ-6327,C-1483,2024-08-07,Sarah Williams,Diagnostic,10.7,1016.5,Calibrated inverter output. System operating within normal parameters.,Cancelled
DISP-12620,EQ-7053,C-1421,08/11/2023,  David Lee  ,Diagnostic,9.3,1395.0,Replaced faulty thermal sensor and verified system bus voltage.,Completed
DISP-12621,EQ-6981,C-1089,2024-05-14T00:00:00Z,Robert Martinez,Corrective Maintenance,10.4,1560.0,<p>Emergency dispatch for over-temperature alarm. Cleaned heat exchanger.</p>,Cancelled
DISP-12622,EQ-6187,C-1456,2024-04-08T00:00:00Z,Carlos Sanchez,Software Update,3.4,408.0,<strong>Performed standard preventive check. Updated firmware to v4.2.1.</strong>,Completed
DISP-12623,EQ-6013,C-1344,2022-01-14,Amanda Thompson  ,Warranty Replacement,4.0,600.0,<html>Performed standard preventive check. Updated firmware to v4.2.1.</html>,COMPLETED
DISP-12624,EQ-6340,C-1268,2023-02-24,   Robert Martinez,Diagnostic,8.6,817.0,Emergency dispatch for over-temperature alarm. Cleaned heat exchanger.,Completed
DISP-12625,EQ-6628,C-1395,2022/06/17,Michael Brown,Diagnostic,10.8,1026.0,Performed standard preventive check. Updated firmware to v4.2.1.,completed
DISP-12626,EQ-6638,C-1349,2023-12-12T00:00:00Z,Sarah Williams,Corrective Maintenance,2.6,312.0,Calibrated inverter output. System operating within normal parameters.,Completed
DISP-12627,EQ-5082,C-1196,2023/10/02,Maria Garcia,Preventive Maintenance,1.1,82.5,Replaced burnt fuse block. Test run completed successfully.,completed
DISP-12628,EQ-5020,C-1511,2021-08-19,Jennifer Chen,Warranty Replacement,4.2,504.0,Replaced burnt fuse block. Test run completed successfully.,Pending
DISP-12629,EQ-6966,C-1119,12/06/2022,Jennifer Chen,Installation,3.4,255.0,Replaced burnt fuse block. Test run completed successfully.,COMPLETED
DISP-12630,EQ-5404,C-1457,01/05/2023,Sarah Williams,Diagnostic,1.8,270.0,Replaced faulty thermal sensor and verified system bus voltage.,Completed
DISP-12631,EQ-6297,C-1323,2023/08/18,Robert Martinez,Corrective Maintenance,7.8,1170.0,Replaced faulty thermal sensor and verified system bus voltage.,COMPLETED
DISP-12632,EQ-5743,C-1319,06-11-2023,Lisa Rodriguez,Warranty Replacement,6.4,608.0,<div>Performed standard preventive check. Updated firmware to v4.2.1.</div>,completed
DISP-12633,EQ-6322,C-1340,2024-03-25,Michael Brown,Emergency Repair,7.5,1125.0,Replaced burnt fuse block. Test run completed successfully.,In Progress
DISP-12634,EQ-7276,C-1294,10/17/2021,Michael Brown,Corrective Maintenance,10.6,1272.0,Replaced faulty thermal sensor and verified system bus voltage.,Pending
DISP-12635,EQ-6880,C-1466,07-17-2022,Mike Johnson,Software Update,10.6,795.0,Emergency dispatch for over-temperature alarm. Cleaned heat exchanger.,Pending
DISP-12636,EQ-5060,C-1416,07-22-2024,Mike Johnson,Preventive Maintenance,5.5,412.5,Calibrated inverter output. System operating within normal parameters.,In Progress
DISP-12637,EQ-5054,C-1287,2022-12-19T00:00:00Z,  Robert Martinez  ,Diagnostic,8.5,807.5,Emergency dispatch for over-temperature alarm. Cleaned heat exchanger.,In Progress
DISP-12638,EQ-6323,C-1456,10/21/2023,Robert Martinez,Diagnostic,8.5,1020.0,Replaced faulty thermal sensor and verified system bus voltage.,Pending
DISP-12639,EQ-5496,C-1182,2023-06-15T00:00:00Z,Maria Garcia,Preventive Maintenance,1.0,120.0,Replaced faulty thermal sensor and verified system bus voltage.,Cancelled
DISP-12640,EQ-5681,C-1079,2023/06/09,Maria Garcia,Preventive Maintenance,0.5,37.5,Calibrated inverter output. System operating within normal parameters.,Completed
DISP-12641,EQ-6122,C-1093,07/21/2021,Maria Garcia,Preventive Maintenance,7.2,684.0,Emergency dispatch for over-temperature alarm. Cleaned heat exchanger.,Pending
DISP-12642,EQ-7290,C-1354,2021-10-13T00:00:00Z,   David Lee,Emergency Repair,3.3,495.0,<html><body>Replaced burnt fuse block. Test run completed successfully.</body></html>,COMPLETED
DISP-12643,EQ-99239,C-99488,2022/04/25,Sarah Williams,Warranty Replacement,9.4,1128.0,Replaced faulty thermal sensor and verified system bus voltage.,In Progress
DISP-12644,EQ-5356,C-1091,11/28/2021,Amanda Thompson,Installation,4.1,492.0,Replaced faulty thermal sensor and verified system bus voltage.,Pending
DISP-12645,EQ-6031,C-1081,06/28/2024,Mike Johnson,Diagnostic,6.2,465.0,Replaced faulty thermal sensor and verified system bus voltage.,Completed
DISP-12646,EQ-6029,C-1118,2023/12/31,  Sarah Williams  ,Warranty Replacement,10.8,1026.0,Replaced faulty thermal sensor and verified system bus voltage.,Completed
DISP-12647,EQ-7338,C-1316,2022/01/05,David Lee,Emergency Repair,10.0,950.0,Emergency dispatch for over-temperature alarm. Cleaned heat exchanger.,COMPLETED
DISP-12648,EQ-7469,C-1058,02/19/2022,Maria Garcia,Emergency Repair,10.4,1248.0,Replaced faulty thermal sensor and verified system bus voltage.,completed
DISP-12649,EQ-5882,C-1280,2022-10-07T00:00:00Z,Sarah Williams,Emergency Repair,9.1,1092.0,Emergency dispatch for over-temperature alarm. Cleaned heat exchanger.,In Progress
DISP-12650,EQ-6154,C-1034,09/01/2021,Robert Martinez,Warranty Replacement,1.5,225.0,Emergency dispatch for over-temperature alarm. Cleaned heat exchanger.,Cancelled
DISP-12651,EQ-7018,C-1357,04-21-2023,James Wilson,Warranty Replacement,2.0,150.0,Calibrated inverter output. System operating within normal parameters.,Completed
DISP-12652,EQ-5713,C-1148,2022/08/12,Patricia Davis,Preventive Maintenance,9.3,1395.0,Replaced burnt fuse block. Test run completed successfully.,Completed
DISP-12653,EQ-6607,C-1236,11/03/2021,Lisa Rodriguez,Software Update,2.1,157.5,Performed standard preventive check. Updated firmware to v4.2.1.,Pending
DISP-12654,EQ-6867,C-1041,12/22/2022,Michael Brown,Preventive Maintenance,9.2,874.0,Performed standard preventive check. Updated firmware to v4.2.1.,In Progress
DISP-12655,EQ-5199,C-1345,04-03-2024,Michael Brown,Software Update,11.9,$892.50,Performed standard preventive check. Updated firmware to v4.2.1.,In Progress
DISP-12656,EQ-6186,C-1173,06/28/2022,Lisa Rodriguez,Emergency Repair,3.6,540.0,Replaced burnt fuse block. Test run completed successfully.,In Progress
DISP-12657,EQ-5972,C-1265,2024/07/06,Maria Garcia,Preventive Maintenance,4.6,345.0,Emergency dispatch for over-temperature alarm. Cleaned heat exchanger.,completed
DISP-12658,EQ-5588,C-1463,01/01/2022,Lisa Rodriguez,Installation,9.6,912.0,Performed standard preventive check. Updated firmware to v4.2.1.,completed
DISP-12659,EQ-5046,C-1018,2021/07/28,Robert Martinez,Warranty Replacement,2.8,336.0,Performed standard preventive check. Updated firmware to v4.2.1.,Completed
DISP-12660,EQ-5118,C-1351,2021-09-25T00:00:00Z,  Lisa Rodriguez  ,Software Update,2.5,187.5,Replaced burnt fuse block. Test run completed successfully.,Cancelled
DISP-12661,EQ-5017,C-1137,12/24/2023,Mike Johnson,Warranty Replacement,2.9,217.5,Replaced burnt fuse block. Test run completed successfully.,COMPLETED
DISP-12662,EQ-5274,C-1221,2021-11-11T00:00:00Z,   Michael Brown,Software Update,11.3,1356.0,Emergency dispatch for over-temperature alarm. Cleaned heat exchanger.,Cancelled
DISP-12663,EQ-6109,C-1345,03/18/2024,  Sarah Williams  ,Emergency Repair,2.6,390.0,Replaced faulty thermal sensor and verified system bus voltage.,completed
DISP-12664,EQ-6496,C-1217,2022/07/27,James Wilson,Warranty Replacement,6.3,598.5,<div>Emergency dispatch for over-temperature alarm. Cleaned heat exchanger.</div>,In Progress
DISP-12665,EQ-5253,C-1146,2024-06-22T00:00:00Z,Sarah Williams,Preventive Maintenance,6.6,495.0,Replaced faulty thermal sensor and verified system bus voltage.,Cancelled
DISP-12666,EQ-6751,C-1012,01-27-2022,Robert Martinez,Warranty Replacement,11.6,870.0,Emergency dispatch for over-temperature alarm. Cleaned heat exchanger.,Cancelled
DISP-12667,EQ-7031,C-1094,2021-07-30,,Installation,2.8,336.0,Replaced burnt fuse block. Test run completed successfully.,In Progress
DISP-12668,EQ-5693,C-1071,2024-03-03,Amanda Thompson,Preventive Maintenance,7.2,1080.0,Performed standard preventive check. Updated firmware to v4.2.1.,Completed
DISP-12669,EQ-5379,C-1362,2022/03/26,Patricia Davis,Software Update,4.8,720.0,Replaced burnt fuse block. Test run completed successfully.,In Progress
DISP-12670,EQ-5724,C-1402,2022-03-23T00:00:00Z,James Wilson,Installation,4.0,600.0,<strong>Calibrated inverter output. System operating within normal parameters.</strong>,In Progress
DISP-12671,EQ-7184,C-1423,08-15-2022,Amanda Thompson,Software Update,0.9,108.0,<div>Performed standard preventive check. Updated firmware to v4.2.1.</div>,In Progress
DISP-12672,EQ-7267,C-1119,03/07/2024,   Jennifer Chen,Installation,5.9,885.0,Performed standard preventive check. Updated firmware to v4.2.1.,COMPLETED
DISP-12673,EQ-5590,C-1159,2024-01-08T00:00:00Z,Lisa Rodriguez  ,Emergency Repair,0.9,85,Performed standard preventive check. Updated firmware to v4.2.1.,Completed
DISP-12674,EQ-6697,C-1159,2021/07/12,  Robert Martinez  ,Installation,2.4,288.0,Replaced burnt fuse block. Test run completed successfully.,COMPLETED
DISP-12675,EQ-5017,C-1137,01/17/2022,Patricia Davis,Corrective Maintenance,2.7,324.0,Emergency dispatch for over-temperature alarm. Cleaned heat exchanger.,Cancelled
DISP-12676,EQ-5618,C-1281,2024-04-09,Lisa Rodriguez,Software Update,11.3,1073.5,Performed standard preventive check. Updated firmware to v4.2.1.,In Progress
DISP-12677,EQ-6502,C-1267,03-20-2022,David Lee,Warranty Replacement,8.9,1068.0,Calibrated inverter output. System operating within normal parameters.,COMPLETED
DISP-12678,EQ-5414,C-1144,2021-09-14T00:00:00Z,James Wilson,Warranty Replacement,8.5,807.5,Replaced burnt fuse block. Test run completed successfully.,COMPLETED
DISP-12679,EQ-5220,C-1309,2023-02-15,Sarah Williams,Corrective Maintenance,10.4,988.0,Performed standard preventive check. Updated firmware to v4.2.1.,In Progress
DISP-12680,EQ-7410,C-1301,2023-09-02,Maria Garcia,Diagnostic,7.9,592,Emergency dispatch for over-temperature alarm. Cleaned heat exchanger.,completed
DISP-12681,EQ-5704,C-1491,09/20/2021,Patricia Davis,Preventive Maintenance,10.5,997.5,Calibrated inverter output. System operating within normal parameters.,Pending
DISP-12682,EQ-5882,C-1280,04/03/2024,  Maria Garcia  ,Emergency Repair,9.3,1395.0,Emergency dispatch for over-temperature alarm. Cleaned heat exchanger.,Completed
DISP-12683,EQ-6366,C-1456,2024/07/25,  Sarah Williams  ,Corrective Maintenance,3.6,270.0,Replaced faulty thermal sensor and verified system bus voltage.,completed
DISP-12684,EQ-6602,C-1161,06-10-2021,Lisa Rodriguez,Warranty Replacement,7.0,1050.0,Replaced faulty thermal sensor and verified system bus voltage.,Cancelled
DISP-12685,EQ-6132,C-1418,2023-01-07,Maria Garcia,Installation,3.9,$468.00,Replaced burnt fuse block. Test run completed successfully.,In Progress
DISP-12686,EQ-7471,C-1428,2023-12-18T00:00:00Z,Lisa Rodriguez,Installation,8.5,807.5,Calibrated inverter output. System operating within normal parameters.,In Progress
DISP-12687,EQ-99373,C-99839,2022-03-29T00:00:00Z,David Lee,Preventive Maintenance,6.5,487.5,Replaced faulty thermal sensor and verified system bus voltage.,In Progress
DISP-12688,EQ-6754,C-1478,08-26-2023,Robert Martinez,Warranty Replacement,4.7,564.0,Calibrated inverter output. System operating within normal parameters.,completed
DISP-12689,EQ-6918,C-1098,04/29/2024,Patricia Davis,Diagnostic,10.0,$750.00,Replaced faulty thermal sensor and verified system bus voltage.,In Progress
DISP-12690,EQ-6300,C-1115,2024-06-08,Robert Martinez,Warranty Replacement,1.4,133.0,<html><body>Calibrated inverter output. System operating within normal parameters.</body></html>,In Progress
DISP-12691,EQ-6012,C-1069,12/31/2022,   Sarah Williams,Preventive Maintenance,10.0,750.0,Performed standard preventive check. Updated firmware to v4.2.1.,Completed
DISP-12692,EQ-6671,C-1348,06/07/2024,James Wilson,Software Update,7.3,1095.0,Replaced burnt fuse block. Test run completed successfully.,Pending
DISP-12693,EQ-6615,C-1405,08-15-2024,Sarah Williams,Corrective Maintenance,11.1,832.5,Replaced burnt fuse block. Test run completed successfully.,Completed
DISP-12694,EQ-5841,C-1310,11/04/2022,David Lee,Emergency Repair,8.1,1215.0,<div>Calibrated inverter output. System operating within normal parameters.</div>,completed
DISP-12695,EQ-5505,C-1300,2021-08-31,Lisa Rodriguez,Corrective Maintenance,0.9,85.5,<p>Replaced faulty thermal sensor and verified system bus voltage.</p>,completed
DISP-12696,EQ-6695,C-1097,2022-12-20T00:00:00Z,Carlos Sanchez,Diagnostic,11.8,1770.0,<b>Emergency dispatch for over-temperature alarm. Cleaned heat exchanger.</b>,In Progress
DISP-12697,EQ-6674,C-1019,2024-02-19T00:00:00Z,  Maria Garcia  ,Preventive Maintenance,11.0,1320.0,Performed standard preventive check. Updated firmware to v4.2.1.,completed
DISP-12698,EQ-6042,C-1088,11/26/2023,   Lisa Rodriguez,Preventive Maintenance,5.3,503.5,Performed standard preventive check. Updated firmware to v4.2.1.,In Progress
DISP-12699,EQ-6104,C-1164,2023-01-06T00:00:00Z,James Wilson  ,Emergency Repair,1.9,285.0,Emergency dispatch for over-temperature alarm. Cleaned heat exchanger.,Cancelled
DISP-12700,EQ-5528,C-1364,2024-02-14,Lisa Rodriguez,Installation,10.0,750.0,<html>Replaced faulty thermal sensor and verified system bus voltage.</html>,Cancelled
DISP-12701,EQ-5448,C-1356,2023-03-24,Amanda Thompson,Preventive Maintenance,2.9,217.5,Replaced faulty thermal sensor and verified system bus voltage.,Pending
DISP-12702,EQ-5982,C-1487,2022/08/10,Carlos Sanchez,Preventive Maintenance,6.2,930.0,Emergency dispatch for over-temperature alarm. Cleaned heat exchanger.,Pending
DISP-12703,EQ-5287,C-1387,01/29/2024,Sarah Williams,Software Update,11.5,1092.5,<p>Calibrated inverter output. System operating within normal parameters.</p>,Cancelled
DISP-12704,EQ-6111,C-1377,01-16-2023,Sarah Williams,Software Update,8.4,1260.0,Replaced faulty thermal sensor and verified system bus voltage.,In Progress
DISP-12705,EQ-5335,C-1250,2024/06/10,Amanda Thompson,Warranty Replacement,0.5,60.0,Replaced faulty thermal sensor and verified system bus voltage.,Completed
DISP-12706,EQ-5502,C-1286,2022/07/30,David Lee,Preventive Maintenance,11.8,1416.0,Calibrated inverter output. System operating within normal parameters.,COMPLETED
DISP-12707,EQ-5605,C-1041,2023-10-31T00:00:00Z,Maria Garcia,Software Update,5.4,405,Emergency dispatch for over-temperature alarm. Cleaned heat exchanger.,COMPLETED
DISP-12708,EQ-6656,C-1514,2022/10/13,Amanda Thompson  ,Warranty Replacement,7.9,948.0,<b>Calibrated inverter output. System operating within normal parameters.</b>,In Progress
DISP-12709,EQ-5207,C-1133,06/27/2023,Lisa Rodriguez,Software Update,10.4,$780.00,Replaced faulty thermal sensor and verified system bus voltage.,Cancelled
DISP-12710,EQ-6416,C-1107,2023-05-11,Carlos Sanchez,Preventive Maintenance,8.6,1032.0,Performed standard preventive check. Updated firmware to v4.2.1.,Completed
DISP-12711,EQ-6144,C-1177,07/08/2022,Maria Garcia,Installation,8.0,USD 960.00,Replaced burnt fuse block. Test run completed successfully.,Completed
DISP-12712,EQ-5850,C-1378,04/25/2022,Michael Brown,Software Update,2.0,150.0,Calibrated inverter output. System operating within normal parameters.,Cancelled
DISP-12713,EQ-6916,C-1117,08-05-2024,Carlos Sanchez,Preventive Maintenance,5.5,825.0,Replaced burnt fuse block. Test run completed successfully.,Pending
DISP-12714,EQ-5866,C-1441,2024-07-25T00:00:00Z,Jennifer Chen,Diagnostic,3.9,585.0,Calibrated inverter output. System operating within normal parameters.,Pending
DISP-12715,EQ-6430,C-1332,2023-10-13,Michael Brown  ,Warranty Replacement,3.2,240.0,<b>Performed standard preventive check. Updated firmware to v4.2.1.</b>,Cancelled
DISP-12716,EQ-6360,C-1456,05/30/2022,Amanda Thompson,Warranty Replacement,10.7,1016.5,Calibrated inverter output. System operating within normal parameters.,In Progress
DISP-12717,EQ-6199,C-1443,2021-11-02,Carlos Sanchez,Installation,8.5,1275.0,Calibrated inverter output. System operating within normal parameters.,Cancelled
DISP-12718,EQ-6175,C-1019,2022/07/09,Carlos Sanchez,Installation,6.8,816.0,Emergency dispatch for over-temperature alarm. Cleaned heat exchanger.,In Progress
DISP-12719,EQ-5635,C-1493,06/24/2024,James Wilson,Corrective Maintenance,2.2,330.0,<html>Replaced faulty thermal sensor and verified system bus voltage.</html>,Cancelled
DISP-12720,EQ-6474,C-1323,08/17/2021,Maria Garcia,Diagnostic,10.5,1575.0,Emergency dispatch for over-temperature alarm. Cleaned heat exchanger.,In Progress
DISP-12721,EQ-99508,C-99785,2023-08-13T00:00:00Z,NULL,Preventive Maintenance,3.4,255.0,Replaced burnt fuse block. Test run completed successfully.,Completed
DISP-12722,EQ-6548,C-1328,2022/03/29,Robert Martinez,Preventive Maintenance,2.8,420.0,Replaced faulty thermal sensor and verified system bus voltage.,COMPLETED
DISP-12723,EQ-6762,C-1278,2024-06-26T00:00:00Z,Lisa Rodriguez,Software Update,2.5,187.5,Performed standard preventive check. Updated firmware to v4.2.1.,In Progress
DISP-12724,EQ-7136,C-1425,2022/11/17,Jennifer Chen,Preventive Maintenance,11.1,1332.0,Replaced burnt fuse block. Test run completed successfully.,COMPLETED
DISP-12725,EQ-5778,C-1435,10/01/2022,   Sarah Williams,Preventive Maintenance,3.5,$332.50,Calibrated inverter output. System operating within normal parameters.,completed
DISP-12726,EQ-7061,C-1286,2023-01-23T00:00:00Z,Patricia Davis,Installation,7.4,1110.0,Performed standard preventive check. Updated firmware to v4.2.1.,completed
DISP-12727,EQ-5667,C-1479,2021-12-29T00:00:00Z,Amanda Thompson,Corrective Maintenance,5.9,442.5,Replaced faulty thermal sensor and verified system bus voltage.,In Progress
DISP-12728,EQ-5271,C-1470,2024-02-22T00:00:00Z,James Wilson,Installation,3.3,USD 313.50,Calibrated inverter output. System operating within normal parameters.,Cancelled
DISP-12729,EQ-5762,C-1309,2023/05/04,Robert   Martinez,Emergency Repair,8.5,807.5,Replaced burnt fuse block. Test run completed successfully.,In Progress
DISP-12730,EQ-6544,C-1283,05/29/2024,Mike Johnson,Warranty Replacement,8.8,1056.0,Replaced burnt fuse block. Test run completed successfully.,COMPLETED
DISP-12731,EQ-5460,C-1448,01/22/2022,Sarah Williams,Warranty Replacement,5.5,522.5,Replaced faulty thermal sensor and verified system bus voltage.,completed
DISP-12732,EQ-5544,C-1430,2021-07-20T00:00:00Z,Michael Brown,Diagnostic,10.9,1035.5,<html>Replaced faulty thermal sensor and verified system bus voltage.</html>,Completed
DISP-12733,EQ-5657,C-1356,06/01/2022,Amanda Thompson,Diagnostic,420.3,39928.5,Replaced burnt fuse block. Test run completed successfully.,COMPLETED
DISP-12734,EQ-5290,C-1138,05-09-2023,Jennifer Chen,Warranty Replacement,10.4,780.0,Calibrated inverter output. System operating within normal parameters.,In Progress
DISP-12735,EQ-5005,C-1403,05/08/2024,David Lee,Diagnostic,5.5,522.5,Replaced faulty thermal sensor and verified system bus voltage.,completed
DISP-12736,EQ-5548,C-1001,06/18/2022,Amanda Thompson,Corrective Maintenance,9.7,921.5,Replaced faulty thermal sensor and verified system bus voltage.,Completed
DISP-12737,EQ-5602,C-1222,2022-08-29T00:00:00Z,James Wilson  ,Preventive Maintenance,3.0,360.0,Replaced burnt fuse block. Test run completed successfully.,COMPLETED
DISP-12738,EQ-7423,C-1343,2023-03-12,Lisa Rodriguez  ,Software Update,11.6,1102.0,Replaced burnt fuse block. Test run completed successfully.,Pending
DISP-12739,EQ-6410,C-1271,2023-10-04,Michael Brown,Diagnostic,9.0,1350.0,Calibrated inverter output. System operating within normal parameters.,Pending
DISP-12740,EQ-5462,C-1395,03/06/2022,Patricia Davis,Preventive Maintenance,2.1,157.5,Calibrated inverter output. System operating within normal parameters.,In Progress
DISP-12741,EQ-6843,C-1341,10/12/2021,Amanda Thompson,Installation,2.2,264.0,Calibrated inverter output. System operating within normal parameters.,Cancelled
DISP-12742,EQ-7307,C-1215,2023-01-06,   ,Corrective Maintenance,2.0,190.0,Replaced burnt fuse block. Test run completed successfully.,COMPLETED
DISP-12743,EQ-7016,C-1491,02-07-2023,David Lee,Warranty Replacement,7.9,592.5,Performed standard preventive check. Updated firmware to v4.2.1.,completed
DISP-12744,EQ-6992,C-1243,2022/03/01,James Wilson,Preventive Maintenance,6.1,732.0,Performed standard preventive check. Updated firmware to v4.2.1.,completed
DISP-12745,EQ-5456,C-1457,01/09/2023,Jennifer Chen,Installation,4.9,465.5,Performed standard preventive check. Updated firmware to v4.2.1.,completed
DISP-12746,EQ-5283,C-1425,2024-03-13,Lisa Rodriguez,Warranty Replacement,4.7,705.0,<html><body>Emergency dispatch for over-temperature alarm. Cleaned heat exchanger.</body></html>,completed
DISP-12747,EQ-6797,C-1486,2021-12-09T00:00:00Z,Mike Johnson,Software Update,4.4,330.0,Performed standard preventive check. Updated firmware to v4.2.1.,Completed
DISP-12748,EQ-6683,C-1514,08/01/2023,Michael Brown,Diagnostic,10.2,1530.0,Replaced burnt fuse block. Test run completed successfully.,Cancelled
DISP-12749,EQ-6802,C-1057,2024/03/08,Carlos Sanchez  ,Emergency Repair,9.7,"$1,164.00",Replaced faulty thermal sensor and verified system bus voltage.,In Progress
DISP-12750,EQ-6636,C-1171,02-10-2024,Maria Garcia,Installation,11.9,1428.0,Calibrated inverter output. System operating within normal parameters.,Cancelled
DISP-12751,EQ-6164,C-1465,2023-11-19T00:00:00Z,Mike Johnson,Diagnostic,9.8,1176.0,Replaced faulty thermal sensor and verified system bus voltage.,completed
DISP-12752,EQ-5351,C-1088,2022/03/16,Robert Martinez,Emergency Repair,1.3,156.0,<html><body>Emergency dispatch for over-temperature alarm. Cleaned heat exchanger.</body></html>,In Progress
DISP-12753,EQ-5763,C-1263,05-05-2024,Maria Garcia,Preventive Maintenance,1.2,180.0,Emergency dispatch for over-temperature alarm. Cleaned heat exchanger.,Completed
DISP-12754,EQ-7315,C-1132,2023-10-21T00:00:00Z,  Maria Garcia  ,Preventive Maintenance,0.7,66.5,Replaced burnt fuse block. Test run completed successfully.,Cancelled
DISP-12755,EQ-5386,C-1049,02-26-2023,Robert Martinez,Installation,3.6,540.0,<p>Calibrated inverter output. System operating within normal parameters.</p>,Pending
DISP-12756,EQ-5944,C-1414,06/16/2022,Michael Brown,Diagnostic,3.2,480.0,Emergency dispatch for over-temperature alarm. Cleaned heat exchanger.,completed
DISP-12757,EQ-6707,C-1296,2022-07-29T00:00:00Z,Mike Johnson,Preventive Maintenance,3.8,570.0,Replaced burnt fuse block. Test run completed successfully.,completed
DISP-12758,EQ-5646,C-1071,2024-04-03,David Lee,Software Update,10.9,1308.0,Replaced faulty thermal sensor and verified system bus voltage.,completed
DISP-12759,EQ-7354,C-1260,2024-01-22T00:00:00Z,Lisa Rodriguez,Emergency Repair,7.6,722.0,Replaced faulty thermal sensor and verified system bus voltage.,In Progress
DISP-12760,EQ-5245,C-1016,05/06/2023,David Lee,Warranty Replacement,3.4,408.0,Emergency dispatch for over-temperature alarm. Cleaned heat exchanger.,Completed
DISP-12761,EQ-7009,C-1058,06-23-2024,Jennifer Chen,Preventive Maintenance,9.9,940.5,Replaced faulty thermal sensor and verified system bus voltage.,completed
DISP-12762,EQ-6781,C-1182,2022/02/03,Sarah Williams,Software Update,9.1,1092.0,Performed standard preventive check. Updated firmware to v4.2.1.,Cancelled
DISP-12763,EQ-7228,C-1078,06-14-2024,Lisa Rodriguez,Preventive Maintenance,1.3,156.0,Performed standard preventive check. Updated firmware to v4.2.1.,COMPLETED
DISP-12764,EQ-6537,C-1513,2023-07-01,Amanda Thompson,Emergency Repair,11.5,1725.0,<b>Emergency dispatch for over-temperature alarm. Cleaned heat exchanger.</b>,Cancelled
DISP-12765,EQ-5874,C-1208,06/11/2023,James Wilson,Warranty Replacement,8.4,1008.0,Replaced burnt fuse block. Test run completed successfully.,Completed
DISP-12766,EQ-6921,C-1481,2022-02-10T00:00:00Z,Sarah Williams,Warranty Replacement,4.2,399.0,<html><body>Replaced burnt fuse block. Test run completed successfully.</body></html>,COMPLETED
DISP-12767,EQ-6129,C-1097,2022-02-20,Lisa Rodriguez,Warranty Replacement,5.6,840.0,Replaced faulty thermal sensor and verified system bus voltage.,completed
DISP-12768,EQ-7414,C-1455,2022-01-25,Mike Johnson,Preventive Maintenance,11.4,1368.0,Calibrated inverter output. System operating within normal parameters.,Completed
DISP-12769,EQ-7434,C-1389,07-09-2024,James Wilson,Emergency Repair,7.6,912.0,Replaced burnt fuse block. Test run completed successfully.,Pending
DISP-12770,EQ-5274,C-1221,04/14/2022,Carlos Sanchez,Emergency Repair,8.9,$667.50,Replaced burnt fuse block. Test run completed successfully.,Cancelled
DISP-12771,EQ-7187,C-1101,10/30/2023,Jennifer Chen,Emergency Repair,1.4,133.0,Replaced burnt fuse block. Test run completed successfully.,In Progress
DISP-12772,EQ-6878,C-1297,06/29/2023,James Wilson,Emergency Repair,10.2,765.0,Performed standard preventive check. Updated firmware to v4.2.1.,Pending
DISP-12773,EQ-6139,C-1112,04/07/2023,Robert Martinez,Diagnostic,4.5,540.0,Replaced burnt fuse block. Test run completed successfully.,In Progress
DISP-12774,EQ-6121,C-1205,01-14-2024,,Emergency Repair,6.5,617.5,Replaced faulty thermal sensor and verified system bus voltage.,completed
DISP-12775,EQ-5005,C-1403,05/21/2022,David Lee,Corrective Maintenance,0.6,72.0,<p>Performed standard preventive check. Updated firmware to v4.2.1.</p>,Completed
DISP-12776,EQ-5376,C-1115,11/11/2023,Sarah Williams,Emergency Repair,4.9,735.0,Performed standard preventive check. Updated firmware to v4.2.1.,completed
DISP-12777,EQ-5632,C-1108,2023/03/07,James Wilson,Preventive Maintenance,8.4,$798.00,Performed standard preventive check. Updated firmware to v4.2.1.,Cancelled
DISP-12778,EQ-5822,C-1297,2023-03-22,Michael Brown,Corrective Maintenance,1.5,225.0,<html>Emergency dispatch for over-temperature alarm. Cleaned heat exchanger.</html>,Completed
DISP-12779,EQ-6202,C-1057,07/14/2021,Jennifer Chen  ,Preventive Maintenance,9.7,727.5,Replaced faulty thermal sensor and verified system bus voltage.,COMPLETED
DISP-12780,EQ-5748,C-1242,2024-04-17,   Jennifer Chen,Diagnostic,156.9,23535.0,Calibrated inverter output. System operating within normal parameters.,Cancelled
DISP-12781,EQ-5071,C-1228,10-29-2023,Patricia Davis,Preventive Maintenance,3.6,342.0,Replaced faulty thermal sensor and verified system bus voltage.,COMPLETED
DISP-12782,EQ-6297,C-1323,01/27/2022,James Wilson,Installation,6.1,915.0,Emergency dispatch for over-temperature alarm. Cleaned heat exchanger.,COMPLETED
DISP-12783,EQ-6662,C-1353,07/11/2022,Sarah   Williams,Preventive Maintenance,11.0,1320.0,Calibrated inverter output. System operating within normal parameters.,In Progress
DISP-12784,EQ-5653,C-1296,2024/03/08,Carlos Sanchez,Corrective Maintenance,9.1,1365.0,Performed standard preventive check. Updated firmware to v4.2.1.,Completed
DISP-12785,EQ-6977,C-1128,08/20/2022,   ,Emergency Repair,8.7,1305.0,Calibrated inverter output. System operating within normal parameters.,Completed
DISP-12786,EQ-6784,C-1515,2021/07/28,Lisa Rodriguez,Diagnostic,9.5,712.5,Replaced faulty thermal sensor and verified system bus voltage.,COMPLETED
DISP-12787,EQ-5527,C-1362,04/19/2024,James Wilson,Emergency Repair,6.2,589.0,<html><body>Replaced burnt fuse block. Test run completed successfully.</body></html>,In Progress
DISP-12788,EQ-5540,C-1439,08/02/2022,Lisa Rodriguez,Installation,11.8,1121.0,Performed standard preventive check. Updated firmware to v4.2.1.,completed
DISP-12789,EQ-5864,C-1257,08/16/2022,Maria Garcia,Diagnostic,2.2,264.0,Calibrated inverter output. System operating within normal parameters.,COMPLETED
DISP-12790,EQ-6161,C-1494,2022-01-03,Lisa Rodriguez,Warranty Replacement,8.1,607.5,<div>Calibrated inverter output. System operating within normal parameters.</div>,Cancelled
DISP-12791,EQ-5554,C-1223,2024-02-13,Robert Martinez,Corrective Maintenance,1.7,127.5,Emergency dispatch for over-temperature alarm. Cleaned heat exchanger.,Pending
DISP-12792,EQ-5284,C-1187,2022-08-26,,Warranty Replacement,7.5,562.5,<strong>Performed standard preventive check. Updated firmware to v4.2.1.</strong>,COMPLETED
DISP-12793,EQ-5643,C-1506,2023/08/30,Sarah Williams,Corrective Maintenance,10.0,1500.0,Emergency dispatch for over-temperature alarm. Cleaned heat exchanger.,Completed
DISP-12794,EQ-5679,C-1090,2023/07/14,Maria Garcia,Preventive Maintenance,1.8,171.0,Emergency dispatch for over-temperature alarm. Cleaned heat exchanger.,COMPLETED
DISP-12795,EQ-5429,C-1183,12/07/2022,David Lee,Installation,0.6,45.0,Calibrated inverter output. System operating within normal parameters.,In Progress
DISP-12796,EQ-5705,C-1225,2024/02/20,,Emergency Repair,1.1,132.0,Emergency dispatch for over-temperature alarm. Cleaned heat exchanger.,In Progress
DISP-12797,EQ-7425,C-1305,08/23/2022,Mike Johnson,Preventive Maintenance,1.3,195.0,Calibrated inverter output. System operating within normal parameters.,Completed
DISP-12798,EQ-5249,C-1349,05-27-2023,Michael Brown,Diagnostic,2.4,228.0,<html><body>Performed standard preventive check. Updated firmware to v4.2.1.</body></html>,Pending
DISP-12799,EQ-7232,C-1380,2023-02-26T00:00:00Z,Robert Martinez,Diagnostic,3.6,432.0,Replaced burnt fuse block. Test run completed successfully.,Completed
DISP-12800,EQ-5111,C-1418,2022-11-03,Patricia Davis,Software Update,9.9,940.5,Replaced faulty thermal sensor and verified system bus voltage.,Pending
DISP-12801,EQ-6740,C-1133,2023-07-15,Robert Martinez,Warranty Replacement,1.3,156.0,Replaced faulty thermal sensor and verified system bus voltage.,Pending
DISP-12802,EQ-5857,C-1238,02-22-2024,Sarah Williams,Preventive Maintenance,11.2,1344.0,Replaced faulty thermal sensor and verified system bus voltage.,Completed
DISP-12803,EQ-5468,C-1007,12/16/2022,Jennifer Chen,Installation,0.8,120.0,Replaced burnt fuse block. Test run completed successfully.,Pending
DISP-12804,EQ-7397,C-1394,2022-12-15,Mike Johnson,Diagnostic,2.1,199.5,<html>Performed standard preventive check. Updated firmware to v4.2.1.</html>,Completed
DISP-12805,EQ-5223,C-1374,02/14/2022,Maria Garcia,Software Update,5.2,780.0,Replaced burnt fuse block. Test run completed successfully.,COMPLETED
DISP-12806,EQ-6560,C-1117,2022/06/07,Sarah Williams,Corrective Maintenance,3.7,USD 444.00,Calibrated inverter output. System operating within normal parameters.,Completed
DISP-12807,EQ-5948,C-1168,2021/10/19,  Carlos Sanchez  ,Preventive Maintenance,11.2,1680.0,Calibrated inverter output. System operating within normal parameters.,In Progress
DISP-12808,EQ-5927,C-1123,2022/06/18,   ,Software Update,7.2,864.0,Performed standard preventive check. Updated firmware to v4.2.1.,Completed
DISP-12809,EQ-7368,C-1218,2022/07/19,Michael Brown,Installation,10.8,1026.0,Performed standard preventive check. Updated firmware to v4.2.1.,Pending
DISP-12810,EQ-6441,C-1204,2022/01/01,Patricia Davis,Software Update,3.1,294.5,Emergency dispatch for over-temperature alarm. Cleaned heat exchanger.,COMPLETED
DISP-12811,EQ-5826,C-1394,03/16/2024,Lisa Rodriguez,Installation,1.7,204.0,Replaced faulty thermal sensor and verified system bus voltage.,Pending
DISP-12812,EQ-7103,C-1209,2022-01-08,Lisa Rodriguez,Software Update,4.7,352.5,Emergency dispatch for over-temperature alarm. Cleaned heat exchanger.,Pending
DISP-12813,EQ-6970,C-1327,03/09/2022,Patricia Davis,Warranty Replacement,7.6,1140.0,Performed standard preventive check. Updated firmware to v4.2.1.,COMPLETED
DISP-12814,EQ-6129,C-1097,08/31/2022,Michael Brown,Corrective Maintenance,5.3,795.0,Replaced burnt fuse block. Test run completed successfully.,COMPLETED
DISP-12815,EQ-5173,C-1488,10/11/2022,Maria Garcia,Diagnostic,6.8,646.0,Performed standard preventive check. Updated firmware to v4.2.1.,COMPLETED
DISP-12816,EQ-5958,C-1311,2022-12-31T00:00:00Z,Lisa Rodriguez,Preventive Maintenance,7.3,547.5,Calibrated inverter output. System operating within normal parameters.,completed
DISP-12817,EQ-7133,C-1435,2023/07/29,Robert Martinez,Corrective Maintenance,0.7,105.0,Replaced burnt fuse block. Test run completed successfully.,COMPLETED
DISP-12818,EQ-6232,C-1124,08-11-2024,Carlos Sanchez,Diagnostic,9.7,727.5,Replaced burnt fuse block. Test run completed successfully.,COMPLETED
DISP-12819,EQ-6271,C-1242,10/13/2023,NULL,Corrective Maintenance,6.4,960.0,Performed standard preventive check. Updated firmware to v4.2.1.,Completed
DISP-12820,EQ-5730,C-1056,2023/06/11,   Michael Brown,Corrective Maintenance,11.1,832.5,<p>Performed standard preventive check. Updated firmware to v4.2.1.</p>,completed
DISP-12821,EQ-5643,C-1506,2021/10/09,Maria Garcia,Emergency Repair,9.3,1395.0,Replaced faulty thermal sensor and verified system bus voltage.,Pending
DISP-12822,EQ-7153,C-1065,04-27-2022,Patricia Davis,Preventive Maintenance,3.5,262.5,Replaced faulty thermal sensor and verified system bus voltage.,completed
DISP-12823,EQ-6330,C-1239,09-19-2022,Maria Garcia,Emergency Repair,5.7,684.0,Emergency dispatch for over-temperature alarm. Cleaned heat exchanger.,COMPLETED
DISP-12824,EQ-5937,C-1311,2023/09/09,Sarah Williams,Installation,3.0,450.0,Performed standard preventive check. Updated firmware to v4.2.1.,completed
DISP-12825,EQ-7409,C-1340,09/10/2023,David Lee,Corrective Maintenance,7.4,1110.0,Emergency dispatch for over-temperature alarm. Cleaned heat exchanger.,Pending
DISP-12826,EQ-6672,C-1226,2022/01/30,Carlos Sanchez,Warranty Replacement,7.5,900.0,Performed standard preventive check. Updated firmware to v4.2.1.,Cancelled
DISP-12827,EQ-6987,C-1158,2021-08-26T00:00:00Z,Lisa Rodriguez,Emergency Repair,5.8,696.0,Replaced faulty thermal sensor and verified system bus voltage.,completed
DISP-12828,EQ-7461,C-1260,2021-06-22T00:00:00Z,Sarah Williams,Preventive Maintenance,8.9,1335.0,Performed standard preventive check. Updated firmware to v4.2.1.,Pending
DISP-12829,EQ-6079,C-1260,07/16/2022,Amanda Thompson,Corrective Maintenance,10.5,1575.0,<html>Emergency dispatch for over-temperature alarm. Cleaned heat exchanger.</html>,completed
DISP-12830,EQ-5055,C-1023,06-09-2021,Jennifer Chen,Warranty Replacement,9.0,675.0,Performed standard preventive check. Updated firmware to v4.2.1.,Cancelled
DISP-12831,EQ-7268,C-1239,2023/01/25,Maria Garcia,Emergency Repair,5.3,$636.00,Emergency dispatch for over-temperature alarm. Cleaned heat exchanger.,Pending
DISP-12832,EQ-6397,C-1095,2021-12-02T00:00:00Z,  Maria Garcia  ,Installation,1.0,120.0,Replaced burnt fuse block. Test run completed successfully.,In Progress
DISP-12833,EQ-6370,C-1353,05/07/2022,David Lee,Preventive Maintenance,2.2,330.0,<p>Performed standard preventive check. Updated firmware to v4.2.1.</p>,Pending
DISP-12834,EQ-7403,C-1476,05/26/2024,NULL,Software Update,11.8,885.0,Replaced faulty thermal sensor and verified system bus voltage.,Pending
DISP-12835,EQ-7163,C-1442,2024-03-14,Maria Garcia,Diagnostic,10.6,1007.0,Calibrated inverter output. System operating within normal parameters.,Completed
DISP-12836,EQ-5953,C-1280,08/07/2023,Lisa Rodriguez,Warranty Replacement,0.5,75.0,Calibrated inverter output. System operating within normal parameters.,completed
DISP-12837,EQ-6995,C-1377,2022-10-26,Jennifer Chen,Installation,2.0,300.0,Performed standard preventive check. Updated firmware to v4.2.1.,COMPLETED
DISP-12838,EQ-5062,C-1148,11/09/2021,Patricia Davis  ,Installation,0.9,108.0,Emergency dispatch for over-temperature alarm. Cleaned heat exchanger.,Cancelled
DISP-12839,EQ-5346,C-1463,10/27/2022,Sarah Williams  ,Emergency Repair,10.7,1605.0,Replaced burnt fuse block. Test run completed successfully.,COMPLETED
DISP-12840,EQ-6015,C-1270,2022/12/16,Jennifer Chen,Preventive Maintenance,11.2,1064.0,Replaced burnt fuse block. Test run completed successfully.,Pending
DISP-12841,EQ-7478,C-1471,12/17/2021,   Maria Garcia,Warranty Replacement,3.1,232.5,Calibrated inverter output. System operating within normal parameters.,Pending
DISP-12842,EQ-5231,C-1270,2024/04/07,Amanda Thompson,Warranty Replacement,6.2,589.0,Calibrated inverter output. System operating within normal parameters.,Completed
DISP-12843,EQ-6528,C-1029,2021/11/12,Amanda   Thompson,Preventive Maintenance,6.9,655.5,Performed standard preventive check. Updated firmware to v4.2.1.,Completed
DISP-12844,EQ-7351,C-1519,08/17/2021,Mike Johnson,Preventive Maintenance,7.4,888.0,Emergency dispatch for over-temperature alarm. Cleaned heat exchanger.,Cancelled
DISP-12845,EQ-6236,C-1072,09-24-2023,Amanda Thompson  ,Preventive Maintenance,10.7,1016.5,Calibrated inverter output. System operating within normal parameters.,Completed
DISP-12846,EQ-5818,C-1482,2021-06-10T00:00:00Z,Maria Garcia,Diagnostic,10.1,1515.0,Replaced faulty thermal sensor and verified system bus voltage.,COMPLETED
DISP-12847,EQ-5520,C-1025,07/01/2022,Amanda Thompson,Software Update,11.5,862.5,Replaced faulty thermal sensor and verified system bus voltage.,In Progress
DISP-12848,EQ-5030,C-1330,2024-02-06T00:00:00Z,  Robert Martinez  ,Emergency Repair,6.3,945.0,Emergency dispatch for over-temperature alarm. Cleaned heat exchanger.,Completed
DISP-12849,EQ-5598,C-1436,04/08/2023,Mike Johnson,Software Update,7.2,684.0,Calibrated inverter output. System operating within normal parameters.,Cancelled
DISP-12850,EQ-6364,C-1197,10/13/2023,Jennifer Chen,Preventive Maintenance,11.4,1710.0,<b>Replaced faulty thermal sensor and verified system bus voltage.</b>,completed
DISP-12851,EQ-5972,C-1265,04/24/2023,Lisa Rodriguez,Corrective Maintenance,9.3,697.5,Replaced faulty thermal sensor and verified system bus voltage.,Cancelled
DISP-12852,EQ-6361,C-1264,09/05/2021,Amanda Thompson  ,Warranty Replacement,7.4,555.0,Replaced burnt fuse block. Test run completed successfully.,Pending
DISP-12853,EQ-7081,C-1226,03/25/2022,Sarah Williams,Emergency Repair,0.6,45.0,Calibrated inverter output. System operating within normal parameters.,COMPLETED
DISP-12854,EQ-6132,C-1418,2024-08-03T00:00:00Z,  Jennifer Chen  ,Corrective Maintenance,2.4,360.0,Replaced burnt fuse block. Test run completed successfully.,Pending
DISP-12855,EQ-6787,C-1378,2024-03-16T00:00:00Z,Jennifer Chen,Corrective Maintenance,5.0,750.0,<strong>Replaced faulty thermal sensor and verified system bus voltage.</strong>,completed
DISP-12856,EQ-7111,C-1098,11/24/2022,  David Lee  ,Diagnostic,8.8,1320.0,Replaced burnt fuse block. Test run completed successfully.,Cancelled
DISP-12857,EQ-6046,C-1434,2022-05-19T00:00:00Z,   Maria Garcia,Warranty Replacement,2.6,247.0,<div>Replaced burnt fuse block. Test run completed successfully.</div>,Cancelled
DISP-12858,EQ-6716,C-1510,2023-07-10,   ,Software Update,6.6,792.0,Emergency dispatch for over-temperature alarm. Cleaned heat exchanger.,Cancelled
DISP-12859,EQ-5799,C-1383,03-04-2024,Jennifer Chen,Diagnostic,2.6,195.0,Calibrated inverter output. System operating within normal parameters.,Completed
DISP-12860,EQ-5313,C-1018,2023-06-05,Carlos Sanchez,Corrective Maintenance,9.1,1365.0,Performed standard preventive check. Updated firmware to v4.2.1.,Pending
DISP-12861,EQ-6311,C-1386,04-22-2024,David Lee,Diagnostic,10.8,810.0,Replaced burnt fuse block. Test run completed successfully.,Completed
DISP-12862,EQ-7204,C-1273,01/09/2022,Jennifer Chen,Corrective Maintenance,460.0,69000.0,Replaced burnt fuse block. Test run completed successfully.,Cancelled
DISP-12863,EQ-6345,C-1331,09-20-2022,Patricia Davis,Installation,2.2,209.0,Calibrated inverter output. System operating within normal parameters.,In Progress
DISP-12864,EQ-5183,C-1027,12-28-2023,   Carlos Sanchez,Warranty Replacement,6.9,655.5,Replaced burnt fuse block. Test run completed successfully.,COMPLETED
DISP-12865,EQ-5063,C-1004,05-14-2022,James Wilson,Emergency Repair,4.2,504.0,Emergency dispatch for over-temperature alarm. Cleaned heat exchanger.,In Progress
DISP-12866,EQ-5465,C-1211,2022-12-19,   Lisa Rodriguez,Corrective Maintenance,10.6,1272.0,Calibrated inverter output. System operating within normal parameters.,Pending
DISP-12867,EQ-6694,C-1352,08/08/2024,Patricia Davis,Emergency Repair,2.5,237.5,Replaced faulty thermal sensor and verified system bus voltage.,COMPLETED
DISP-12868,EQ-6102,C-1074,2022/08/09,Carlos Sanchez,Diagnostic,4.5,540.0,Calibrated inverter output. System operating within normal parameters.,Cancelled
DISP-12869,EQ-5289,C-1034,2022-07-01,Maria Garcia,Emergency Repair,9.8,1176,Calibrated inverter output. System operating within normal parameters.,Pending
DISP-12870,EQ-6018,C-1502,06/06/2021,NULL,Corrective Maintenance,10.7,1605.0,Replaced burnt fuse block. Test run completed successfully.,Completed
DISP-12871,EQ-7187,C-1101,2023/10/04,Patricia Davis,Software Update,11.3,1073.5,Performed standard preventive check. Updated firmware to v4.2.1.,COMPLETED
DISP-12872,EQ-5238,C-1189,2024-02-13,Sarah Williams,Emergency Repair,3.0,285.0,Emergency dispatch for over-temperature alarm. Cleaned heat exchanger.,Completed
DISP-12873,EQ-5028,C-1377,2023-07-09,Robert Martinez,Software Update,2.3,$345.00,Replaced faulty thermal sensor and verified system bus voltage.,In Progress
DISP-12874,EQ-7080,C-1519,12/08/2022,Michael Brown,Software Update,5.2,494.0,Emergency dispatch for over-temperature alarm. Cleaned heat exchanger.,COMPLETED
DISP-12875,EQ-6734,C-1003,2023-02-08,Michael Brown,Warranty Replacement,3.5,420.0,Replaced faulty thermal sensor and verified system bus voltage.,COMPLETED
DISP-12876,EQ-7304,C-1259,07/21/2021,Carlos Sanchez,Preventive Maintenance,11.3,1356.0,Emergency dispatch for over-temperature alarm. Cleaned heat exchanger.,COMPLETED
DISP-12877,EQ-7443,C-1483,01/04/2023,David Lee,Warranty Replacement,4.6,552.0,Calibrated inverter output. System operating within normal parameters.,completed
DISP-12878,EQ-5897,C-1372,03/06/2023,   Carlos Sanchez,Preventive Maintenance,11.9,1130.5,Emergency dispatch for over-temperature alarm. Cleaned heat exchanger.,In Progress
DISP-12879,EQ-7474,C-1390,2021-07-22,Carlos Sanchez,Warranty Replacement,3.1,294.5,Emergency dispatch for over-temperature alarm. Cleaned heat exchanger.,completed
DISP-12880,EQ-5387,C-1344,03/20/2024,Patricia Davis,Preventive Maintenance,5.8,$696.00,Calibrated inverter output. System operating within normal parameters.,Cancelled
DISP-12881,EQ-6795,C-1027,2021-07-01,   James Wilson,Software Update,6.3,598.5,Emergency dispatch for over-temperature alarm. Cleaned heat exchanger.,In Progress
DISP-12882,EQ-5363,C-1106,2023-12-31T00:00:00Z,Maria Garcia,Warranty Replacement,1.2,114.0,Calibrated inverter output. System operating within normal parameters.,completed
DISP-12883,EQ-5710,C-1311,2024-05-29T00:00:00Z,Patricia Davis,Emergency Repair,7.2,684.0,Emergency dispatch for over-temperature alarm. Cleaned heat exchanger.,completed
DISP-12884,EQ-7257,C-1025,06-21-2022,Michael Brown,Preventive Maintenance,3.2,240.0,Performed standard preventive check. Updated firmware to v4.2.1.,COMPLETED
DISP-12885,EQ-5830,C-1363,10/27/2021,Robert Martinez,Installation,9.0,1080.0,Replaced burnt fuse block. Test run completed successfully.,Pending
DISP-12886,EQ-5519,C-1484,2022/03/25,   Michael Brown,Diagnostic,10.2,1224.0,Replaced faulty thermal sensor and verified system bus voltage.,Cancelled
DISP-12887,EQ-5460,C-1448,08/29/2022,Maria Garcia,Preventive Maintenance,1.0,150.0,Replaced burnt fuse block. Test run completed successfully.,Pending
DISP-12888,EQ-6010,C-1484,2022-07-07T00:00:00Z,Jennifer Chen,Preventive Maintenance,6.2,744.0,Performed standard preventive check. Updated firmware to v4.2.1.,COMPLETED
DISP-12889,EQ-6780,C-1301,2024-06-13,Mike Johnson,Software Update,3.6,540.0,Replaced burnt fuse block. Test run completed successfully.,COMPLETED
DISP-12890,EQ-5551,C-1151,07/02/2023,Maria Garcia,Corrective Maintenance,2.4,288.0,Performed standard preventive check. Updated firmware to v4.2.1.,In Progress
DISP-12891,EQ-5209,C-1433,2021-11-08,Amanda Thompson,Diagnostic,3.9,292.5,Replaced faulty thermal sensor and verified system bus voltage.,In Progress
DISP-12892,EQ-5995,C-1507,08/22/2021,Patricia Davis,Diagnostic,7.3,547.5,Calibrated inverter output. System operating within normal parameters.,completed
DISP-12893,EQ-7354,C-1260,12/09/2022,Sarah Williams,Diagnostic,1.9,228.0,Replaced burnt fuse block. Test run completed successfully.,Pending
DISP-12894,EQ-7187,C-1101,03-05-2023,Michael Brown,Software Update,10.0,750.0,<html><body>Performed standard preventive check. Updated firmware to v4.2.1.</body></html>,In Progress
DISP-12895,EQ-5107,C-1462,2024-02-06T00:00:00Z,Robert Martinez,Installation,1.8,270.0,Performed standard preventive check. Updated firmware to v4.2.1.,In Progress
DISP-12896,EQ-7332,C-1106,2023/05/17,David Lee,Warranty Replacement,8.6,1290.0,Replaced burnt fuse block. Test run completed successfully.,completed
DISP-12897,EQ-6589,C-1434,05/11/2022,Sarah Williams,Emergency Repair,6.6,990.0,Performed standard preventive check. Updated firmware to v4.2.1.,COMPLETED
DISP-12898,EQ-5426,C-1436,2023-12-12T00:00:00Z,   Robert Martinez,Installation,3.8,285.0,Calibrated inverter output. System operating within normal parameters.,completed
DISP-12899,EQ-7094,C-1043,2023-11-18,Jennifer Chen,Corrective Maintenance,11.2,$1344.00,Calibrated inverter output. System operating within normal parameters.,COMPLETED
DISP-12900,EQ-7123,C-1247,02-22-2022,Jennifer Chen,Emergency Repair,2.1,252.0,Performed standard preventive check. Updated firmware to v4.2.1.,COMPLETED
DISP-12901,EQ-6068,C-1314,2022-02-03,Robert Martinez,Corrective Maintenance,3.2,304.0,Performed standard preventive check. Updated firmware to v4.2.1.,Cancelled
DISP-12902,EQ-6618,C-1379,01/05/2023,James Wilson,Emergency Repair,3.6,432.0,Calibrated inverter output. System operating within normal parameters.,Completed
DISP-12903,EQ-6320,C-1513,09/23/2021,Lisa Rodriguez,Diagnostic,11.0,825,Performed standard preventive check. Updated firmware to v4.2.1.,completed
DISP-12904,EQ-6726,C-1406,08-14-2024,Patricia Davis,Warranty Replacement,2.4,228.0,Performed standard preventive check. Updated firmware to v4.2.1.,Completed
DISP-12905,EQ-6330,C-1239,2022/10/12,Robert Martinez,Installation,6.3,472.5,Replaced burnt fuse block. Test run completed successfully.,COMPLETED
DISP-12906,EQ-7482,C-1362,2023/12/25,James Wilson,Software Update,1.5,112.5,<strong>Emergency dispatch for over-temperature alarm. Cleaned heat exchanger.</strong>,completed
DISP-12907,EQ-7010,C-1105,07/09/2022,Mike Johnson,Emergency Repair,1.1,104.5,Performed standard preventive check. Updated firmware to v4.2.1.,In Progress
DISP-12908,EQ-6748,C-1053,2023-05-13T00:00:00Z,Patricia Davis,Installation,7.9,750.5,Replaced faulty thermal sensor and verified system bus voltage.,COMPLETED
DISP-12909,EQ-5140,C-1442,2021-06-08T00:00:00Z,Jennifer Chen,Corrective Maintenance,4.8,360.0,Calibrated inverter output. System operating within normal parameters.,In Progress
DISP-12910,EQ-5346,C-1463,03-07-2022,Jennifer Chen,Emergency Repair,5.8,696.0,<strong>Replaced faulty thermal sensor and verified system bus voltage.</strong>,Completed
DISP-12911,EQ-6010,C-1484,2023/09/14,Lisa Rodriguez,Corrective Maintenance,1.7,127.5,<strong>Emergency dispatch for over-temperature alarm. Cleaned heat exchanger.</strong>,Cancelled
DISP-12912,EQ-5091,C-1012,2022/01/10,Robert Martinez,Warranty Replacement,9.5,1425.0,Replaced burnt fuse block. Test run completed successfully.,Completed
DISP-12913,EQ-5592,C-1221,2022/07/28,Michael Brown,Warranty Replacement,10.0,1200.0,<html>Emergency dispatch for over-temperature alarm. Cleaned heat exchanger.</html>,Pending
DISP-12914,EQ-7452,C-1006,2022/10/10,Jennifer Chen,Emergency Repair,2.4,360.0,Performed standard preventive check. Updated firmware to v4.2.1.,completed
DISP-12915,EQ-7335,C-1239,2024-07-09T00:00:00Z,Lisa Rodriguez,Warranty Replacement,1.5,225.0,Replaced faulty thermal sensor and verified system bus voltage.,completed
DISP-12916,EQ-6828,C-1077,09/26/2022,Carlos Sanchez,Software Update,4.3,322.5,Performed standard preventive check. Updated firmware to v4.2.1.,Pending
DISP-12917,EQ-6657,C-1261,07/24/2022,Sarah Williams,Emergency Repair,6.5,617.5,Replaced burnt fuse block. Test run completed successfully.,completed
DISP-12918,EQ-5744,C-1278,09/11/2022,Michael Brown,Corrective Maintenance,3.9,468.0,Emergency dispatch for over-temperature alarm. Cleaned heat exchanger.,Pending
DISP-12919,EQ-5838,C-1249,2022/03/29,Maria Garcia,Corrective Maintenance,7.1,532,Emergency dispatch for over-temperature alarm. Cleaned heat exchanger.,Cancelled
DISP-12920,EQ-6741,C-1305,10/26/2023,David Lee,Warranty Replacement,9.1,682.5,Emergency dispatch for over-temperature alarm. Cleaned heat exchanger.,Pending
DISP-12921,EQ-5706,C-1123,2022-05-21,NULL,Emergency Repair,4.7,564.0,Replaced faulty thermal sensor and verified system bus voltage.,Completed
DISP-12922,EQ-6851,C-1196,2022-06-03,Sarah Williams,Installation,10.8,1296.0,Performed standard preventive check. Updated firmware to v4.2.1.,COMPLETED
DISP-12923,EQ-5806,C-1300,04/11/2022,Amanda Thompson,Emergency Repair,11.0,1045.0,Performed standard preventive check. Updated firmware to v4.2.1.,Completed
DISP-12924,EQ-6434,C-1143,09-19-2023,Patricia Davis,Emergency Repair,6.6,495.0,Calibrated inverter output. System operating within normal parameters.,Completed
DISP-12925,EQ-5182,C-1293,09/21/2022,Maria Garcia,Warranty Replacement,7.1,532.5,Replaced faulty thermal sensor and verified system bus voltage.,COMPLETED
DISP-12926,EQ-6026,C-1128,04-17-2023,  Patricia Davis  ,Preventive Maintenance,9.1,1092.0,Calibrated inverter output. System operating within normal parameters.,Pending
DISP-12927,EQ-6585,C-1204,06-08-2023,Lisa Rodriguez,Software Update,8.7,826.5,Replaced burnt fuse block. Test run completed successfully.,completed
DISP-12928,EQ-6918,C-1098,01/16/2024,Maria Garcia,Software Update,3.9,370.5,Performed standard preventive check. Updated firmware to v4.2.1.,COMPLETED
DISP-12929,EQ-5881,C-1130,2022-05-20,Mike Johnson,Emergency Repair,9.6,912.0,Replaced burnt fuse block. Test run completed successfully.,Cancelled
DISP-12930,EQ-6723,C-1343,2024/07/18,David Lee,Corrective Maintenance,5.8,551.0,Replaced faulty thermal sensor and verified system bus voltage.,Cancelled
DISP-12931,EQ-5283,C-1425,2024-02-17,Carlos Sanchez,Warranty Replacement,11.2,840.0,Calibrated inverter output. System operating within normal parameters.,COMPLETED
DISP-12932,EQ-5548,C-1001,03-09-2023,   Michael Brown,Preventive Maintenance,9.8,1470.0,Calibrated inverter output. System operating within normal parameters.,COMPLETED
DISP-12933,EQ-5983,C-1319,11-28-2023,Sarah Williams,Preventive Maintenance,10.6,1590.0,Replaced burnt fuse block. Test run completed successfully.,Pending
DISP-12934,EQ-5748,C-1242,2024-02-09,Mike Johnson,Software Update,10.4,1248.0,Calibrated inverter output. System operating within normal parameters.,completed
DISP-12935,EQ-6193,C-1064,2022-04-03,David Lee,Software Update,9.6,1440.0,Emergency dispatch for over-temperature alarm. Cleaned heat exchanger.,Cancelled
DISP-12936,EQ-5480,C-1303,06-21-2023,Lisa Rodriguez,Diagnostic,1.3,97.5,Replaced burnt fuse block. Test run completed successfully.,completed
DISP-12937,EQ-6326,C-1332,04/07/2022,Sarah Williams,Diagnostic,7.3,876.0,Calibrated inverter output. System operating within normal parameters.,Pending
DISP-12938,EQ-7266,C-1226,2024-04-03T00:00:00Z,Lisa Rodriguez,Diagnostic,11.6,1102.0,Calibrated inverter output. System operating within normal parameters.,completed
DISP-12939,EQ-6629,C-1284,06/26/2021,Patricia Davis,Warranty Replacement,5.9,885.0,Performed standard preventive check. Updated firmware to v4.2.1.,In Progress
DISP-12940,EQ-7333,C-1356,2024-02-20T00:00:00Z,NULL,Emergency Repair,8.6,1290.0,Performed standard preventive check. Updated firmware to v4.2.1.,In Progress
DISP-12941,EQ-5332,C-1268,2024-05-11,Carlos Sanchez,Corrective Maintenance,9.5,1425.0,Emergency dispatch for over-temperature alarm. Cleaned heat exchanger.,In Progress
DISP-12942,EQ-5163,C-1207,07/23/2023,Carlos Sanchez,Preventive Maintenance,2.5,187.5,<b>Replaced faulty thermal sensor and verified system bus voltage.</b>,In Progress
DISP-12943,EQ-5854,C-1056,2023-03-10,Mike Johnson,Preventive Maintenance,5.5,660.0,Calibrated inverter output. System operating within normal parameters.,Completed
DISP-12944,EQ-7441,C-1272,04/27/2022,   ,Corrective Maintenance,3.1,372.0,Emergency dispatch for over-temperature alarm. Cleaned heat exchanger.,Pending
DISP-12945,EQ-5085,C-1145,09-28-2021,Mike Johnson,Software Update,7.4,888.0,Emergency dispatch for over-temperature alarm. Cleaned heat exchanger.,completed
DISP-12946,EQ-7368,C-1218,2022-01-22,Amanda Thompson,Installation,7.4,555.0,Replaced faulty thermal sensor and verified system bus voltage.,In Progress
DISP-12947,EQ-7359,C-1463,2023-02-03T00:00:00Z,  Maria Garcia  ,Installation,4.6,552.0,Emergency dispatch for over-temperature alarm. Cleaned heat exchanger.,In Progress
DISP-12948,EQ-7052,C-1170,09/26/2021,   Michael Brown,Emergency Repair,11.4,1083.0,Emergency dispatch for over-temperature alarm. Cleaned heat exchanger.,Completed
DISP-12949,EQ-6195,C-1136,2023/05/18,Amanda Thompson,Corrective Maintenance,3.1,USD 372.00,Performed standard preventive check. Updated firmware to v4.2.1.,In Progress
DISP-12950,EQ-7105,C-1421,2021/08/31,Robert Martinez,Corrective Maintenance,10.2,1530.0,Emergency dispatch for over-temperature alarm. Cleaned heat exchanger.,Cancelled
DISP-12951,EQ-5121,C-1251,2023-12-29T00:00:00Z,Mike   Johnson,Software Update,4.1,389.5,Calibrated inverter output. System operating within normal parameters.,COMPLETED
DISP-12952,EQ-5901,C-1036,2022-03-22,Amanda Thompson,Software Update,7.3,876.0,Performed standard preventive check. Updated firmware to v4.2.1.,Completed
DISP-12953,EQ-6026,C-1128,2023/08/02,   Michael Brown,Preventive Maintenance,3.3,495.0,Emergency dispatch for over-temperature alarm. Cleaned heat exchanger.,completed
DISP-12954,EQ-5415,C-1335,2022/02/13,Jennifer Chen,Preventive Maintenance,5.0,600.0,Replaced faulty thermal sensor and verified system bus voltage.,In Progress
DISP-12955,EQ-6654,C-1455,2024-06-21T00:00:00Z,Amanda Thompson,Diagnostic,6.5,487.5,<div>Replaced burnt fuse block. Test run completed successfully.</div>,COMPLETED
DISP-12956,EQ-7452,C-1006,2022-04-10,Carlos Sanchez,Warranty Replacement,11.0,1320.0,<html><body>Replaced burnt fuse block. Test run completed successfully.</body></html>,completed
DISP-12957,EQ-7403,C-1476,2022/08/09,Lisa Rodriguez,Preventive Maintenance,4.5,427.5,Replaced burnt fuse block. Test run completed successfully.,completed
DISP-12958,EQ-6095,C-1203,06/29/2022,Michael Brown,Preventive Maintenance,4.1,307.5,Calibrated inverter output. System operating within normal parameters.,completed
DISP-12959,EQ-6214,C-1127,2023-09-13T00:00:00Z,Maria Garcia,Corrective Maintenance,0.6,57.0,Calibrated inverter output. System operating within normal parameters.,In Progress
DISP-12960,EQ-6556,C-1289,05/02/2024,Mike Johnson,Emergency Repair,8.6,817.0,Performed standard preventive check. Updated firmware to v4.2.1.,In Progress
DISP-12961,EQ-6944,C-1354,09/02/2022,Carlos Sanchez,Installation,8.0,760.0,Emergency dispatch for over-temperature alarm. Cleaned heat exchanger.,completed
DISP-12962,EQ-7327,C-1428,2023-07-11T00:00:00Z,James Wilson,Emergency Repair,10.6,$795.00,Replaced burnt fuse block. Test run completed successfully.,Pending
DISP-12963,EQ-7044,C-1432,04/05/2022,Mike Johnson,Installation,1.7,127.5,Performed standard preventive check. Updated firmware to v4.2.1.,In Progress
DISP-12964,EQ-6271,C-1242,01/24/2022,Maria Garcia,Emergency Repair,0.6,57.0,Replaced burnt fuse block. Test run completed successfully.,Completed
DISP-12965,EQ-7427,C-1102,2023-02-03T00:00:00Z,Maria Garcia,Corrective Maintenance,0.7,84.0,Performed standard preventive check. Updated firmware to v4.2.1.,Completed
DISP-12966,EQ-5439,C-1368,06-14-2023,David Lee,Software Update,5.6,532.0,<strong>Emergency dispatch for over-temperature alarm. Cleaned heat exchanger.</strong>,completed
DISP-12967,EQ-6362,C-1482,2022-02-27T00:00:00Z,Mike Johnson,Warranty Replacement,7.7,924.0,<p>Calibrated inverter output. System operating within normal parameters.</p>,Completed
DISP-12968,EQ-7398,C-1279,06/16/2024,David Lee,Software Update,3.0,360.0,Calibrated inverter output. System operating within normal parameters.,Completed
DISP-12969,EQ-6246,C-1195,2021/08/07,   Jennifer Chen,Software Update,0.8,76.0,<html><body>Emergency dispatch for over-temperature alarm. Cleaned heat exchanger.</body></html>,COMPLETED
DISP-12970,EQ-5922,C-1241,2022/02/24,Patricia Davis,Software Update,9.9,1188.0,Emergency dispatch for over-temperature alarm. Cleaned heat exchanger.,In Progress
DISP-12971,EQ-7006,C-1477,2021-08-07,Mike Johnson,Installation,9.6,720.0,Replaced burnt fuse block. Test run completed successfully.,Pending
DISP-12972,EQ-5432,C-1140,2023/05/27,Mike Johnson,Warranty Replacement,3.9,292,Replaced faulty thermal sensor and verified system bus voltage.,completed
DISP-12973,EQ-5802,C-1206,07/10/2023,Mike Johnson,Software Update,2.1,157.5,Calibrated inverter output. System operating within normal parameters.,completed
DISP-12974,EQ-5830,C-1363,2023/10/08,James Wilson  ,Warranty Replacement,5.5,522.5,Performed standard preventive check. Updated firmware to v4.2.1.,completed
DISP-12975,EQ-6288,C-1120,03/04/2024,Maria Garcia,Warranty Replacement,6.6,990.0,Replaced faulty thermal sensor and verified system bus voltage.,completed
DISP-12976,EQ-7023,C-1379,2021-06-17T00:00:00Z,James Wilson,Corrective Maintenance,11.5,1092.5,Emergency dispatch for over-temperature alarm. Cleaned heat exchanger.,Completed
DISP-12977,EQ-5843,C-1494,2022-03-11T00:00:00Z,Michael Brown,Emergency Repair,8.6,645.0,Replaced burnt fuse block. Test run completed successfully.,completed
DISP-12978,EQ-5430,C-1289,2022-10-11,   Sarah Williams,Installation,11.9,1785.0,Emergency dispatch for over-temperature alarm. Cleaned heat exchanger.,Cancelled
DISP-12979,EQ-5087,C-1097,07-10-2022,Lisa Rodriguez,Preventive Maintenance,10.4,1560.0,Replaced burnt fuse block. Test run completed successfully.,In Progress
DISP-12980,EQ-5411,C-1328,2023/02/13,Jennifer Chen,Emergency Repair,10.6,1272,Replaced faulty thermal sensor and verified system bus voltage.,Cancelled
DISP-12981,EQ-7067,C-1072,2023-12-10,Robert Martinez,Emergency Repair,1.2,114.0,Performed standard preventive check. Updated firmware to v4.2.1.,Pending
DISP-12982,EQ-5658,C-1008,05/26/2024,Patricia Davis,Software Update,7.9,592.5,<strong>Emergency dispatch for over-temperature alarm. Cleaned heat exchanger.</strong>,completed
DISP-12983,EQ-7442,C-1016,07-20-2023,Mike Johnson,Diagnostic,4.9,367.5,Replaced faulty thermal sensor and verified system bus voltage.,In Progress
DISP-12984,EQ-6222,C-1319,05/15/2022,Carlos Sanchez,Corrective Maintenance,1.1,132.0,Replaced faulty thermal sensor and verified system bus voltage.,Completed
DISP-12985,EQ-5123,C-1235,2022/09/07,James Wilson,Emergency Repair,3.6,432.0,Calibrated inverter output. System operating within normal parameters.,In Progress
DISP-12986,EQ-6626,C-1064,06/29/2024,Robert Martinez,Diagnostic,5.2,780.0,Replaced faulty thermal sensor and verified system bus voltage.,COMPLETED
DISP-12987,EQ-6087,C-1258,01/08/2022,Sarah Williams,Warranty Replacement,3.3,247.5,Replaced faulty thermal sensor and verified system bus voltage.,Pending
DISP-12988,EQ-7409,C-1340,2022/01/21,Robert Martinez,Installation,9.6,1440.0,<div>Replaced burnt fuse block. Test run completed successfully.</div>,Cancelled
DISP-12989,EQ-6332,C-1506,2023-01-01,Carlos Sanchez,Emergency Repair,7.1,1065.0,Emergency dispatch for over-temperature alarm. Cleaned heat exchanger.,COMPLETED
DISP-12990,EQ-7450,C-1217,03/17/2022,Robert Martinez,Warranty Replacement,9.6,720.0,Calibrated inverter output. System operating within normal parameters.,Pending
DISP-12991,EQ-7037,C-1087,2023-03-13T00:00:00Z,Maria Garcia,Emergency Repair,11.2,840.0,Emergency dispatch for over-temperature alarm. Cleaned heat exchanger.,Cancelled
DISP-12992,EQ-7238,C-1034,07/09/2024,Maria Garcia,Warranty Replacement,9.4,705.0,Replaced faulty thermal sensor and verified system bus voltage.,COMPLETED
DISP-12993,EQ-5679,C-1090,07-16-2022,Michael Brown,Software Update,5.9,708.0,Replaced burnt fuse block. Test run completed successfully.,completed
DISP-12994,EQ-6175,C-1019,2022/04/30,Amanda Thompson,Emergency Repair,0.6,72.0,Calibrated inverter output. System operating within normal parameters.,Cancelled
DISP-12995,EQ-6992,C-1243,07-03-2024,James Wilson,Emergency Repair,9.4,1128.0,Replaced faulty thermal sensor and verified system bus voltage.,Pending
DISP-12996,EQ-6910,C-1395,01/16/2023,Sarah Williams,Software Update,10.9,817.5,Calibrated inverter output. System operating within normal parameters.,Pending
DISP-12997,EQ-5111,C-1418,2021-06-25,   Jennifer Chen,Preventive Maintenance,6.3,598.5,Emergency dispatch for over-temperature alarm. Cleaned heat exchanger.,Cancelled
DISP-12998,EQ-7230,C-1361,11-15-2021,James Wilson,Installation,8.5,807.5,Replaced faulty thermal sensor and verified system bus voltage.,Pending
DISP-12999,EQ-6071,C-1167,06/20/2022,David Lee,Installation,7.8,585,Calibrated inverter output. System operating within normal parameters.,In Progress
DISP-13000,EQ-6332,C-1506,2023/07/08,Maria Garcia,Software Update,6.7,502.5,Replaced burnt fuse block. Test run completed successfully.,Pending
DISP-13001,EQ-5714,C-1018,2022-01-09,Carlos Sanchez,Diagnostic,7.6,1140.0,Replaced burnt fuse block. Test run completed successfully.,Cancelled
DISP-13002,EQ-5627,C-1338,03-21-2024,Michael Brown,Diagnostic,7.0,525.0,Replaced burnt fuse block. Test run completed successfully.,Pending
DISP-13003,EQ-6134,C-1086,08/05/2021,  Jennifer Chen  ,Diagnostic,10.3,1545.0,Calibrated inverter output. System operating within normal parameters.,Completed
DISP-13004,EQ-7357,C-1363,2022-07-14T00:00:00Z,Amanda Thompson,Corrective Maintenance,2.6,390.0,Performed standard preventive check. Updated firmware to v4.2.1.,In Progress
DISP-13005,EQ-6567,C-1138,2023/10/09,Mike Johnson,Corrective Maintenance,10.3,772.5,Emergency dispatch for over-temperature alarm. Cleaned heat exchanger.,Pending
DISP-13006,EQ-5781,C-1449,07/13/2022,Lisa Rodriguez,Warranty Replacement,9.5,1140.0,Performed standard preventive check. Updated firmware to v4.2.1.,completed
DISP-13007,EQ-6964,C-1479,2022/04/16,Mike Johnson,Software Update,4.4,660.0,Emergency dispatch for over-temperature alarm. Cleaned heat exchanger.,Cancelled
DISP-13008,EQ-5368,C-1154,11/11/2021,Amanda Thompson,Emergency Repair,9.7,1455.0,Replaced burnt fuse block. Test run completed successfully.,Pending
DISP-13009,EQ-6936,C-1316,2021/07/09,Michael Brown,Emergency Repair,9.0,855.0,Replaced burnt fuse block. Test run completed successfully.,In Progress
DISP-13010,EQ-6865,C-1148,07-10-2021,Robert Martinez,Software Update,9.1,682.5,Performed standard preventive check. Updated firmware to v4.2.1.,Pending
DISP-13011,EQ-5446,C-1431,01/18/2024,   Maria Garcia,Warranty Replacement,4.8,456.0,Replaced faulty thermal sensor and verified system bus voltage.,COMPLETED
DISP-13012,EQ-5132,C-1126,2023-11-17T00:00:00Z,Amanda Thompson,Emergency Repair,3.5,525.0,Replaced burnt fuse block. Test run completed successfully.,completed
DISP-13013,EQ-5851,C-1130,2021-08-19T00:00:00Z,Jennifer Chen,Preventive Maintenance,2.5,237.5,Performed standard preventive check. Updated firmware to v4.2.1.,Completed
DISP-13014,EQ-6508,C-1094,11/17/2021,Mike Johnson,Warranty Replacement,10.2,1224.0,Performed standard preventive check. Updated firmware to v4.2.1.,In Progress
DISP-13015,EQ-5445,C-1262,2024/06/18,Sarah Williams,Emergency Repair,7.2,864.0,Replaced burnt fuse block. Test run completed successfully.,In Progress
DISP-13016,EQ-6537,C-1513,02/27/2023,Lisa Rodriguez,Preventive Maintenance,10.3,1545.0,<b>Emergency dispatch for over-temperature alarm. Cleaned heat exchanger.</b>,Completed
DISP-13017,EQ-5652,C-1456,12-27-2021,James Wilson,Emergency Repair,10.2,765,Performed standard preventive check. Updated firmware to v4.2.1.,completed
DISP-13018,EQ-5054,C-1287,03-21-2022,Amanda Thompson,Emergency Repair,0.5,47.5,Emergency dispatch for over-temperature alarm. Cleaned heat exchanger.,COMPLETED
DISP-13019,EQ-6417,C-1089,2022-12-09T00:00:00Z,Sarah Williams,Diagnostic,4.9,735.0,Emergency dispatch for over-temperature alarm. Cleaned heat exchanger.,Completed
DISP-13020,EQ-5295,C-1179,2023/09/01,Amanda Thompson,Corrective Maintenance,3.4,408.0,Replaced faulty thermal sensor and verified system bus voltage.,Cancelled
DISP-13021,EQ-5982,C-1487,10-02-2021,Jennifer Chen,Software Update,3.5,262.5,Calibrated inverter output. System operating within normal parameters.,Pending
DISP-13022,EQ-5777,C-1325,2024-04-21T00:00:00Z,David Lee,Warranty Replacement,6.7,636.5,Calibrated inverter output. System operating within normal parameters.,Pending
DISP-13023,EQ-6220,C-1473,2021-10-15T00:00:00Z,   Jennifer Chen,Preventive Maintenance,7.8,1170.0,Calibrated inverter output. System operating within normal parameters.,COMPLETED
DISP-13024,EQ-7006,C-1477,03/15/2022,Maria Garcia,Installation,8.7,652.5,Performed standard preventive check. Updated firmware to v4.2.1.,In Progress
DISP-13025,EQ-6729,C-1419,2024-07-29,Sarah Williams,Corrective Maintenance,6.3,472.5,Emergency dispatch for over-temperature alarm. Cleaned heat exchanger.,Completed
DISP-13026,EQ-5011,C-1472,11-22-2022,James   Wilson,Emergency Repair,3.2,240.0,Replaced burnt fuse block. Test run completed successfully.,Pending
DISP-13027,EQ-6653,C-1226,2021/12/27,Jennifer Chen,Emergency Repair,7.7,1155.0,Emergency dispatch for over-temperature alarm. Cleaned heat exchanger.,In Progress
DISP-13028,EQ-5188,C-1443,03/05/2024,Robert Martinez,Diagnostic,11.6,1102.0,Replaced burnt fuse block. Test run completed successfully.,completed
DISP-13029,EQ-7421,C-1031,2021/12/23,Mike Johnson,Emergency Repair,11.2,1680.0,Calibrated inverter output. System operating within normal parameters.,Cancelled
DISP-13030,EQ-7368,C-1218,04/15/2023,Robert Martinez,Diagnostic,7.1,674.5,Performed standard preventive check. Updated firmware to v4.2.1.,Completed
DISP-13031,EQ-6129,C-1097,04-18-2024,Amanda Thompson,Preventive Maintenance,2.8,336.0,Replaced burnt fuse block. Test run completed successfully.,In Progress
DISP-13032,EQ-5772,C-1204,01/28/2022,Jennifer Chen,Diagnostic,9.8,931.0,Calibrated inverter output. System operating within normal parameters.,Pending
DISP-13033,EQ-5324,C-1178,2022-09-06,Amanda Thompson  ,Installation,1.3,156.0,Replaced faulty thermal sensor and verified system bus voltage.,Completed
DISP-13034,EQ-6550,C-1364,11/13/2021,Robert Martinez,Warranty Replacement,10.9,1635.0,Calibrated inverter output. System operating within normal parameters.,completed
DISP-13035,EQ-5667,C-1479,07/23/2023,Michael Brown,Corrective Maintenance,4.0,380.0,Replaced burnt fuse block. Test run completed successfully.,Pending
DISP-13036,EQ-6418,C-1182,10-11-2023,Amanda Thompson,Preventive Maintenance,2.8,420.0,Emergency dispatch for over-temperature alarm. Cleaned heat exchanger.,In Progress
DISP-13037,EQ-6581,C-1379,11-19-2022,Michael Brown,Diagnostic,8.6,817.0,<div>Emergency dispatch for over-temperature alarm. Cleaned heat exchanger.</div>,completed
DISP-13038,EQ-5643,C-1506,04/28/2024,Amanda Thompson  ,Installation,0.8,76.0,Replaced burnt fuse block. Test run completed successfully.,In Progress
DISP-13039,EQ-5408,C-1318,12-01-2022,  Amanda Thompson  ,Corrective Maintenance,4.4,528.0,Performed standard preventive check. Updated firmware to v4.2.1.,Cancelled
DISP-13040,EQ-6944,C-1354,2023-01-13,Mike Johnson,Corrective Maintenance,6.3,USD 756.00,<strong>Emergency dispatch for over-temperature alarm. Cleaned heat exchanger.</strong>,Cancelled
DISP-13041,EQ-5711,C-1105,2023-04-18T00:00:00Z,Carlos Sanchez,Installation,6.9,1035.0,Calibrated inverter output. System operating within normal parameters.,In Progress
DISP-13042,EQ-6312,C-1422,05/16/2023,Amanda Thompson,Preventive Maintenance,8.8,1320.0,Emergency dispatch for over-temperature alarm. Cleaned heat exchanger.,completed
DISP-13043,EQ-5578,C-1326,2022-11-19,Patricia Davis,Installation,9.8,931.0,Replaced burnt fuse block. Test run completed successfully.,completed
DISP-13044,EQ-5306,C-1499,07/19/2024,Sarah Williams,Preventive Maintenance,2.4,180.0,Performed standard preventive check. Updated firmware to v4.2.1.,Cancelled
DISP-13045,EQ-7126,C-1280,07/12/2023,Carlos Sanchez,Warranty Replacement,196.8,23616.0,Performed standard preventive check. Updated firmware to v4.2.1.,COMPLETED
DISP-13046,EQ-7254,C-1415,05/14/2023,Lisa Rodriguez,Corrective Maintenance,0.8,76.0,Emergency dispatch for over-temperature alarm. Cleaned heat exchanger.,Completed
DISP-13047,EQ-6009,C-1451,2022-03-07T00:00:00Z,James Wilson,Emergency Repair,8.3,1245.0,<strong>Replaced burnt fuse block. Test run completed successfully.</strong>,Pending
DISP-13048,EQ-7343,C-1195,04/29/2024,James Wilson,Emergency Repair,0.5,USD 37.50,Replaced burnt fuse block. Test run completed successfully.,In Progress
DISP-13049,EQ-6028,C-1422,2021-09-21,Amanda Thompson,Software Update,8.5,807.5,Calibrated inverter output. System operating within normal parameters.,Pending
DISP-13050,EQ-6518,C-1059,2024-05-02,Michael Brown,Preventive Maintenance,8.5,637.5,Replaced burnt fuse block. Test run completed successfully.,Completed
DISP-13051,EQ-5428,C-1033,10/18/2023,Michael Brown,Installation,11.3,1356.0,Emergency dispatch for over-temperature alarm. Cleaned heat exchanger.,Cancelled
DISP-13052,EQ-6837,C-1456,03/09/2022,David Lee,Software Update,10.9,1035.5,<div>Performed standard preventive check. Updated firmware to v4.2.1.</div>,Cancelled
DISP-13053,EQ-5478,C-1149,02/21/2022,Amanda Thompson,Preventive Maintenance,4.8,456.0,Replaced burnt fuse block. Test run completed successfully.,Completed
DISP-13054,EQ-6083,C-1136,04/09/2022,James Wilson,Installation,3.6,270.0,Emergency dispatch for over-temperature alarm. Cleaned heat exchanger.,In Progress
DISP-13055,EQ-5984,C-1268,12/01/2022,Sarah Williams,Emergency Repair,3.8,456.0,Calibrated inverter output. System operating within normal parameters.,COMPLETED
DISP-13056,EQ-6615,C-1405,05/16/2023,  Patricia Davis  ,Emergency Repair,1.4,168.0,Performed standard preventive check. Updated firmware to v4.2.1.,Pending
DISP-13057,EQ-5352,C-1393,05/05/2024,Lisa Rodriguez,Warranty Replacement,3.0,360.0,Performed standard preventive check. Updated firmware to v4.2.1.,Cancelled
DISP-13058,EQ-6655,C-1260,10/17/2021,Sarah Williams,Software Update,8.1,769.5,Replaced burnt fuse block. Test run completed successfully.,COMPLETED
DISP-13059,EQ-6184,C-1124,08/26/2021,Amanda Thompson,Emergency Repair,3.2,384.0,<div>Replaced burnt fuse block. Test run completed successfully.</div>,Completed
DISP-13060,EQ-7383,C-1476,09/05/2022,Mike Johnson,Corrective Maintenance,9.2,690.0,Replaced burnt fuse block. Test run completed successfully.,COMPLETED
DISP-13061,EQ-5399,C-1163,2023-01-11,James   Wilson,Corrective Maintenance,6.5,975.0,Replaced burnt fuse block. Test run completed successfully.,completed
DISP-13062,EQ-7378,C-1369,05/04/2022,James Wilson,Corrective Maintenance,1.2,180.0,Performed standard preventive check. Updated firmware to v4.2.1.,Pending
DISP-13063,EQ-7181,C-1323,03-11-2023,Patricia Davis,Installation,6.8,1020.0,Calibrated inverter output. System operating within normal parameters.,Cancelled
DISP-13064,EQ-6196,C-1199,2023-07-22T00:00:00Z,Carlos Sanchez,Warranty Replacement,4.8,360.0,<p>Replaced burnt fuse block. Test run completed successfully.</p>,Cancelled
DISP-13065,EQ-6965,C-1420,2022-08-04T00:00:00Z,James Wilson,Software Update,3.1,$372.00,<html><body>Replaced faulty thermal sensor and verified system bus voltage.</body></html>,Pending
DISP-13066,EQ-5143,C-1493,09/29/2023,Michael Brown,Software Update,4.1,389.5,Emergency dispatch for over-temperature alarm. Cleaned heat exchanger.,Completed
DISP-13067,EQ-5357,C-1100,01-07-2023,Carlos Sanchez,Corrective Maintenance,7.5,562.5,Replaced burnt fuse block. Test run completed successfully.,Pending
DISP-13068,EQ-6222,C-1319,09/02/2023,Michael Brown,Preventive Maintenance,1.0,120.0,Calibrated inverter output. System operating within normal parameters.,Cancelled
DISP-13069,EQ-6672,C-1226,10-21-2023,Patricia Davis,Emergency Repair,7.1,852.0,Emergency dispatch for over-temperature alarm. Cleaned heat exchanger.,In Progress
DISP-13070,EQ-6503,C-1154,2024-04-04T00:00:00Z,Jennifer Chen,Installation,11.8,1121.0,Replaced faulty thermal sensor and verified system bus voltage.,Completed
DISP-13071,EQ-7007,C-1156,2022/01/01,James Wilson,Software Update,5.4,648.0,Calibrated inverter output. System operating within normal parameters.,Completed
DISP-13072,EQ-7298,C-1126,02/26/2023,Amanda Thompson,Emergency Repair,9.7,921.5,Replaced burnt fuse block. Test run completed successfully.,In Progress
DISP-13073,EQ-7366,C-1444,2021-11-18T00:00:00Z,Amanda Thompson,Warranty Replacement,2.6,247.0,Emergency dispatch for over-temperature alarm. Cleaned heat exchanger.,In Progress
DISP-13074,EQ-5918,C-1289,05/22/2023,Lisa Rodriguez,Installation,6.0,900.0,Calibrated inverter output. System operating within normal parameters.,completed
DISP-13075,EQ-5247,C-1072,2024/06/01,Sarah Williams,Installation,11.9,1785.0,<strong>Replaced burnt fuse block. Test run completed successfully.</strong>,Pending
DISP-13076,EQ-5275,C-1455,2024-02-10T00:00:00Z,Lisa Rodriguez,Software Update,4.3,322.5,Calibrated inverter output. System operating within normal parameters.,In Progress
DISP-13077,EQ-6613,C-1504,2022-03-06T00:00:00Z,Jennifer Chen,Corrective Maintenance,5.7,427.5,Replaced faulty thermal sensor and verified system bus voltage.,Completed
DISP-13078,EQ-7194,C-1350,2023-09-11,Sarah Williams,Software Update,2.2,330.0,Replaced burnt fuse block. Test run completed successfully.,COMPLETED
DISP-13079,EQ-7165,C-1443,2023-01-12T00:00:00Z,Carlos Sanchez,Warranty Replacement,2.5,187.5,<div>Calibrated inverter output. System operating within normal parameters.</div>,completed
DISP-13080,EQ-5450,C-1413,04-25-2022,Jennifer Chen,Preventive Maintenance,5.0,475.0,Replaced burnt fuse block. Test run completed successfully.,In Progress
DISP-13081,EQ-5506,C-1064,2022-08-18T00:00:00Z,Amanda Thompson,Corrective Maintenance,2.0,190.0,Performed standard preventive check. Updated firmware to v4.2.1.,COMPLETED
DISP-13082,EQ-5264,C-1465,07/11/2022,Amanda Thompson,Emergency Repair,6.3,598.5,Calibrated inverter output. System operating within normal parameters.,Cancelled
DISP-13083,EQ-7299,C-1458,2023-06-28T00:00:00Z,Maria Garcia,Emergency Repair,10.4,780.0,Emergency dispatch for over-temperature alarm. Cleaned heat exchanger.,Completed
DISP-13084,EQ-6767,C-1239,2024-03-02T00:00:00Z,Carlos Sanchez,Emergency Repair,2.4,228.0,Performed standard preventive check. Updated firmware to v4.2.1.,completed
DISP-13085,EQ-5250,C-1128,01/16/2022,Carlos Sanchez,Installation,11.9,1130.5,Calibrated inverter output. System operating within normal parameters.,Cancelled
DISP-13086,EQ-7088,C-1423,2023-08-12,Maria Garcia,Emergency Repair,3.0,450.0,Performed standard preventive check. Updated firmware to v4.2.1.,completed
DISP-13087,EQ-6312,C-1422,01-26-2022,Robert Martinez,Installation,4.2,504.0,Replaced faulty thermal sensor and verified system bus voltage.,COMPLETED
DISP-13088,EQ-5007,C-1446,06/15/2022,Carlos Sanchez,Emergency Repair,10.1,959.5,Emergency dispatch for over-temperature alarm. Cleaned heat exchanger.,In Progress
DISP-13089,EQ-6345,C-1331,2024/04/06,Carlos   Sanchez,Software Update,7.1,532.5,Replaced faulty thermal sensor and verified system bus voltage.,In Progress
DISP-13090,EQ-6731,C-1336,2021-10-27T00:00:00Z,Mike Johnson,Corrective Maintenance,5.9,560.5,Emergency dispatch for over-temperature alarm. Cleaned heat exchanger.,Completed
DISP-13091,EQ-5759,C-1343,2023/06/21,   Mike Johnson,Installation,3.6,270.0,Performed standard preventive check. Updated firmware to v4.2.1.,completed
DISP-13092,EQ-7170,C-1184,2023-10-24,Patricia Davis,Diagnostic,5.1,USD 765.00,Replaced burnt fuse block. Test run completed successfully.,Cancelled
DISP-13093,EQ-5837,C-1126,07/16/2023,Maria Garcia,Corrective Maintenance,1.8,171.0,Emergency dispatch for over-temperature alarm. Cleaned heat exchanger.,Pending
DISP-13094,EQ-5422,C-1145,02/05/2023,Sarah Williams,Corrective Maintenance,3.6,USD 432.00,Replaced burnt fuse block. Test run completed successfully.,completed
DISP-13095,EQ-7474,C-1390,11/23/2023,Jennifer Chen,Warranty Replacement,404.8,30360.0,Replaced faulty thermal sensor and verified system bus voltage.,Cancelled
DISP-13096,EQ-7361,C-1390,09/24/2021,Carlos Sanchez,Preventive Maintenance,4.3,516.0,<div>Replaced burnt fuse block. Test run completed successfully.</div>,In Progress
DISP-13097,EQ-7147,C-1401,04-17-2022,Jennifer Chen,Installation,4.4,$330.00,Calibrated inverter output. System operating within normal parameters.,Cancelled
DISP-13098,EQ-5983,C-1319,2022-06-12T00:00:00Z,Patricia Davis,Emergency Repair,11.6,1392.0,Performed standard preventive check. Updated firmware to v4.2.1.,COMPLETED
DISP-13099,EQ-6271,C-1242,2022/05/23,James Wilson,Preventive Maintenance,1.6,120.0,Emergency dispatch for over-temperature alarm. Cleaned heat exchanger.,completed
DISP-13100,EQ-6210,C-1516,2024-08-09T00:00:00Z,Maria Garcia,Corrective Maintenance,7.7,1155.0,Emergency dispatch for over-temperature alarm. Cleaned heat exchanger.,In Progress
DISP-13101,EQ-6477,C-1383,2024-06-24,Sarah Williams,Warranty Replacement,5.0,750.0,Performed standard preventive check. Updated firmware to v4.2.1.,Pending
DISP-13102,EQ-5095,C-1261,11/22/2021,David Lee,Software Update,4.5,337.5,Replaced faulty thermal sensor and verified system bus voltage.,completed
DISP-13103,EQ-7205,C-1041,2024-06-24,Robert Martinez,Warranty Replacement,1.4,210.0,<html>Performed standard preventive check. Updated firmware to v4.2.1.</html>,In Progress
DISP-13104,EQ-5954,C-1077,05/16/2024,Michael Brown,Software Update,2.8,210.0,Replaced burnt fuse block. Test run completed successfully.,Pending
DISP-13105,EQ-7417,C-1124,2022/02/27,Jennifer Chen,Warranty Replacement,10.1,1212.0,Replaced faulty thermal sensor and verified system bus voltage.,Pending
DISP-13106,EQ-6994,C-1114,06/17/2024,Sarah Williams,Installation,9.3,883.5,Performed standard preventive check. Updated firmware to v4.2.1.,Pending
DISP-13107,EQ-6565,C-1071,11/06/2022,Patricia Davis,Installation,4.6,437.0,Emergency dispatch for over-temperature alarm. Cleaned heat exchanger.,In Progress
DISP-13108,EQ-5216,C-1126,2021-06-24,Lisa Rodriguez,Emergency Repair,11.9,1130.5,Replaced burnt fuse block. Test run completed successfully.,completed
DISP-13109,EQ-5901,C-1036,04/08/2022,Maria Garcia,Software Update,2.4,180.0,Calibrated inverter output. System operating within normal parameters.,Completed
DISP-13110,EQ-5497,C-1391,08/25/2023,Patricia Davis,Emergency Repair,11.5,1380.0,Replaced faulty thermal sensor and verified system bus voltage.,Pending
DISP-13111,EQ-7156,C-1075,01-02-2023,Mike Johnson,Installation,7.3,693.5,Replaced burnt fuse block. Test run completed successfully.,Completed
DISP-13112,EQ-5118,C-1351,11-26-2023,Michael Brown,Emergency Repair,3.2,480.0,Performed standard preventive check. Updated firmware to v4.2.1.,Cancelled
DISP-13113,EQ-5092,C-1189,05/17/2024,,Diagnostic,11.7,1404.0,Replaced faulty thermal sensor and verified system bus voltage.,Completed
DISP-13114,EQ-5932,C-1446,01/03/2022,Patricia Davis,Installation,3.7,351.5,Replaced burnt fuse block. Test run completed successfully.,Completed
DISP-13115,EQ-5270,C-1236,2021-09-27,Sarah Williams,Software Update,5.0,475.0,Emergency dispatch for over-temperature alarm. Cleaned heat exchanger.,COMPLETED
DISP-13116,EQ-6677,C-1133,2023/12/31,Lisa Rodriguez,Installation,4.7,446.5,Performed standard preventive check. Updated firmware to v4.2.1.,Pending
DISP-13117,EQ-5818,C-1482,2024/08/06,Jennifer   Chen,Installation,251.3,30156.0,Replaced faulty thermal sensor and verified system bus voltage.,Completed
DISP-13118,EQ-7190,C-1273,2023-01-16T00:00:00Z,Maria Garcia,Diagnostic,0.7,66.5,Emergency dispatch for over-temperature alarm. Cleaned heat exchanger.,Completed
DISP-13119,EQ-6728,C-1178,07/22/2022,Sarah Williams,Software Update,5.4,513.0,Replaced faulty thermal sensor and verified system bus voltage.,completed
DISP-13120,EQ-7490,C-1092,2022-02-28,Mike Johnson,Preventive Maintenance,6.3,756.0,Replaced faulty thermal sensor and verified system bus voltage.,Pending
DISP-13121,EQ-5418,C-1059,2023-07-13T00:00:00Z,Sarah Williams,Warranty Replacement,6.1,$579.50,Performed standard preventive check. Updated firmware to v4.2.1.,completed
DISP-13122,EQ-5353,C-1263,03-13-2022,Carlos Sanchez,Warranty Replacement,1.6,120.0,Performed standard preventive check. Updated firmware to v4.2.1.,Completed
DISP-13123,EQ-7216,C-1373,06/16/2023,James Wilson,Preventive Maintenance,2.6,390.0,Calibrated inverter output. System operating within normal parameters.,COMPLETED
DISP-13124,EQ-99115,C-99615,2023/02/03,Patricia Davis,Software Update,0.6,45.0,Performed standard preventive check. Updated firmware to v4.2.1.,completed
DISP-13125,EQ-5999,C-1090,12-28-2023,Patricia Davis,Installation,2.9,217.5,Calibrated inverter output. System operating within normal parameters.,COMPLETED
DISP-13126,EQ-5465,C-1211,2023-01-25,Jennifer Chen,Diagnostic,5.1,382.5,Replaced burnt fuse block. Test run completed successfully.,Pending
DISP-13127,EQ-5717,C-1056,2021-06-15T00:00:00Z,David   Lee,Diagnostic,2.3,172.5,Performed standard preventive check. Updated firmware to v4.2.1.,Pending
DISP-13128,EQ-5983,C-1319,08-17-2021,David Lee,Preventive Maintenance,6.5,780.0,Performed standard preventive check. Updated firmware to v4.2.1.,In Progress
DISP-13129,EQ-6243,C-1242,2024-06-25,Mike Johnson,Emergency Repair,1.9,180.5,Performed standard preventive check. Updated firmware to v4.2.1.,In Progress
DISP-13130,EQ-6574,C-1022,05/30/2023,  Patricia Davis  ,Installation,4.9,USD 735.00,Replaced faulty thermal sensor and verified system bus voltage.,Cancelled
DISP-13131,EQ-5698,C-1058,2021-11-21,Maria Garcia,Diagnostic,11.4,1368.0,Performed standard preventive check. Updated firmware to v4.2.1.,Cancelled
DISP-13132,EQ-6049,C-1007,08-06-2021,Lisa Rodriguez,Corrective Maintenance,2.7,324.0,Emergency dispatch for over-temperature alarm. Cleaned heat exchanger.,Cancelled
DISP-13133,EQ-6314,C-1404,02/22/2023,Michael Brown,Corrective Maintenance,2.9,275.5,Replaced faulty thermal sensor and verified system bus voltage.,COMPLETED
DISP-13134,EQ-5754,C-1335,2024/03/20,   Michael Brown,Emergency Repair,3.1,294.5,Replaced burnt fuse block. Test run completed successfully.,completed
DISP-13135,EQ-6112,C-1212,03-10-2024,Amanda Thompson,Software Update,2.2,264.0,<div>Emergency dispatch for over-temperature alarm. Cleaned heat exchanger.</div>,In Progress
DISP-13136,EQ-5613,C-1242,2022/01/17,Sarah Williams  ,Diagnostic,1.2,90.0,Replaced burnt fuse block. Test run completed successfully.,COMPLETED
DISP-13137,EQ-6151,C-1140,12/15/2023,James Wilson,Warranty Replacement,236.7,35505.0,Emergency dispatch for over-temperature alarm. Cleaned heat exchanger.,Pending
DISP-13138,EQ-7178,C-1106,2023-12-09T00:00:00Z,Patricia Davis,Preventive Maintenance,10.7,1284.0,<div>Emergency dispatch for over-temperature alarm. Cleaned heat exchanger.</div>,Cancelled
DISP-13139,EQ-7326,C-1128,04/12/2022,James Wilson,Corrective Maintenance,5.1,612.0,<b>Performed standard preventive check. Updated firmware to v4.2.1.</b>,completed
DISP-13140,EQ-5842,C-1362,02/10/2022,,Preventive Maintenance,11.9,1428.0,Emergency dispatch for over-temperature alarm. Cleaned heat exchanger.,Completed
DISP-13141,EQ-5205,C-1021,05/28/2023,Michael Brown,Diagnostic,8.5,1275.0,Calibrated inverter output. System operating within normal parameters.,completed
DISP-13142,EQ-6765,C-1505,2023-03-06,Maria Garcia,Diagnostic,3.6,540.0,Emergency dispatch for over-temperature alarm. Cleaned heat exchanger.,Pending
DISP-13143,EQ-6925,C-1199,07-23-2021,James Wilson,Emergency Repair,11.3,847.5,Emergency dispatch for over-temperature alarm. Cleaned heat exchanger.,In Progress
DISP-13144,EQ-6533,C-1412,09-27-2023,Sarah Williams,Warranty Replacement,10.8,810.0,Performed standard preventive check. Updated firmware to v4.2.1.,Pending
DISP-13145,EQ-5800,C-1223,08-21-2022,Lisa Rodriguez,Emergency Repair,3.5,262.5,Calibrated inverter output. System operating within normal parameters.,In Progress
DISP-13146,EQ-6778,C-1230,06/19/2023,Maria Garcia,Corrective Maintenance,7.6,722.0,Performed standard preventive check. Updated firmware to v4.2.1.,Pending
DISP-13147,EQ-6307,C-1124,07/03/2024,Lisa Rodriguez,Diagnostic,4.9,367.5,Replaced burnt fuse block. Test run completed successfully.,COMPLETED
DISP-13148,EQ-6171,C-1263,2023/11/16,Robert Martinez,Software Update,7.9,1185.0,Performed standard preventive check. Updated firmware to v4.2.1.,In Progress
DISP-13149,EQ-5380,C-1417,03-09-2022,NULL,Diagnostic,11.5,1092.5,Replaced burnt fuse block. Test run completed successfully.,COMPLETED
DISP-13150,EQ-6968,C-1025,09/25/2023,Michael Brown,Emergency Repair,4.5,337.5,Replaced faulty thermal sensor and verified system bus voltage.,Pending
DISP-13151,EQ-5557,C-1504,2023/03/08,  James Wilson  ,Emergency Repair,2.4,360.0,<p>Performed standard preventive check. Updated firmware to v4.2.1.</p>,completed
DISP-13152,EQ-5491,C-1226,2022-11-20T00:00:00Z,Maria Garcia,Emergency Repair,5.8,435.0,<b>Replaced burnt fuse block. Test run completed successfully.</b>,COMPLETED
DISP-13153,EQ-7335,C-1239,2024-04-13T00:00:00Z,Sarah Williams,Preventive Maintenance,6.9,517.5,Performed standard preventive check. Updated firmware to v4.2.1.,Cancelled
DISP-13154,EQ-7339,C-1245,2023-04-28T00:00:00Z,Amanda Thompson,Corrective Maintenance,3.6,432.0,<div>Calibrated inverter output. System operating within normal parameters.</div>,Cancelled
DISP-13155,EQ-7067,C-1072,2022-12-31T00:00:00Z,David   Lee,Software Update,8.0,760.0,Calibrated inverter output. System operating within normal parameters.,COMPLETED
DISP-13156,EQ-5434,C-1333,2023-03-30,Sarah Williams,Warranty Replacement,8.5,807.5,Emergency dispatch for over-temperature alarm. Cleaned heat exchanger.,Pending
DISP-13157,EQ-6308,C-1373,2024/05/15,Maria Garcia,Software Update,6.0,900.0,Replaced burnt fuse block. Test run completed successfully.,In Progress
DISP-13158,EQ-5503,C-1497,05/06/2023,David Lee,Installation,8.9,667.5,Replaced burnt fuse block. Test run completed successfully.,Pending
DISP-13159,EQ-6320,C-1513,12/08/2021,Carlos Sanchez,Emergency Repair,9.7,727.5,Replaced burnt fuse block. Test run completed successfully.,Pending
DISP-13160,EQ-7424,C-1466,02/24/2024,Jennifer Chen,Emergency Repair,4.6,437.0,Emergency dispatch for over-temperature alarm. Cleaned heat exchanger.,Completed
DISP-13161,EQ-5285,C-1487,2023-01-15,Carlos Sanchez,Installation,4.8,576.0,Calibrated inverter output. System operating within normal parameters.,COMPLETED
DISP-13162,EQ-5684,C-1132,2021-10-02,   ,Preventive Maintenance,1.8,135.0,<html><body>Performed standard preventive check. Updated firmware to v4.2.1.</body></html>,Completed
DISP-13163,EQ-5931,C-1301,2023-01-11T00:00:00Z,David Lee,Corrective Maintenance,1.5,142.5,Emergency dispatch for over-temperature alarm. Cleaned heat exchanger.,completed
DISP-13164,EQ-5683,C-1120,2022/08/01,Patricia Davis,Installation,8.9,845.5,Performed standard preventive check. Updated firmware to v4.2.1.,completed
DISP-13165,EQ-6617,C-1116,2024/02/11,Amanda Thompson,Preventive Maintenance,10.7,1016.5,Performed standard preventive check. Updated firmware to v4.2.1.,Cancelled
DISP-13166,EQ-6927,C-1018,2021-12-22T00:00:00Z,Mike Johnson,Warranty Replacement,2.6,247.0,Replaced faulty thermal sensor and verified system bus voltage.,In Progress
DISP-13167,EQ-5073,C-1516,10-07-2021,Amanda Thompson,Emergency Repair,1.7,204.0,<html>Emergency dispatch for over-temperature alarm. Cleaned heat exchanger.</html>,COMPLETED
DISP-13168,EQ-5701,C-1411,12/11/2021,Maria Garcia,Diagnostic,8.8,660.0,Replaced burnt fuse block. Test run completed successfully.,completed
DISP-13169,EQ-5417,C-1303,2023-06-02,  Jennifer Chen  ,Emergency Repair,4.5,675.0,Performed standard preventive check. Updated firmware to v4.2.1.,COMPLETED
DISP-13170,EQ-6333,C-1495,2021/09/28,Michael Brown,Installation,1.2,114.0,<html>Calibrated inverter output. System operating within normal parameters.</html>,Completed
DISP-13171,EQ-5247,C-1072,2022-10-29,Lisa Rodriguez,Emergency Repair,6.9,517.5,Emergency dispatch for over-temperature alarm. Cleaned heat exchanger.,Pending
DISP-13172,EQ-5325,C-1198,02-25-2022,   ,Warranty Replacement,6.1,915.0,Emergency dispatch for over-temperature alarm. Cleaned heat exchanger.,Completed
DISP-13173,EQ-5637,C-1073,07/03/2022,Carlos Sanchez,Installation,5.1,765.0,Performed standard preventive check. Updated firmware to v4.2.1.,Completed
DISP-13174,EQ-6757,C-1387,06/30/2024,Robert Martinez,Emergency Repair,4.9,465.5,<p>Performed standard preventive check. Updated firmware to v4.2.1.</p>,completed
DISP-13175,EQ-5560,C-1125,09/09/2022,James Wilson,Software Update,7.0,1050.0,Calibrated inverter output. System operating within normal parameters.,completed
DISP-13176,EQ-6789,C-1142,07/20/2023,Mike Johnson,Warranty Replacement,5.7,541.5,Replaced burnt fuse block. Test run completed successfully.,COMPLETED
DISP-13177,EQ-6917,C-1154,09/20/2021,NULL,Diagnostic,9.5,1140.0,Performed standard preventive check. Updated firmware to v4.2.1.,Cancelled
DISP-13178,EQ-5938,C-1034,2022/07/18,Michael Brown,Warranty Replacement,11.1,832.5,Emergency dispatch for over-temperature alarm. Cleaned heat exchanger.,Pending
DISP-13179,EQ-7093,C-1058,2023-02-20,James Wilson,Warranty Replacement,5.9,885.0,Performed standard preventive check. Updated firmware to v4.2.1.,In Progress
DISP-13180,EQ-6045,C-1330,2023-10-02T00:00:00Z,Michael Brown,Preventive Maintenance,2.1,157.5,Calibrated inverter output. System operating within normal parameters.,Pending
DISP-13181,EQ-6072,C-1499,2021-11-27T00:00:00Z,Carlos Sanchez,Software Update,0.6,90.0,Emergency dispatch for over-temperature alarm. Cleaned heat exchanger.,Completed
DISP-13182,EQ-5278,C-1305,02/17/2024,Patricia Davis,Warranty Replacement,11.1,1054.5,Replaced burnt fuse block. Test run completed successfully.,Cancelled
DISP-13183,EQ-6244,C-1260,10-05-2021,Jennifer Chen,Installation,6.4,480.0,Performed standard preventive check. Updated firmware to v4.2.1.,Completed
DISP-13184,EQ-5250,C-1128,04/15/2024,David Lee,Installation,6.7,636.5,Performed standard preventive check. Updated firmware to v4.2.1.,COMPLETED
DISP-13185,EQ-5397,C-1385,2023-11-23,Lisa Rodriguez,Software Update,0.6,90.0,Emergency dispatch for over-temperature alarm. Cleaned heat exchanger.,completed
DISP-13186,EQ-6077,C-1471,2024/08/05,Amanda Thompson,Preventive Maintenance,11.2,1064.0,Emergency dispatch for over-temperature alarm. Cleaned heat exchanger.,Pending
DISP-13187,EQ-5544,C-1430,2022-01-03,James Wilson,Preventive Maintenance,5.9,885.0,Performed standard preventive check. Updated firmware to v4.2.1.,COMPLETED
DISP-13188,EQ-7354,C-1260,2023-06-04T00:00:00Z,Robert Martinez,Software Update,4.5,427,Replaced burnt fuse block. Test run completed successfully.,COMPLETED
DISP-13189,EQ-7344,C-1003,2023-05-29T00:00:00Z,Carlos Sanchez,Warranty Replacement,10.6,1272.0,<html>Replaced burnt fuse block. Test run completed successfully.</html>,Completed
DISP-13190,EQ-6875,C-1354,2021-08-22T00:00:00Z,Mike Johnson,Preventive Maintenance,3.6,432.0,Calibrated inverter output. System operating within normal parameters.,Cancelled
DISP-13191,EQ-5306,C-1499,10/30/2021,Lisa Rodriguez,Software Update,1.1,165.0,Performed standard preventive check. Updated firmware to v4.2.1.,COMPLETED
DISP-13192,EQ-6122,C-1093,2024/05/21,Sarah Williams,Software Update,1.9,$180.50,Performed standard preventive check. Updated firmware to v4.2.1.,Completed
DISP-13193,EQ-5415,C-1335,2024-04-28T00:00:00Z,Maria Garcia,Emergency Repair,1.6,152.0,Performed standard preventive check. Updated firmware to v4.2.1.,In Progress
DISP-13194,EQ-5051,C-1363,2022-03-10,David Lee,Corrective Maintenance,0.6,USD 72.00,Emergency dispatch for over-temperature alarm. Cleaned heat exchanger.,Completed
DISP-13195,EQ-6832,C-1487,07/13/2024,Sarah Williams,Corrective Maintenance,11.5,1725.0,Performed standard preventive check. Updated firmware to v4.2.1.,completed
DISP-13196,EQ-6824,C-1313,09/26/2023,Lisa Rodriguez,Diagnostic,4.5,337.5,Performed standard preventive check. Updated firmware to v4.2.1.,Completed
DISP-13197,EQ-6493,C-1289,2023-12-10T00:00:00Z,James Wilson,Preventive Maintenance,2.6,390.0,Replaced burnt fuse block. Test run completed successfully.,completed
DISP-13198,EQ-7416,C-1100,2023/03/30,Michael Brown,Diagnostic,10.8,1620.0,Emergency dispatch for over-temperature alarm. Cleaned heat exchanger.,In Progress
DISP-13199,EQ-6918,C-1098,2022-05-19,Maria Garcia,Software Update,3.5,332.5,Calibrated inverter output. System operating within normal parameters.,completed
DISP-13200,EQ-6318,C-1511,2023/10/18,Amanda Thompson,Software Update,5.2,494.0,Replaced faulty thermal sensor and verified system bus voltage.,COMPLETED
DISP-13201,EQ-7287,C-1236,2021/10/02,Robert Martinez,Diagnostic,4.7,705.0,Replaced faulty thermal sensor and verified system bus voltage.,Cancelled
DISP-13202,EQ-5473,C-1173,11/14/2022,Lisa Rodriguez,Installation,0.9,67.5,Emergency dispatch for over-temperature alarm. Cleaned heat exchanger.,Cancelled
DISP-13203,EQ-6147,C-1485,2022/02/07,James   Wilson,Diagnostic,8.2,1230.0,Performed standard preventive check. Updated firmware to v4.2.1.,Completed
DISP-13204,EQ-5939,C-1307,2023/10/20,Mike Johnson,Emergency Repair,5.4,810.0,Performed standard preventive check. Updated firmware to v4.2.1.,In Progress
DISP-13205,EQ-5460,C-1448,2021-08-12,Mike Johnson,Diagnostic,1.2,180.0,Replaced faulty thermal sensor and verified system bus voltage.,completed
DISP-13206,EQ-6673,C-1488,2023/11/10,Carlos Sanchez,Emergency Repair,9.5,1425.0,Replaced burnt fuse block. Test run completed successfully.,completed
DISP-13207,EQ-6869,C-1509,2022-07-18T00:00:00Z,James Wilson,Preventive Maintenance,218.5,20757.5,Replaced burnt fuse block. Test run completed successfully.,completed
DISP-13208,EQ-5099,C-1300,05-22-2023,James Wilson,Corrective Maintenance,2.9,217.5,Replaced burnt fuse block. Test run completed successfully.,In Progress
DISP-13209,EQ-6197,C-1028,2022-08-20T00:00:00Z,Maria Garcia,Warranty Replacement,8.4,1260.0,Replaced faulty thermal sensor and verified system bus voltage.,COMPLETED
DISP-13210,EQ-6463,C-1054,2023-09-02,Michael Brown,Corrective Maintenance,11.8,1416.0,Replaced faulty thermal sensor and verified system bus voltage.,In Progress
DISP-13211,EQ-6950,C-1369,02-03-2024,NULL,Corrective Maintenance,6.6,990.0,Replaced burnt fuse block. Test run completed successfully.,Completed
DISP-13212,EQ-7327,C-1428,2022-09-26,Maria Garcia,Warranty Replacement,4.2,315.0,<html>Replaced burnt fuse block. Test run completed successfully.</html>,COMPLETED
DISP-13213,EQ-6806,C-1410,10-11-2022,   Jennifer Chen,Emergency Repair,5.2,624.0,Replaced burnt fuse block. Test run completed successfully.,COMPLETED
DISP-13214,EQ-6926,C-1090,04-18-2023,James Wilson,Installation,2.8,210.0,Calibrated inverter output. System operating within normal parameters.,Cancelled
DISP-13215,EQ-5518,C-1131,2024-05-27,Robert Martinez,Corrective Maintenance,3.9,292.5,Calibrated inverter output. System operating within normal parameters.,Cancelled
DISP-13216,EQ-7485,C-1301,2023/01/03,James Wilson,Installation,4.6,690.0,Replaced faulty thermal sensor and verified system bus voltage.,In Progress
DISP-13217,EQ-6012,C-1069,2024-05-05T00:00:00Z,Carlos Sanchez,Warranty Replacement,10.9,817.5,Emergency dispatch for over-temperature alarm. Cleaned heat exchanger.,COMPLETED
DISP-13218,EQ-6045,C-1330,2021-12-22T00:00:00Z,Robert Martinez,Warranty Replacement,11.9,892.5,Calibrated inverter output. System operating within normal parameters.,Completed
DISP-13219,EQ-5045,C-1085,2023-10-17,David Lee,Diagnostic,7.8,$741.00,Replaced faulty thermal sensor and verified system bus voltage.,In Progress
DISP-13220,EQ-5625,C-1140,09-05-2021,David Lee,Preventive Maintenance,10.8,810.0,Performed standard preventive check. Updated firmware to v4.2.1.,Completed
DISP-13221,EQ-5508,C-1001,2021-12-30,Carlos Sanchez,Diagnostic,1.4,105.0,Calibrated inverter output. System operating within normal parameters.,COMPLETED
DISP-13222,EQ-7253,C-1348,2022/10/12,   Sarah Williams,Installation,7.1,852.0,Performed standard preventive check. Updated firmware to v4.2.1.,Cancelled
DISP-13223,EQ-7023,C-1379,04/17/2023,David Lee,Corrective Maintenance,3.4,323.0,Performed standard preventive check. Updated firmware to v4.2.1.,Cancelled
DISP-13224,EQ-6076,C-1367,07-25-2022,David Lee,Diagnostic,5.0,475.0,Replaced burnt fuse block. Test run completed successfully.,COMPLETED
DISP-13225,EQ-5877,C-1079,2022-05-10,Amanda Thompson,Emergency Repair,10.5,787.5,Replaced burnt fuse block. Test run completed successfully.,Pending
DISP-13226,EQ-7289,C-1169,02-18-2023,Lisa Rodriguez,Emergency Repair,11.1,1054.5,<div>Calibrated inverter output. System operating within normal parameters.</div>,completed
DISP-13227,EQ-6106,C-1364,10/06/2022,Robert Martinez,Software Update,3.5,525.0,Replaced faulty thermal sensor and verified system bus voltage.,Completed
DISP-13228,EQ-6764,C-1303,08/25/2021,Carlos Sanchez,Warranty Replacement,10.6,1590.0,Performed standard preventive check. Updated firmware to v4.2.1.,Completed
DISP-13229,EQ-5829,C-1394,2022-04-08T00:00:00Z,Mike Johnson,Warranty Replacement,11.0,1650.0,Replaced faulty thermal sensor and verified system bus voltage.,COMPLETED
DISP-13230,EQ-5335,C-1250,2024-05-29T00:00:00Z,Carlos Sanchez,Preventive Maintenance,4.5,337.5,Emergency dispatch for over-temperature alarm. Cleaned heat exchanger.,COMPLETED
DISP-13231,EQ-6710,C-1403,10/29/2023,Maria Garcia,Software Update,9.9,1188.0,Calibrated inverter output. System operating within normal parameters.,Cancelled
DISP-13232,EQ-7421,C-1031,2024-04-15,Mike Johnson,Installation,11.4,1710.0,Emergency dispatch for over-temperature alarm. Cleaned heat exchanger.,In Progress
DISP-13233,EQ-7487,C-1190,04/12/2023,Jennifer Chen,Software Update,5.6,840.0,Replaced faulty thermal sensor and verified system bus voltage.,completed
DISP-13234,EQ-5470,C-1343,02-23-2024,James   Wilson,Installation,11.4,USD 1710.00,Calibrated inverter output. System operating within normal parameters.,COMPLETED
DISP-13235,EQ-5945,C-1247,05/20/2023,   Mike Johnson,Software Update,6.7,636.5,Calibrated inverter output. System operating within normal parameters.,Cancelled
DISP-13236,EQ-5034,C-1073,2022-08-13T00:00:00Z,,Preventive Maintenance,2.4,288.0,Emergency dispatch for over-temperature alarm. Cleaned heat exchanger.,Pending
DISP-13237,EQ-5855,C-1016,12/04/2023,Patricia   Davis,Software Update,6.9,517.5,Emergency dispatch for over-temperature alarm. Cleaned heat exchanger.,Completed
DISP-13238,EQ-6482,C-1468,07/18/2022,Sarah Williams,Software Update,7.5,1125.0,Replaced faulty thermal sensor and verified system bus voltage.,Cancelled
DISP-13239,EQ-6938,C-1365,2021-11-21T00:00:00Z,David Lee,Corrective Maintenance,2.9,348.0,Performed standard preventive check. Updated firmware to v4.2.1.,Cancelled
DISP-13240,EQ-99338,C-99300,07/27/2022,Jennifer Chen,Warranty Replacement,4.6,552.0,Emergency dispatch for over-temperature alarm. Cleaned heat exchanger.,In Progress
DISP-13241,EQ-5434,C-1333,2022-01-07,James Wilson,Warranty Replacement,11.0,1320.0,Performed standard preventive check. Updated firmware to v4.2.1.,COMPLETED
DISP-13242,EQ-5903,C-1420,2022/12/04,Michael Brown,Warranty Replacement,6.7,1005,Calibrated inverter output. System operating within normal parameters.,Pending
DISP-13243,EQ-7247,C-1226,12/02/2022,Jennifer Chen,Diagnostic,4.9,465.5,<b>Replaced faulty thermal sensor and verified system bus voltage.</b>,In Progress
DISP-13244,EQ-6952,C-1492,2024-04-28,Robert Martinez,Installation,11.5,1725.0,Replaced faulty thermal sensor and verified system bus voltage.,completed
DISP-13245,EQ-5904,C-1332,2024/02/17,James Wilson,Warranty Replacement,1.5,180.0,Replaced burnt fuse block. Test run completed successfully.,completed
DISP-13246,EQ-6575,C-1009,2024/03/18,Carlos Sanchez,Software Update,4.9,465.5,Calibrated inverter output. System operating within normal parameters.,Pending
DISP-13247,EQ-5905,C-1180,11/19/2023,Lisa Rodriguez,Software Update,4.7,352.5,Calibrated inverter output. System operating within normal parameters.,completed
DISP-13248,EQ-5662,C-1420,12/19/2021,Jennifer Chen,Preventive Maintenance,10.1,959.5,Replaced burnt fuse block. Test run completed successfully.,In Progress
DISP-13249,EQ-6687,C-1041,01-10-2024,Michael Brown,Warranty Replacement,11.9,892.5,<html>Calibrated inverter output. System operating within normal parameters.</html>,Completed
DISP-13250,EQ-5398,C-1122,02-07-2022,David Lee,Installation,4.0,$480.00,<html>Calibrated inverter output. System operating within normal parameters.</html>,In Progress
DISP-13251,EQ-5894,C-1231,11-26-2023,Lisa Rodriguez,Installation,3.6,540.0,Emergency dispatch for over-temperature alarm. Cleaned heat exchanger.,In Progress
DISP-13252,EQ-5936,C-1090,04/17/2022,Sarah Williams,Emergency Repair,11.4,1710.0,Emergency dispatch for over-temperature alarm. Cleaned heat exchanger.,completed
DISP-13253,EQ-6845,C-1168,07-23-2024,Michael Brown,Preventive Maintenance,9.7,1164.0,Emergency dispatch for over-temperature alarm. Cleaned heat exchanger.,Completed
DISP-13254,EQ-6951,C-1126,05/04/2024,Lisa Rodriguez,Emergency Repair,4.9,735.0,<p>Emergency dispatch for over-temperature alarm. Cleaned heat exchanger.</p>,Cancelled
DISP-13255,EQ-5272,C-1485,2024-01-04,  David Lee  ,Warranty Replacement,5.8,551.0,Replaced burnt fuse block. Test run completed successfully.,completed
DISP-13256,EQ-6398,C-1325,01/18/2022,Michael Brown,Emergency Repair,6.9,1035.0,<html>Emergency dispatch for over-temperature alarm. Cleaned heat exchanger.</html>,Pending
DISP-13257,EQ-5278,C-1305,2023/05/27,Patricia Davis,Corrective Maintenance,8.3,996.0,Replaced faulty thermal sensor and verified system bus voltage.,completed
DISP-13258,EQ-5914,C-1323,2023/12/25,   Michael Brown,Emergency Repair,9.7,1455.0,<strong>Performed standard preventive check. Updated firmware to v4.2.1.</strong>,Completed
DISP-13259,EQ-6668,C-1328,2023/10/13,Jennifer Chen,Installation,9.2,874.0,Calibrated inverter output. System operating within normal parameters.,In Progress
DISP-13260,EQ-6727,C-1253,03/01/2022,Sarah Williams,Corrective Maintenance,11.3,1356.0,Calibrated inverter output. System operating within normal parameters.,Completed
DISP-13261,EQ-5800,C-1223,2023-04-24T00:00:00Z,Maria Garcia,Diagnostic,9.2,690.0,Replaced faulty thermal sensor and verified system bus voltage.,COMPLETED
DISP-13262,EQ-6824,C-1313,2022/03/27,James   Wilson,Warranty Replacement,2.9,348.0,Performed standard preventive check. Updated firmware to v4.2.1.,In Progress
DISP-13263,EQ-7392,C-1395,07/09/2024,Jennifer Chen,Installation,2.0,300.0,Performed standard preventive check. Updated firmware to v4.2.1.,Cancelled
DISP-13264,EQ-7425,C-1305,2021/10/27,Carlos   Sanchez,Diagnostic,6.0,900.0,Replaced faulty thermal sensor and verified system bus voltage.,completed
DISP-13265,EQ-5972,C-1265,06/16/2022,Carlos Sanchez,Warranty Replacement,2.9,275.5,Performed standard preventive check. Updated firmware to v4.2.1.,Completed
DISP-13266,EQ-7491,C-1035,03/15/2024,Patricia Davis,Installation,5.5,412.5,Emergency dispatch for over-temperature alarm. Cleaned heat exchanger.,completed
DISP-13267,EQ-6209,C-1136,2023-07-14,Maria Garcia,Installation,10.8,1026.0,Performed standard preventive check. Updated firmware to v4.2.1.,Cancelled
DISP-13268,EQ-5089,C-1005,08/06/2024,   Mike Johnson,Corrective Maintenance,3.0,225.0,Performed standard preventive check. Updated firmware to v4.2.1.,In Progress
DISP-13269,EQ-5820,C-1096,12-06-2023,Amanda   Thompson,Warranty Replacement,10.7,USD 1284.00,Replaced burnt fuse block. Test run completed successfully.,Pending
DISP-13270,EQ-5406,C-1022,2024/04/18,Robert Martinez,Emergency Repair,3.1,465.0,Replaced faulty thermal sensor and verified system bus voltage.,In Progress
DISP-13271,EQ-6173,C-1325,11-26-2023,Amanda Thompson,Software Update,5.5,825.0,Replaced faulty thermal sensor and verified system bus voltage.,COMPLETED
DISP-13272,EQ-6476,C-1056,2024/03/04,James Wilson,Warranty Replacement,4.5,337.5,Replaced burnt fuse block. Test run completed successfully.,In Progress
DISP-13273,EQ-6197,C-1028,02/22/2024,Carlos Sanchez,Preventive Maintenance,7.9,750.5,Emergency dispatch for over-temperature alarm. Cleaned heat exchanger.,In Progress
DISP-13274,EQ-6759,C-1012,2024-06-19,Sarah Williams,Preventive Maintenance,10.4,1560.0,Emergency dispatch for over-temperature alarm. Cleaned heat exchanger.,COMPLETED
DISP-13275,EQ-5255,C-1142,07/02/2024,   Mike Johnson,Corrective Maintenance,5.4,648.0,Replaced faulty thermal sensor and verified system bus voltage.,completed
DISP-13276,EQ-6384,C-1466,2023/11/28,Carlos Sanchez,Corrective Maintenance,5.0,375.0,Performed standard preventive check. Updated firmware to v4.2.1.,completed
DISP-13277,EQ-7453,C-1287,2021-07-03T00:00:00Z,Patricia Davis,Installation,1.2,144.0,Replaced burnt fuse block. Test run completed successfully.,completed
DISP-13278,EQ-5931,C-1301,2023-04-05,Lisa Rodriguez,Diagnostic,4.9,735.0,Calibrated inverter output. System operating within normal parameters.,Cancelled
DISP-13279,EQ-7405,C-1253,10-21-2021,Maria Garcia,Preventive Maintenance,5.8,696.0,Replaced faulty thermal sensor and verified system bus voltage.,Pending
DISP-13280,EQ-5151,C-1242,05/12/2024,Patricia Davis,Preventive Maintenance,1.0,75.0,Replaced burnt fuse block. Test run completed successfully.,COMPLETED
DISP-13281,EQ-5989,C-1070,2022-08-29,Robert Martinez,Emergency Repair,1.5,225.0,Emergency dispatch for over-temperature alarm. Cleaned heat exchanger.,completed
DISP-13282,EQ-6949,C-1436,02-26-2024,Lisa Rodriguez,Warranty Replacement,2.7,202.5,Replaced burnt fuse block. Test run completed successfully.,Cancelled
DISP-13283,EQ-6070,C-1207,03/05/2024,Carlos Sanchez,Diagnostic,7.5,712.5,Performed standard preventive check. Updated firmware to v4.2.1.,Pending
DISP-13284,EQ-6926,C-1090,2022-11-04,Lisa Rodriguez,Diagnostic,1.2,180.0,Calibrated inverter output. System operating within normal parameters.,COMPLETED
DISP-13285,EQ-5239,C-1265,03-03-2022,Sarah Williams,Software Update,8.2,615.0,Emergency dispatch for over-temperature alarm. Cleaned heat exchanger.,In Progress
DISP-13286,EQ-6616,C-1374,2022/04/29,   Sarah Williams,Warranty Replacement,8.0,600.0,Replaced burnt fuse block. Test run completed successfully.,COMPLETED
DISP-13287,EQ-7155,C-1050,2024/07/09,Michael Brown,Emergency Repair,11.2,1344.0,Emergency dispatch for over-temperature alarm. Cleaned heat exchanger.,In Progress
DISP-13288,EQ-7105,C-1421,07/22/2024,Lisa Rodriguez,Preventive Maintenance,6.3,945.0,<html><body>Calibrated inverter output. System operating within normal parameters.</body></html>,COMPLETED
DISP-13289,EQ-6238,C-1041,12/10/2021,David Lee,Preventive Maintenance,6.7,636.5,Calibrated inverter output. System operating within normal parameters.,COMPLETED
DISP-13290,EQ-6501,C-1074,2021-08-13,Amanda Thompson,Warranty Replacement,2.8,336.0,Emergency dispatch for over-temperature alarm. Cleaned heat exchanger.,Cancelled
DISP-13291,EQ-6377,C-1137,03-08-2023,Amanda Thompson,Preventive Maintenance,8.6,1032.0,<strong>Performed standard preventive check. Updated firmware to v4.2.1.</strong>,In Progress
DISP-13292,EQ-5710,C-1311,06/17/2022,Lisa Rodriguez,Installation,1.1,104.5,Emergency dispatch for over-temperature alarm. Cleaned heat exchanger.,In Progress
DISP-13293,EQ-7415,C-1029,2024/05/31,Sarah Williams,Installation,8.9,845.5,Replaced burnt fuse block. Test run completed successfully.,In Progress
DISP-13294,EQ-5692,C-1191,2021-10-26,Robert Martinez,Warranty Replacement,3.5,332,Performed standard preventive check. Updated firmware to v4.2.1.,Completed
DISP-13295,EQ-6105,C-1442,06-14-2021,Lisa Rodriguez,Corrective Maintenance,7.7,924.0,Emergency dispatch for over-temperature alarm. Cleaned heat exchanger.,Pending
DISP-13296,EQ-6757,C-1387,2022-12-14T00:00:00Z,Patricia Davis,Installation,6.1,915.0,<strong>Emergency dispatch for over-temperature alarm. Cleaned heat exchanger.</strong>,Pending
DISP-13297,EQ-6097,C-1418,02/02/2023,James Wilson,Preventive Maintenance,10.5,USD 787.50,Emergency dispatch for over-temperature alarm. Cleaned heat exchanger.,Cancelled
DISP-13298,EQ-6626,C-1064,04-03-2024,Maria Garcia,Corrective Maintenance,1.0,95.0,Calibrated inverter output. System operating within normal parameters.,In Progress
DISP-13299,EQ-5260,C-1376,2022-07-14T00:00:00Z,Amanda Thompson,Installation,10.2,765.0,Replaced burnt fuse block. Test run completed successfully.,Cancelled
DISP-13300,EQ-6997,C-1154,02/03/2024,Robert Martinez,Installation,9.1,1365.0,Performed standard preventive check. Updated firmware to v4.2.1.,In Progress
DISP-13301,EQ-5278,C-1305,12/08/2023,Patricia Davis,Emergency Repair,11.8,1416.0,Replaced burnt fuse block. Test run completed successfully.,In Progress
DISP-13302,EQ-5255,C-1142,09/09/2021,David Lee,Diagnostic,10.0,950.0,Performed standard preventive check. Updated firmware to v4.2.1.,Cancelled
DISP-13303,EQ-6780,C-1301,07-09-2024,Mike Johnson,Corrective Maintenance,3.2,384.0,<p>Calibrated inverter output. System operating within normal parameters.</p>,In Progress
DISP-13304,EQ-5484,C-1135,02-15-2024,James Wilson,Software Update,11.0,1650.0,Replaced burnt fuse block. Test run completed successfully.,completed
DISP-13305,EQ-5659,C-1509,12-25-2022,   ,Preventive Maintenance,3.9,468.0,Replaced burnt fuse block. Test run completed successfully.,completed
DISP-13306,EQ-6479,C-1053,2022-10-23T00:00:00Z,Patricia Davis,Corrective Maintenance,10.8,1296.0,Performed standard preventive check. Updated firmware to v4.2.1.,Pending
DISP-13307,EQ-5018,C-1052,2023-02-06T00:00:00Z,Lisa Rodriguez,Warranty Replacement,8.2,984.0,Replaced faulty thermal sensor and verified system bus voltage.,completed
DISP-13308,EQ-6925,C-1199,03-07-2024,Carlos Sanchez,Preventive Maintenance,9.4,1128.0,Replaced faulty thermal sensor and verified system bus voltage.,Completed
DISP-13309,EQ-5495,C-1297,2024/04/18,Mike Johnson,Corrective Maintenance,2.4,180.0,Emergency dispatch for over-temperature alarm. Cleaned heat exchanger.,In Progress
DISP-13310,EQ-6673,C-1488,06-20-2023,Carlos Sanchez,Warranty Replacement,2.1,315.0,Replaced faulty thermal sensor and verified system bus voltage.,Pending
DISP-13311,EQ-6994,C-1114,04/15/2023,David Lee,Corrective Maintenance,6.7,636.5,<strong>Performed standard preventive check. Updated firmware to v4.2.1.</strong>,Cancelled
DISP-13312,EQ-5978,C-1104,05/17/2023,Robert Martinez,Diagnostic,3.1,372.0,Emergency dispatch for over-temperature alarm. Cleaned heat exchanger.,Pending
DISP-13313,EQ-5340,C-1427,2022/01/01,Robert Martinez,Preventive Maintenance,4.2,315.0,Replaced burnt fuse block. Test run completed successfully.,COMPLETED
DISP-13314,EQ-5630,C-1458,2022-05-17T00:00:00Z,Mike Johnson,Corrective Maintenance,3.6,432.0,Emergency dispatch for over-temperature alarm. Cleaned heat exchanger.,In Progress
DISP-13315,EQ-6734,C-1003,2022/12/08,Jennifer Chen,Software Update,1.9,285.0,<strong>Emergency dispatch for over-temperature alarm. Cleaned heat exchanger.</strong>,Completed
DISP-13316,EQ-7433,C-1053,12-24-2021,Lisa Rodriguez,Warranty Replacement,8.9,1068.0,Performed standard preventive check. Updated firmware to v4.2.1.,Completed
DISP-13317,EQ-6991,C-1446,2023/02/04,Carlos Sanchez,Warranty Replacement,6.0,450.0,Emergency dispatch for over-temperature alarm. Cleaned heat exchanger.,In Progress
DISP-13318,EQ-7023,C-1379,2024-06-08,James Wilson,Emergency Repair,7.4,555.0,Performed standard preventive check. Updated firmware to v4.2.1.,In Progress
DISP-13319,EQ-6197,C-1028,2022/12/06,Sarah Williams,Preventive Maintenance,1.5,142.5,<b>Calibrated inverter output. System operating within normal parameters.</b>,Cancelled
DISP-13320,EQ-7013,C-1307,03/10/2024,Sarah Williams,Warranty Replacement,1.5,112.5,Performed standard preventive check. Updated firmware to v4.2.1.,Completed
DISP-13321,EQ-6915,C-1426,2021-08-28,Jennifer Chen,Emergency Repair,6.4,960.0,Replaced faulty thermal sensor and verified system bus voltage.,Pending
DISP-13322,EQ-6066,C-1262,2022-12-15,,Installation,11.3,847.5,Performed standard preventive check. Updated firmware to v4.2.1.,COMPLETED
DISP-13323,EQ-5805,C-1076,2023-06-01T00:00:00Z,James Wilson,Corrective Maintenance,1.4,105.0,<html>Replaced faulty thermal sensor and verified system bus voltage.</html>,COMPLETED
DISP-13324,EQ-6180,C-1011,2024-08-12T00:00:00Z,   Carlos Sanchez,Corrective Maintenance,4.3,322.5,Emergency dispatch for over-temperature alarm. Cleaned heat exchanger.,COMPLETED
DISP-13325,EQ-99618,C-99822,10-05-2021,Maria Garcia,Emergency Repair,5.0,750.0,Replaced faulty thermal sensor and verified system bus voltage.,In Progress
DISP-13326,EQ-6589,C-1434,2024/04/25,Sarah Williams,Emergency Repair,0.9,85.5,Emergency dispatch for over-temperature alarm. Cleaned heat exchanger.,completed
DISP-13327,EQ-6425,C-1183,02/18/2024,Robert Martinez  ,Software Update,3.4,408.0,Replaced faulty thermal sensor and verified system bus voltage.,completed
DISP-13328,EQ-7340,C-1411,05/16/2023,Maria Garcia,Installation,10.7,1016.5,Replaced burnt fuse block. Test run completed successfully.,Cancelled
DISP-13329,EQ-5389,C-1421,2023-03-12T00:00:00Z,Lisa   Rodriguez,Diagnostic,10.2,765.0,Replaced burnt fuse block. Test run completed successfully.,In Progress
DISP-13330,EQ-6546,C-1472,2022-12-16,Mike Johnson,Warranty Replacement,6.4,768.0,Emergency dispatch for over-temperature alarm. Cleaned heat exchanger.,Cancelled
DISP-13331,EQ-6340,C-1268,2023-10-25T00:00:00Z,Jennifer Chen,Preventive Maintenance,11.7,1755.0,Emergency dispatch for over-temperature alarm. Cleaned heat exchanger.,Pending
DISP-13332,EQ-7065,C-1304,01/18/2022,  Maria Garcia  ,Software Update,0.7,84.0,Replaced faulty thermal sensor and verified system bus voltage.,completed
DISP-13333,EQ-6163,C-1224,04-15-2022,Robert Martinez,Diagnostic,6.0,570.0,Emergency dispatch for over-temperature alarm. Cleaned heat exchanger.,Completed
DISP-13334,EQ-6326,C-1332,2021/12/13,Patricia Davis,Preventive Maintenance,8.8,660.0,Replaced faulty thermal sensor and verified system bus voltage.,In Progress
DISP-13335,EQ-5374,C-1347,2022-04-22T00:00:00Z,Lisa Rodriguez,Warranty Replacement,9.8,735.0,Replaced faulty thermal sensor and verified system bus voltage.,Cancelled
DISP-13336,EQ-6378,C-1495,2023-07-25T00:00:00Z,Mike Johnson,Warranty Replacement,0.6,57.0,Performed standard preventive check. Updated firmware to v4.2.1.,COMPLETED
DISP-13337,EQ-6035,C-1188,2023-10-08T00:00:00Z,NULL,Diagnostic,5.4,513,Performed standard preventive check. Updated firmware to v4.2.1.,Pending
DISP-13338,EQ-7444,C-1266,2021-12-05,Carlos Sanchez  ,Warranty Replacement,6.8,816,Calibrated inverter output. System operating within normal parameters.,Cancelled
DISP-13339,EQ-6522,C-1198,2022/10/16,Patricia Davis,Corrective Maintenance,8.1,1215.0,Performed standard preventive check. Updated firmware to v4.2.1.,In Progress
DISP-13340,EQ-5214,C-1207,2024/08/07,Maria Garcia,Diagnostic,1.1,82.5,Emergency dispatch for over-temperature alarm. Cleaned heat exchanger.,completed
DISP-13341,EQ-6940,C-1479,03-02-2023,Lisa Rodriguez,Preventive Maintenance,3.0,360.0,Calibrated inverter output. System operating within normal parameters.,In Progress
DISP-13342,EQ-5624,C-1042,04/12/2022,Patricia Davis,Installation,3.9,USD 370.50,Replaced burnt fuse block. Test run completed successfully.,COMPLETED
DISP-13343,EQ-5748,C-1242,2022/08/09,Lisa Rodriguez,Corrective Maintenance,3.4,255.0,Replaced burnt fuse block. Test run completed successfully.,Completed
DISP-13344,EQ-6380,C-1210,2022/05/29,James Wilson,Diagnostic,3.6,$342.00,<p>Replaced burnt fuse block. Test run completed successfully.</p>,completed
DISP-13345,EQ-6844,C-1144,2021-07-14T00:00:00Z,Patricia Davis,Software Update,2.7,256.5,Emergency dispatch for over-temperature alarm. Cleaned heat exchanger.,Cancelled
DISP-13346,EQ-7029,C-1389,2023-02-03,Jennifer Chen,Emergency Repair,4.7,705,Performed standard preventive check. Updated firmware to v4.2.1.,In Progress
DISP-13347,EQ-7315,C-1132,2024-03-28,Patricia Davis,Emergency Repair,1.0,75.0,Replaced burnt fuse block. Test run completed successfully.,Cancelled
DISP-13348,EQ-6067,C-1229,2022-10-18T00:00:00Z,Lisa Rodriguez,Emergency Repair,11.6,1740.0,Replaced faulty thermal sensor and verified system bus voltage.,Completed
DISP-13349,EQ-5190,C-1409,2024-03-28,Jennifer Chen,Installation,5.2,780.0,Performed standard preventive check. Updated firmware to v4.2.1.,completed
DISP-13350,EQ-5562,C-1116,2023-04-25T00:00:00Z,James Wilson,Diagnostic,5.8,551.0,Replaced burnt fuse block. Test run completed successfully.,Pending
DISP-13351,EQ-5609,C-1211,2024-07-22T00:00:00Z,Maria Garcia,Preventive Maintenance,3.0,285.0,Replaced burnt fuse block. Test run completed successfully.,completed
DISP-13352,EQ-6830,C-1290,02-20-2024,Carlos Sanchez,Warranty Replacement,1.0,95.0,Replaced faulty thermal sensor and verified system bus voltage.,COMPLETED
DISP-13353,EQ-7179,C-1464,2024/03/02,Mike Johnson,Emergency Repair,11.4,USD 1368.00,Replaced faulty thermal sensor and verified system bus voltage.,In Progress
DISP-13354,EQ-6721,C-1103,2024-05-09T00:00:00Z,Patricia   Davis,Emergency Repair,5.0,750.0,Replaced faulty thermal sensor and verified system bus voltage.,completed
DISP-13355,EQ-6952,C-1492,2021-11-29,Lisa Rodriguez,Emergency Repair,6.9,828.0,Replaced faulty thermal sensor and verified system bus voltage.,Cancelled
DISP-13356,EQ-7285,C-1407,2023-10-17T00:00:00Z,David   Lee,Preventive Maintenance,1.3,156.0,Performed standard preventive check. Updated firmware to v4.2.1.,Completed
DISP-13357,EQ-7068,C-1096,2023/08/12,Robert Martinez,Installation,6.2,744.0,Emergency dispatch for over-temperature alarm. Cleaned heat exchanger.,Completed
DISP-13358,EQ-5293,C-1002,09-15-2021,Amanda Thompson,Corrective Maintenance,11.5,1092.5,Emergency dispatch for over-temperature alarm. Cleaned heat exchanger.,Cancelled
DISP-13359,EQ-5622,C-1508,04-19-2024,  Lisa Rodriguez  ,Emergency Repair,1.7,127.5,Emergency dispatch for over-temperature alarm. Cleaned heat exchanger.,completed
DISP-13360,EQ-6197,C-1028,06/21/2024,Amanda Thompson,Installation,4.4,528.0,Replaced faulty thermal sensor and verified system bus voltage.,Pending
DISP-13361,EQ-6733,C-1344,11/19/2023,Amanda Thompson,Preventive Maintenance,4.3,$408.50,Replaced burnt fuse block. Test run completed successfully.,Completed
DISP-13362,EQ-5067,C-1272,06/26/2023,Sarah Williams,Emergency Repair,7.9,592.5,Performed standard preventive check. Updated firmware to v4.2.1.,Pending
DISP-13363,EQ-7084,C-1064,11-03-2021,Sarah Williams,Diagnostic,3.4,255.0,Replaced faulty thermal sensor and verified system bus voltage.,COMPLETED
DISP-13364,EQ-6722,C-1506,2022-12-10T00:00:00Z,Maria Garcia,Warranty Replacement,4.3,516.0,<p>Calibrated inverter output. System operating within normal parameters.</p>,COMPLETED
DISP-13365,EQ-5278,C-1305,2024/05/02,Mike Johnson,Software Update,6.6,495.0,Performed standard preventive check. Updated firmware to v4.2.1.,Pending
DISP-13366,EQ-7039,C-1271,04-17-2022,Lisa Rodriguez,Preventive Maintenance,7.7,924.0,Replaced faulty thermal sensor and verified system bus voltage.,completed
DISP-13367,EQ-5843,C-1494,11/19/2021,David Lee,Corrective Maintenance,0.6,45.0,Replaced faulty thermal sensor and verified system bus voltage.,Pending
DISP-13368,EQ-6948,C-1072,04-01-2024,David Lee  ,Software Update,4.4,660.0,Replaced burnt fuse block. Test run completed successfully.,Completed
DISP-13369,EQ-5282,C-1258,2021-07-27T00:00:00Z,Mike Johnson,Diagnostic,2.6,390.0,<html>Emergency dispatch for over-temperature alarm. Cleaned heat exchanger.</html>,Pending
DISP-13370,EQ-6997,C-1154,08-06-2022,Lisa   Rodriguez,Software Update,7.3,1095.0,Performed standard preventive check. Updated firmware to v4.2.1.,Cancelled
DISP-13371,EQ-7420,C-1083,2022-08-09T00:00:00Z,Mike Johnson,Software Update,1.2,114.0,Performed standard preventive check. Updated firmware to v4.2.1.,Cancelled
DISP-13372,EQ-5230,C-1316,2023-01-30,Sarah Williams,Installation,9.4,893.0,Replaced faulty thermal sensor and verified system bus voltage.,completed
DISP-13373,EQ-7284,C-1171,08/01/2023,Carlos Sanchez,Installation,4.9,735.0,Replaced faulty thermal sensor and verified system bus voltage.,COMPLETED
DISP-13374,EQ-5904,C-1332,2022/10/16,Amanda Thompson,Corrective Maintenance,3.1,465.0,Replaced faulty thermal sensor and verified system bus voltage.,COMPLETED
DISP-13375,EQ-5911,C-1119,06/13/2022,Mike Johnson,Warranty Replacement,8.6,645.0,Performed standard preventive check. Updated firmware to v4.2.1.,COMPLETED
DISP-13376,EQ-6137,C-1476,01/15/2022,Lisa Rodriguez,Corrective Maintenance,5.3,503.5,Calibrated inverter output. System operating within normal parameters.,Pending
DISP-13377,EQ-5821,C-1167,02-14-2024,Mike Johnson,Diagnostic,4.4,330.0,Performed standard preventive check. Updated firmware to v4.2.1.,In Progress
DISP-13378,EQ-5264,C-1465,10/29/2021,Sarah Williams,Corrective Maintenance,6.4,768.0,Replaced burnt fuse block. Test run completed successfully.,Cancelled
DISP-13379,EQ-6071,C-1167,2024-06-21,Maria Garcia,Preventive Maintenance,1.2,$90.00,Emergency dispatch for over-temperature alarm. Cleaned heat exchanger.,completed
DISP-13380,EQ-5300,C-1369,2021/08/29,James Wilson,Corrective Maintenance,5.5,412.5,<div>Emergency dispatch for over-temperature alarm. Cleaned heat exchanger.</div>,Pending
DISP-13381,EQ-6291,C-1069,2022-10-12,David Lee  ,Software Update,10.2,1530.0,Emergency dispatch for over-temperature alarm. Cleaned heat exchanger.,COMPLETED
DISP-13382,EQ-5476,C-1066,2021-12-31T00:00:00Z,Carlos Sanchez,Preventive Maintenance,2.2,264.0,Replaced faulty thermal sensor and verified system bus voltage.,Pending
DISP-13383,EQ-5894,C-1231,09/26/2021,Lisa Rodriguez  ,Emergency Repair,8.1,769.5,Calibrated inverter output. System operating within normal parameters.,Completed
DISP-13384,EQ-5160,C-1297,08/14/2022,David   Lee,Software Update,5.2,624.0,Replaced faulty thermal sensor and verified system bus voltage.,Completed
DISP-13385,EQ-7068,C-1096,2022/11/19,Amanda Thompson,Corrective Maintenance,9.3,883.5,Replaced faulty thermal sensor and verified system bus voltage.,Pending
DISP-13386,EQ-7405,C-1253,2023-05-11T00:00:00Z,Carlos Sanchez,Preventive Maintenance,10.3,1236.0,Calibrated inverter output. System operating within normal parameters.,Completed
DISP-13387,EQ-7247,C-1226,2021/07/07,Mike Johnson,Corrective Maintenance,9.0,1350.0,Replaced burnt fuse block. Test run completed successfully.,Cancelled
DISP-13388,EQ-5692,C-1191,02/13/2022,David Lee,Installation,2.7,405.0,Calibrated inverter output. System operating within normal parameters.,COMPLETED
DISP-13389,EQ-5981,C-1130,08/15/2022,Mike Johnson,Software Update,6.7,636.5,Calibrated inverter output. System operating within normal parameters.,Pending
DISP-13390,EQ-5675,C-1179,01/06/2022,Jennifer Chen,Preventive Maintenance,3.4,510.0,Replaced burnt fuse block. Test run completed successfully.,In Progress
DISP-13391,EQ-5685,C-1077,2022-04-22T00:00:00Z,Robert Martinez,Corrective Maintenance,4.0,380.0,Performed standard preventive check. Updated firmware to v4.2.1.,Cancelled
DISP-13392,EQ-5017,C-1137,2024-08-08T00:00:00Z,Carlos Sanchez,Corrective Maintenance,0.5,60.0,Calibrated inverter output. System operating within normal parameters.,Cancelled
DISP-13393,EQ-5496,C-1182,11-10-2022,James Wilson,Emergency Repair,4.1,307.5,Replaced burnt fuse block. Test run completed successfully.,Pending
DISP-13394,EQ-6844,C-1144,2023-02-18T00:00:00Z,Michael Brown,Warranty Replacement,11.7,877.5,Emergency dispatch for over-temperature alarm. Cleaned heat exchanger.,In Progress
DISP-13395,EQ-5092,C-1189,01-23-2023,Mike Johnson,Installation,8.1,972.0,Performed standard preventive check. Updated firmware to v4.2.1.,Pending
DISP-13396,EQ-5127,C-1184,2023-03-16,,Diagnostic,7.4,1110.0,Performed standard preventive check. Updated firmware to v4.2.1.,In Progress
DISP-13397,EQ-6125,C-1027,2022/03/13,Carlos Sanchez,Software Update,5.3,795.0,Replaced faulty thermal sensor and verified system bus voltage.,In Progress
DISP-13398,EQ-5719,C-1249,06-28-2024,NULL,Corrective Maintenance,6.1,732.0,Replaced burnt fuse block. Test run completed successfully.,Completed
DISP-13399,EQ-6761,C-1305,2021-10-08T00:00:00Z,Lisa Rodriguez,Software Update,9.8,931.0,Replaced faulty thermal sensor and verified system bus voltage.,Cancelled
DISP-13400,EQ-7030,C-1250,08/06/2023,Jennifer Chen,Warranty Replacement,5.4,405.0,Performed standard preventive check. Updated firmware to v4.2.1.,Pending
DISP-13401,EQ-6760,C-1022,2021-09-20,Sarah Williams,Installation,6.0,900.0,Performed standard preventive check. Updated firmware to v4.2.1.,Cancelled
DISP-13402,EQ-5242,C-1482,2023/11/06,Mike Johnson,Software Update,2.1,315.0,Calibrated inverter output. System operating within normal parameters.,Completed
DISP-13403,EQ-7303,C-1374,2023/05/27,James Wilson,Emergency Repair,1.7,161.5,Performed standard preventive check. Updated firmware to v4.2.1.,In Progress
DISP-13404,EQ-5086,C-1442,07/17/2021,   Lisa Rodriguez,Software Update,1.3,123.5,Calibrated inverter output. System operating within normal parameters.,Cancelled
DISP-13405,EQ-5744,C-1278,2022/06/25,Patricia Davis,Installation,6.9,828.0,Replaced burnt fuse block. Test run completed successfully.,In Progress
DISP-13406,EQ-6764,C-1303,11/01/2022,Robert Martinez,Warranty Replacement,11.7,1111.5,Replaced burnt fuse block. Test run completed successfully.,Pending
DISP-13407,EQ-5170,C-1261,10-24-2022,Patricia Davis,Installation,3.3,495.0,Replaced burnt fuse block. Test run completed successfully.,COMPLETED
DISP-13408,EQ-5620,C-1247,2023/02/20,Michael Brown,Warranty Replacement,7.8,1170.0,Emergency dispatch for over-temperature alarm. Cleaned heat exchanger.,COMPLETED
DISP-13409,EQ-6109,C-1345,2023-07-06T00:00:00Z,Lisa Rodriguez,Corrective Maintenance,4.9,$588.00,Calibrated inverter output. System operating within normal parameters.,completed
DISP-13410,EQ-6890,C-1019,2023-11-29T00:00:00Z,Amanda Thompson,Preventive Maintenance,3.2,304.0,Emergency dispatch for over-temperature alarm. Cleaned heat exchanger.,COMPLETED
DISP-13411,EQ-6426,C-1156,2021/08/30,Robert Martinez,Emergency Repair,10.9,1308.0,Performed standard preventive check. Updated firmware to v4.2.1.,COMPLETED
DISP-13412,EQ-7292,C-1205,05-21-2022,  Patricia Davis  ,Corrective Maintenance,0.9,67.5,<html>Replaced burnt fuse block. Test run completed successfully.</html>,In Progress
DISP-13413,EQ-6719,C-1379,2021-11-07,Robert   Martinez,Installation,6.8,1020.0,Replaced faulty thermal sensor and verified system bus voltage.,Cancelled
DISP-13414,EQ-6381,C-1050,12/28/2021,David Lee,Corrective Maintenance,7.3,547.5,<b>Calibrated inverter output. System operating within normal parameters.</b>,Pending
DISP-13415,EQ-6289,C-1154,2024/03/09,Maria Garcia,Emergency Repair,2.4,360.0,Calibrated inverter output. System operating within normal parameters.,Pending
DISP-13416,EQ-5491,C-1226,08-24-2022,Jennifer Chen,Installation,5.3,795.0,Performed standard preventive check. Updated firmware to v4.2.1.,In Progress
DISP-13417,EQ-5523,C-1083,2022/11/16,Lisa Rodriguez,Corrective Maintenance,7.3,693.5,Emergency dispatch for over-temperature alarm. Cleaned heat exchanger.,completed
DISP-13418,EQ-6192,C-1514,01/27/2024,Patricia Davis,Corrective Maintenance,5.8,435.0,Performed standard preventive check. Updated firmware to v4.2.1.,COMPLETED
DISP-13419,EQ-6514,C-1270,2024-02-02T00:00:00Z,Michael Brown,Diagnostic,7.0,1050.0,Calibrated inverter output. System operating within normal parameters.,completed
DISP-13420,EQ-5021,C-1430,08/25/2023,Patricia Davis,Software Update,11.0,1045.0,Replaced burnt fuse block. Test run completed successfully.,completed
DISP-13421,EQ-6361,C-1264,10/17/2023,Mike Johnson,Preventive Maintenance,2.4,288.0,Emergency dispatch for over-temperature alarm. Cleaned heat exchanger.,In Progress
DISP-13422,EQ-5184,C-1081,2023/11/26,Sarah Williams,Diagnostic,10.7,1605.0,Performed standard preventive check. Updated firmware to v4.2.1.,COMPLETED
DISP-13423,EQ-7161,C-1056,06/05/2023,Mike Johnson,Installation,2.7,324.0,Calibrated inverter output. System operating within normal parameters.,Completed
DISP-13424,EQ-6126,C-1186,2023-02-27T00:00:00Z,David Lee,Software Update,1.9,$285.00,Replaced burnt fuse block. Test run completed successfully.,In Progress
DISP-13425,EQ-7018,C-1357,03-12-2023,James Wilson,Installation,3.0,285.0,Performed standard preventive check. Updated firmware to v4.2.1.,In Progress
DISP-13426,EQ-6245,C-1360,2021-07-07,   ,Diagnostic,2.0,300.0,Replaced faulty thermal sensor and verified system bus voltage.,In Progress
DISP-13427,EQ-6887,C-1217,12/11/2022,   Sarah Williams,Corrective Maintenance,9.1,682.5,Replaced faulty thermal sensor and verified system bus voltage.,Completed
DISP-13428,EQ-6783,C-1199,2023/02/12,Michael Brown,Emergency Repair,5.7,855.0,Performed standard preventive check. Updated firmware to v4.2.1.,COMPLETED
DISP-13429,EQ-6737,C-1379,06-21-2024,NULL,Corrective Maintenance,6.4,608.0,Calibrated inverter output. System operating within normal parameters.,completed
DISP-13430,EQ-6405,C-1152,2023/02/27,Mike Johnson,Software Update,2.4,360.0,Replaced faulty thermal sensor and verified system bus voltage.,Completed
DISP-13431,EQ-5307,C-1360,01/17/2024,Jennifer Chen,Preventive Maintenance,8.2,779.0,Replaced faulty thermal sensor and verified system bus voltage.,completed
DISP-13432,EQ-5250,C-1128,2022-03-31T00:00:00Z,Mike Johnson,Warranty Replacement,1.6,240.0,Calibrated inverter output. System operating within normal parameters.,In Progress
DISP-13433,EQ-6325,C-1379,12/08/2021,Robert Martinez,Warranty Replacement,1.1,82.5,Replaced burnt fuse block. Test run completed successfully.,COMPLETED
DISP-13434,EQ-6739,C-1343,2023-06-19T00:00:00Z,  Robert Martinez  ,Installation,10.1,757.5,Performed standard preventive check. Updated firmware to v4.2.1.,Pending
DISP-13435,EQ-6748,C-1053,2023-10-02,Maria Garcia,Warranty Replacement,8.5,637.5,Replaced faulty thermal sensor and verified system bus voltage.,Pending
DISP-13436,EQ-6266,C-1211,01/10/2024,Amanda Thompson,Preventive Maintenance,3.9,468.0,Calibrated inverter output. System operating within normal parameters.,Pending
DISP-13437,EQ-5196,C-1488,08/17/2022,James Wilson,Installation,3.8,456,Calibrated inverter output. System operating within normal parameters.,Cancelled
DISP-13438,EQ-5719,C-1249,04/13/2022,James Wilson,Emergency Repair,7.2,864.0,Calibrated inverter output. System operating within normal parameters.,COMPLETED
DISP-13439,EQ-5368,C-1154,2024-08-02,Mike Johnson,Diagnostic,7.8,936.0,Emergency dispatch for over-temperature alarm. Cleaned heat exchanger.,In Progress
DISP-13440,EQ-6442,C-1129,03/09/2024,Robert Martinez,Corrective Maintenance,1.8,216.0,Performed standard preventive check. Updated firmware to v4.2.1.,COMPLETED
DISP-13441,EQ-5994,C-1467,03-19-2023,Maria Garcia,Corrective Maintenance,0.6,90.0,Calibrated inverter output. System operating within normal parameters.,COMPLETED
DISP-13442,EQ-5795,C-1375,2024/08/01,James Wilson,Software Update,11.8,885.0,<div>Replaced burnt fuse block. Test run completed successfully.</div>,In Progress
DISP-13443,EQ-6499,C-1225,2022-09-24,Patricia Davis,Software Update,419.5,USD 50340.00,<div>Replaced faulty thermal sensor and verified system bus voltage.</div>,Cancelled
DISP-13444,EQ-5739,C-1420,2024/01/19,James Wilson,Installation,8.0,760.0,<html>Emergency dispatch for over-temperature alarm. Cleaned heat exchanger.</html>,Pending
DISP-13445,EQ-6867,C-1041,2023/11/01,Jennifer Chen,Installation,5.0,475.0,<html><body>Replaced burnt fuse block. Test run completed successfully.</body></html>,In Progress
DISP-13446,EQ-6151,C-1140,08/13/2023,Patricia Davis,Warranty Replacement,7.5,562.5,Performed standard preventive check. Updated firmware to v4.2.1.,Cancelled
DISP-13447,EQ-6761,C-1305,2024-05-29,Carlos Sanchez,Diagnostic,7.1,1065.0,Replaced faulty thermal sensor and verified system bus voltage.,COMPLETED
DISP-13448,EQ-5245,C-1016,01/17/2022,Mike Johnson  ,Warranty Replacement,6.4,608.0,Replaced faulty thermal sensor and verified system bus voltage.,Completed
DISP-13449,EQ-6469,C-1467,11/06/2021,Mike Johnson,Diagnostic,9.5,1425.0,Replaced faulty thermal sensor and verified system bus voltage.,completed
DISP-13450,EQ-6482,C-1468,11-28-2023,Patricia Davis,Software Update,9.8,931.0,Performed standard preventive check. Updated firmware to v4.2.1.,Completed
DISP-13451,EQ-6146,C-1296,2022-12-18,Robert Martinez,Warranty Replacement,1.7,204.0,<div>Calibrated inverter output. System operating within normal parameters.</div>,Completed
DISP-13452,EQ-5836,C-1492,2021-07-24,Patricia Davis,Software Update,4.7,564.0,<div>Performed standard preventive check. Updated firmware to v4.2.1.</div>,Completed
DISP-13453,EQ-6847,C-1071,02/08/2024,David Lee,Preventive Maintenance,7.7,577.5,<strong>Calibrated inverter output. System operating within normal parameters.</strong>,COMPLETED
DISP-13454,EQ-5909,C-1455,06/12/2021,Carlos Sanchez,Corrective Maintenance,11.3,847.5,Replaced burnt fuse block. Test run completed successfully.,In Progress
DISP-13455,EQ-7223,C-1029,2023-01-02T00:00:00Z,Carlos Sanchez,Emergency Repair,8.8,1320.0,Calibrated inverter output. System operating within normal parameters.,In Progress
DISP-13456,EQ-7111,C-1098,02-11-2022,Amanda Thompson,Software Update,5.9,885.0,Replaced burnt fuse block. Test run completed successfully.,COMPLETED
DISP-13457,EQ-6458,C-1488,2022/12/29,  David Lee  ,Preventive Maintenance,4.5,675.0,Replaced faulty thermal sensor and verified system bus voltage.,In Progress
DISP-13458,EQ-99572,C-99078,2023/06/21,Sarah Williams,Installation,3.9,585.0,Replaced burnt fuse block. Test run completed successfully.,COMPLETED
DISP-13459,EQ-6850,C-1262,2021-11-25,James Wilson,Warranty Replacement,10.8,1026.0,Performed standard preventive check. Updated firmware to v4.2.1.,Cancelled
DISP-13460,EQ-5784,C-1149,2022/01/06,Mike Johnson,Warranty Replacement,9.4,893.0,Replaced burnt fuse block. Test run completed successfully.,COMPLETED
DISP-13461,EQ-5939,C-1307,05/21/2024,Maria Garcia,Emergency Repair,6.9,517.5,Emergency dispatch for over-temperature alarm. Cleaned heat exchanger.,Pending
DISP-13462,EQ-5098,C-1436,05-30-2022,Lisa   Rodriguez,Corrective Maintenance,10.7,1284.0,Calibrated inverter output. System operating within normal parameters.,Cancelled
DISP-13463,EQ-6028,C-1422,2022-05-26,Lisa Rodriguez  ,Warranty Replacement,9.5,1425.0,Calibrated inverter output. System operating within normal parameters.,Pending
DISP-13464,EQ-7098,C-1266,2023/09/03,Jennifer Chen,Corrective Maintenance,7.3,876.0,Emergency dispatch for over-temperature alarm. Cleaned heat exchanger.,In Progress
DISP-13465,EQ-5205,C-1021,2023-10-07,Lisa Rodriguez,Preventive Maintenance,3.5,332.5,<p>Replaced faulty thermal sensor and verified system bus voltage.</p>,Completed
DISP-13466,EQ-7032,C-1293,10/07/2022,Carlos Sanchez,Software Update,0.9,135.0,Replaced faulty thermal sensor and verified system bus voltage.,Completed
DISP-13467,EQ-6940,C-1479,2024-03-31,   Michael Brown,Warranty Replacement,9.1,864.5,Replaced burnt fuse block. Test run completed successfully.,COMPLETED
DISP-13468,EQ-99767,C-99006,05-23-2024,Lisa Rodriguez,Warranty Replacement,6.0,900.0,Calibrated inverter output. System operating within normal parameters.,completed
DISP-13469,EQ-6007,C-1079,2022/04/29,Michael Brown,Corrective Maintenance,11.9,1428.0,<html><body>Replaced faulty thermal sensor and verified system bus voltage.</body></html>,Completed
DISP-13470,EQ-5912,C-1271,08-09-2024,Patricia Davis,Diagnostic,8.9,1068.0,Emergency dispatch for over-temperature alarm. Cleaned heat exchanger.,In Progress
DISP-13471,EQ-5624,C-1042,2021-09-04T00:00:00Z,David Lee,Installation,8.7,652.5,Performed standard preventive check. Updated firmware to v4.2.1.,Cancelled
DISP-13472,EQ-7288,C-1239,2024/06/28,Carlos Sanchez,Warranty Replacement,7.7,924.0,<html><body>Replaced faulty thermal sensor and verified system bus voltage.</body></html>,COMPLETED
DISP-13473,EQ-5852,C-1493,2023-11-12T00:00:00Z,Sarah Williams,Emergency Repair,1.2,90.0,Replaced faulty thermal sensor and verified system bus voltage.,completed
DISP-13474,EQ-6708,C-1199,2022/02/26,Lisa Rodriguez,Diagnostic,9.4,893,Replaced faulty thermal sensor and verified system bus voltage.,Pending
DISP-13475,EQ-7176,C-1346,2022/07/22,,Emergency Repair,10.3,1545.0,Calibrated inverter output. System operating within normal parameters.,Pending
DISP-13476,EQ-6735,C-1201,2023/04/21,Jennifer Chen,Preventive Maintenance,9.7,1455.0,Performed standard preventive check. Updated firmware to v4.2.1.,COMPLETED
DISP-13477,EQ-6893,C-1083,03/30/2022,Michael Brown,Corrective Maintenance,8.1,607.5,Replaced faulty thermal sensor and verified system bus voltage.,Pending
DISP-13478,EQ-7499,C-1338,2022-04-17,Robert   Martinez,Warranty Replacement,1.8,135.0,Replaced faulty thermal sensor and verified system bus voltage.,Cancelled
DISP-13479,EQ-7202,C-1295,07/20/2022,Carlos Sanchez,Corrective Maintenance,4.4,418.0,Performed standard preventive check. Updated firmware to v4.2.1.,COMPLETED
DISP-13480,EQ-5870,C-1379,2022-11-11,Patricia Davis,Diagnostic,10.3,772.5,Replaced burnt fuse block. Test run completed successfully.,Cancelled
DISP-13481,EQ-5827,C-1277,12/01/2023,Michael Brown  ,Corrective Maintenance,1.6,120.0,Performed standard preventive check. Updated firmware to v4.2.1.,completed
DISP-13482,EQ-99481,C-99144,2024-04-25T00:00:00Z,Sarah Williams,Diagnostic,5.6,672.0,Calibrated inverter output. System operating within normal parameters.,In Progress
DISP-13483,EQ-5238,C-1189,05/05/2024,Sarah Williams,Installation,10.6,1007.0,Emergency dispatch for over-temperature alarm. Cleaned heat exchanger.,Cancelled
DISP-13484,EQ-5582,C-1252,2022-09-10,Jennifer Chen,Installation,6.4,960.0,Emergency dispatch for over-temperature alarm. Cleaned heat exchanger.,completed
DISP-13485,EQ-99275,C-99287,2024-07-11,  Carlos Sanchez  ,Emergency Repair,1.0,150.0,Performed standard preventive check. Updated firmware to v4.2.1.,In Progress
DISP-13486,EQ-6768,C-1201,08-09-2024,Jennifer Chen,Warranty Replacement,9.1,1365.0,<p>Replaced faulty thermal sensor and verified system bus voltage.</p>,COMPLETED
DISP-13487,EQ-6981,C-1089,2023-07-27T00:00:00Z,Robert Martinez,Preventive Maintenance,0.9,108.0,Emergency dispatch for over-temperature alarm. Cleaned heat exchanger.,In Progress
DISP-13488,EQ-6976,C-1465,01-19-2022,Michael Brown,Preventive Maintenance,2.2,165.0,Calibrated inverter output. System operating within normal parameters.,Completed
DISP-13489,EQ-6969,C-1074,06/01/2023,Patricia Davis,Emergency Repair,7.1,674.5,Calibrated inverter output. System operating within normal parameters.,COMPLETED
DISP-13490,EQ-6680,C-1221,2023-11-28T00:00:00Z,Lisa Rodriguez,Warranty Replacement,5.0,600.0,Performed standard preventive check. Updated firmware to v4.2.1.,In Progress
DISP-13491,EQ-5015,C-1321,04/28/2024,James Wilson,Emergency Repair,2.6,195.0,Performed standard preventive check. Updated firmware to v4.2.1.,Pending
DISP-13492,EQ-6006,C-1363,11-13-2021,Carlos Sanchez,Installation,1.1,104.5,<b>Emergency dispatch for over-temperature alarm. Cleaned heat exchanger.</b>,In Progress
DISP-13493,EQ-5540,C-1439,2022/06/11,Carlos Sanchez,Installation,4.2,315.0,Replaced faulty thermal sensor and verified system bus voltage.,Cancelled
DISP-13494,EQ-5014,C-1378,2023-06-23T00:00:00Z,Lisa Rodriguez,Software Update,7.2,864.0,Performed standard preventive check. Updated firmware to v4.2.1.,COMPLETED
DISP-13495,EQ-5243,C-1373,2024-04-12T00:00:00Z,Lisa Rodriguez,Emergency Repair,9.5,712.5,Performed standard preventive check. Updated firmware to v4.2.1.,In Progress
DISP-13496,EQ-5195,C-1471,05/05/2024,David Lee,Software Update,4.9,588.0,Performed standard preventive check. Updated firmware to v4.2.1.,Pending
DISP-13497,EQ-5224,C-1152,02/06/2024,Carlos Sanchez,Installation,10.1,1515.0,<html>Replaced faulty thermal sensor and verified system bus voltage.</html>,completed
DISP-13498,EQ-6369,C-1491,05/07/2024,Michael Brown,Diagnostic,1.9,285.0,<div>Replaced burnt fuse block. Test run completed successfully.</div>,completed
DISP-13499,EQ-7496,C-1160,09/28/2021,Patricia Davis,Emergency Repair,6.5,617.5,Emergency dispatch for over-temperature alarm. Cleaned heat exchanger.,completed
DISP-13500,EQ-5392,C-1006,2021/09/22,Lisa Rodriguez,Installation,3.2,240.0,Performed standard preventive check. Updated firmware to v4.2.1.,completed
DISP-13501,EQ-6445,C-1214,07-29-2022,Mike Johnson,Software Update,8.6,645.0,Calibrated inverter output. System operating within normal parameters.,Cancelled
DISP-13502,EQ-7030,C-1250,2024-04-26T00:00:00Z,Maria Garcia,Warranty Replacement,5.9,885.0,Performed standard preventive check. Updated firmware to v4.2.1.,In Progress
DISP-13503,EQ-6901,C-1465,2022-06-21,   Patricia Davis,Emergency Repair,4.4,660.0,Replaced burnt fuse block. Test run completed successfully.,Cancelled
DISP-13504,EQ-5487,C-1217,2021-09-18,NULL,Software Update,7.7,731.5,Replaced burnt fuse block. Test run completed successfully.,completed
DISP-13505,EQ-5876,C-1129,2021-06-26T00:00:00Z,Maria Garcia,Installation,10.2,USD 1224.00,Calibrated inverter output. System operating within normal parameters.,In Progress
DISP-13506,EQ-5588,C-1463,2021-06-07T00:00:00Z,Sarah Williams,Software Update,11.5,USD 1380.00,Calibrated inverter output. System operating within normal parameters.,completed
DISP-13507,EQ-7305,C-1431,03/11/2023,James Wilson,Emergency Repair,11.8,885.0,Calibrated inverter output. System operating within normal parameters.,Completed
DISP-13508,EQ-99611,C-99574,07/19/2022,James Wilson,Emergency Repair,4.5,675.0,Replaced faulty thermal sensor and verified system bus voltage.,Pending
DISP-13509,EQ-5160,C-1297,04/23/2024,Amanda Thompson,Diagnostic,6.0,900.0,Performed standard preventive check. Updated firmware to v4.2.1.,Pending
DISP-13510,EQ-6526,C-1296,11/09/2022,Lisa Rodriguez,Diagnostic,3.8,285,Replaced faulty thermal sensor and verified system bus voltage.,Pending
DISP-13511,EQ-5343,C-1226,2021/10/22,   David Lee,Corrective Maintenance,10.6,795.0,<strong>Replaced burnt fuse block. Test run completed successfully.</strong>,Completed
DISP-13512,EQ-5470,C-1343,2023-01-04T00:00:00Z,Maria Garcia,Corrective Maintenance,7.5,"$1,125.00",Replaced faulty thermal sensor and verified system bus voltage.,COMPLETED
DISP-13513,EQ-7051,C-1231,2022/09/17,Robert Martinez,Warranty Replacement,10.3,772.5,Emergency dispatch for over-temperature alarm. Cleaned heat exchanger.,COMPLETED
DISP-13514,EQ-7098,C-1266,05-16-2022,David Lee,Installation,7.3,$547.50,Performed standard preventive check. Updated firmware to v4.2.1.,COMPLETED
DISP-13515,EQ-6925,C-1199,2023-04-20T00:00:00Z,Jennifer Chen,Emergency Repair,2.6,USD 195.00,Emergency dispatch for over-temperature alarm. Cleaned heat exchanger.,Cancelled
DISP-13516,EQ-5722,C-1138,2021-09-19,Patricia Davis,Emergency Repair,9.5,712.5,Calibrated inverter output. System operating within normal parameters.,Cancelled
DISP-13517,EQ-7181,C-1323,2024-04-11,Patricia Davis,Preventive Maintenance,11.8,1416.0,Calibrated inverter output. System operating within normal parameters.,Cancelled
DISP-13518,EQ-5414,C-1144,2023-03-14,James Wilson,Software Update,3.6,342.0,Replaced burnt fuse block. Test run completed successfully.,completed
DISP-13519,EQ-6052,C-1145,2022/12/11,Sarah Williams,Warranty Replacement,5.5,660.0,<p>Performed standard preventive check. Updated firmware to v4.2.1.</p>,completed
DISP-13520,EQ-6951,C-1126,05/12/2024,Sarah Williams,Preventive Maintenance,9.6,912.0,<html><body>Performed standard preventive check. Updated firmware to v4.2.1.</body></html>,COMPLETED
DISP-13521,EQ-6967,C-1276,06-19-2021,   ,Preventive Maintenance,0.6,72.0,Emergency dispatch for over-temperature alarm. Cleaned heat exchanger.,Cancelled
DISP-13522,EQ-5423,C-1036,01/29/2024,David Lee,Diagnostic,1.5,112.5,Performed standard preventive check. Updated firmware to v4.2.1.,Cancelled
DISP-13523,EQ-6891,C-1197,2023-01-26T00:00:00Z,Carlos Sanchez,Software Update,7.6,570.0,Emergency dispatch for over-temperature alarm. Cleaned heat exchanger.,Pending
DISP-13524,EQ-5774,C-1238,12/08/2021,   Amanda Thompson,Software Update,1.2,180.0,<html>Replaced faulty thermal sensor and verified system bus voltage.</html>,In Progress
DISP-13525,EQ-5003,C-1177,2024-04-21T00:00:00Z,David Lee,Installation,11.4,1368.0,Calibrated inverter output. System operating within normal parameters.,Cancelled
DISP-13526,EQ-5509,C-1119,2023-02-18,  Mike Johnson  ,Software Update,2.0,190.0,Replaced burnt fuse block. Test run completed successfully.,In Progress
DISP-13527,EQ-5844,C-1242,2023-06-23T00:00:00Z,David Lee,Diagnostic,8.7,1044.0,<strong>Replaced faulty thermal sensor and verified system bus voltage.</strong>,Cancelled
DISP-13528,EQ-6158,C-1437,2022/07/27,   James Wilson,Warranty Replacement,1.6,120.0,Performed standard preventive check. Updated firmware to v4.2.1.,completed
DISP-13529,EQ-5525,C-1056,2022/02/02,James Wilson,Corrective Maintenance,8.3,996.0,Performed standard preventive check. Updated firmware to v4.2.1.,Cancelled
DISP-13530,EQ-5775,C-1050,08/07/2024,Amanda Thompson,Corrective Maintenance,4.0,$300.00,Emergency dispatch for over-temperature alarm. Cleaned heat exchanger.,completed
DISP-13531,EQ-6598,C-1431,2024/01/25,Maria Garcia,Emergency Repair,11.5,1725.0,Emergency dispatch for over-temperature alarm. Cleaned heat exchanger.,Completed
DISP-13532,EQ-6513,C-1482,2022/06/16,Michael Brown,Preventive Maintenance,5.3,503.5,<html>Replaced faulty thermal sensor and verified system bus voltage.</html>,Completed
DISP-13533,EQ-7221,C-1072,2022-07-03T00:00:00Z,Carlos Sanchez,Preventive Maintenance,7.1,852.0,Emergency dispatch for over-temperature alarm. Cleaned heat exchanger.,In Progress
DISP-13534,EQ-5303,C-1444,12-03-2022,James Wilson,Diagnostic,10.4,1248.0,Replaced burnt fuse block. Test run completed successfully.,Cancelled
DISP-13535,EQ-6872,C-1165,07/24/2024,Michael Brown,Emergency Repair,11.1,1665.0,Calibrated inverter output. System operating within normal parameters.,Pending
DISP-13536,EQ-6260,C-1121,11/08/2021,Jennifer   Chen,Corrective Maintenance,7.0,840.0,<div>Performed standard preventive check. Updated firmware to v4.2.1.</div>,Pending
DISP-13537,EQ-7126,C-1280,2021/11/26,Lisa Rodriguez,Software Update,10.5,997.5,Replaced faulty thermal sensor and verified system bus voltage.,COMPLETED
DISP-13538,EQ-6350,C-1417,12/31/2022,Patricia Davis,Diagnostic,7.0,1050.0,Performed standard preventive check. Updated firmware to v4.2.1.,completed
DISP-13539,EQ-5053,C-1250,05-18-2022,Amanda Thompson,Warranty Replacement,1.1,104.5,Emergency dispatch for over-temperature alarm. Cleaned heat exchanger.,Pending
DISP-13540,EQ-6559,C-1126,08-23-2023,Maria Garcia,Preventive Maintenance,3.3,495.0,Replaced faulty thermal sensor and verified system bus voltage.,completed
DISP-13541,EQ-7278,C-1255,2024/03/17,   ,Emergency Repair,1.6,192.0,Replaced faulty thermal sensor and verified system bus voltage.,Pending
DISP-13542,EQ-5783,C-1119,2021-07-13T00:00:00Z,Mike Johnson,Corrective Maintenance,1.3,97.5,Replaced faulty thermal sensor and verified system bus voltage.,In Progress
DISP-13543,EQ-6588,C-1506,2022-08-12,David Lee,Corrective Maintenance,11.0,1320.0,Performed standard preventive check. Updated firmware to v4.2.1.,In Progress
DISP-13544,EQ-6055,C-1276,04-15-2023,Carlos Sanchez,Software Update,7.1,1065,Emergency dispatch for over-temperature alarm. Cleaned heat exchanger.,Cancelled
DISP-13545,EQ-6191,C-1216,2024-06-19T00:00:00Z,Michael Brown  ,Corrective Maintenance,11.3,1073.5,Replaced burnt fuse block. Test run completed successfully.,Pending
DISP-13546,EQ-7071,C-1249,06/08/2024,Amanda Thompson,Warranty Replacement,2.2,330.0,Replaced burnt fuse block. Test run completed successfully.,In Progress
DISP-13547,EQ-5319,C-1270,10/16/2022,Maria Garcia,Installation,6.3,472.5,Performed standard preventive check. Updated firmware to v4.2.1.,Pending
DISP-13548,EQ-7058,C-1455,2023/02/15,Mike Johnson,Corrective Maintenance,11.2,840.0,<b>Performed standard preventive check. Updated firmware to v4.2.1.</b>,Cancelled
DISP-13549,EQ-5034,C-1073,2021-09-11,Carlos Sanchez,Diagnostic,1.1,104.5,Emergency dispatch for over-temperature alarm. Cleaned heat exchanger.,Cancelled
DISP-13550,EQ-5370,C-1009,12/29/2022,Mike Johnson,Diagnostic,4.0,300.0,Replaced faulty thermal sensor and verified system bus voltage.,COMPLETED
DISP-13551,EQ-5160,C-1297,09/10/2022,Michael Brown,Diagnostic,9.1,1092.0,Calibrated inverter output. System operating within normal parameters.,In Progress
DISP-13552,EQ-6812,C-1106,2023-12-12,Robert Martinez,Preventive Maintenance,3.2,304.0,<p>Calibrated inverter output. System operating within normal parameters.</p>,COMPLETED
DISP-13553,EQ-6543,C-1356,01/25/2024,James Wilson,Software Update,11.9,1428.0,Performed standard preventive check. Updated firmware to v4.2.1.,Cancelled
DISP-13554,EQ-5778,C-1435,2024/04/24,Michael Brown,Emergency Repair,8.7,826.5,Replaced faulty thermal sensor and verified system bus voltage.,In Progress
DISP-13555,EQ-5794,C-1418,03-03-2023,Michael Brown,Software Update,11.2,1680.0,<b>Calibrated inverter output. System operating within normal parameters.</b>,COMPLETED
DISP-13556,EQ-6282,C-1238,10/09/2021,Mike Johnson,Diagnostic,2.2,264.0,Performed standard preventive check. Updated firmware to v4.2.1.,In Progress
DISP-13557,EQ-5524,C-1030,03/19/2023,David Lee,Corrective Maintenance,9.0,1080,Calibrated inverter output. System operating within normal parameters.,Pending
DISP-13558,EQ-5516,C-1439,2024-05-04T00:00:00Z,Michael Brown,Corrective Maintenance,4.3,408.5,Replaced faulty thermal sensor and verified system bus voltage.,COMPLETED
DISP-13559,EQ-5296,C-1285,06/01/2022,Jennifer Chen,Installation,8.1,972.0,Replaced burnt fuse block. Test run completed successfully.,Pending
DISP-13560,EQ-7032,C-1293,2024-08-11T00:00:00Z,  David Lee  ,Software Update,11.3,1356.0,Emergency dispatch for over-temperature alarm. Cleaned heat exchanger.,Cancelled
DISP-13561,EQ-6034,C-1418,2022/06/17,  David Lee  ,Emergency Repair,8.6,645.0,Performed standard preventive check. Updated firmware to v4.2.1.,completed
DISP-13562,EQ-5114,C-1281,04-12-2023,David Lee,Preventive Maintenance,6.3,756.0,Performed standard preventive check. Updated firmware to v4.2.1.,Completed
DISP-13563,EQ-6591,C-1038,2023/02/16,Carlos Sanchez,Software Update,0.7,84.0,Calibrated inverter output. System operating within normal parameters.,completed
DISP-13564,EQ-5164,C-1101,2023-06-02,Michael Brown,Software Update,5.4,810.0,Replaced burnt fuse block. Test run completed successfully.,In Progress
DISP-13565,EQ-7149,C-1177,07-11-2022,Patricia Davis,Preventive Maintenance,9.6,912.0,Emergency dispatch for over-temperature alarm. Cleaned heat exchanger.,completed
DISP-13566,EQ-7040,C-1308,2021/12/20,David Lee,Warranty Replacement,11.6,1392.0,Calibrated inverter output. System operating within normal parameters.,In Progress
DISP-13567,EQ-5317,C-1365,2024/05/14,James Wilson,Warranty Replacement,4.9,367.5,Calibrated inverter output. System operating within normal parameters.,Cancelled
DISP-13568,EQ-7368,C-1218,2022/07/03,Lisa Rodriguez,Corrective Maintenance,5.7,855.0,Replaced burnt fuse block. Test run completed successfully.,Pending
DISP-13569,EQ-7154,C-1086,2022-02-11T00:00:00Z,Amanda Thompson,Preventive Maintenance,9.7,1455.0,<div>Calibrated inverter output. System operating within normal parameters.</div>,Completed
DISP-13570,EQ-5054,C-1287,2023-07-07T00:00:00Z,Robert Martinez,Preventive Maintenance,2.9,217.5,Performed standard preventive check. Updated firmware to v4.2.1.,Pending
DISP-13571,EQ-7038,C-1202,2023-10-01,David   Lee,Preventive Maintenance,3.2,304.0,Replaced burnt fuse block. Test run completed successfully.,Cancelled
DISP-13572,EQ-6354,C-1301,09-28-2021,Robert Martinez,Diagnostic,5.6,532.0,Replaced burnt fuse block. Test run completed successfully.,completed
DISP-13573,EQ-6728,C-1178,2023-05-01T00:00:00Z,Sarah Williams,Emergency Repair,6.0,570.0,Performed standard preventive check. Updated firmware to v4.2.1.,Completed
DISP-13574,EQ-5864,C-1257,12/01/2022,James   Wilson,Corrective Maintenance,4.0,600.0,Replaced faulty thermal sensor and verified system bus voltage.,completed
DISP-13575,EQ-7279,C-1150,2022/11/02,David Lee,Warranty Replacement,7.6,1140.0,Calibrated inverter output. System operating within normal parameters.,completed
DISP-13576,EQ-5602,C-1222,12/24/2022,James Wilson,Diagnostic,3.0,285.0,Replaced faulty thermal sensor and verified system bus voltage.,Cancelled
DISP-13577,EQ-7123,C-1247,2023-03-15T00:00:00Z,,Preventive Maintenance,2.1,315.0,Emergency dispatch for over-temperature alarm. Cleaned heat exchanger.,Pending
DISP-13578,EQ-6393,C-1518,2021-08-07,David Lee,Warranty Replacement,0.9,85.5,Replaced burnt fuse block. Test run completed successfully.,COMPLETED
DISP-13579,EQ-5145,C-1149,2024-01-15T00:00:00Z,  Amanda Thompson  ,Software Update,2.9,435.0,<p>Replaced faulty thermal sensor and verified system bus voltage.</p>,COMPLETED
DISP-13580,EQ-7180,C-1025,08/27/2021,Sarah Williams  ,Installation,6.3,945.0,Calibrated inverter output. System operating within normal parameters.,completed
DISP-13581,EQ-5102,C-1122,2024-01-04T00:00:00Z,Mike Johnson,Corrective Maintenance,11.2,1344.0,<p>Performed standard preventive check. Updated firmware to v4.2.1.</p>,Completed
DISP-13582,EQ-5284,C-1187,2023-06-20,Michael Brown,Preventive Maintenance,8.8,1056,Emergency dispatch for over-temperature alarm. Cleaned heat exchanger.,completed
DISP-13583,EQ-5067,C-1272,02-11-2022,Mike Johnson,Software Update,3.1,294.5,Performed standard preventive check. Updated firmware to v4.2.1.,COMPLETED
DISP-13584,EQ-7234,C-1033,2024-05-10,Mike Johnson,Software Update,8.0,960.0,Replaced burnt fuse block. Test run completed successfully.,In Progress
DISP-13585,EQ-5383,C-1312,03-04-2022,   ,Software Update,6.3,472.5,Emergency dispatch for over-temperature alarm. Cleaned heat exchanger.,Completed
DISP-13586,EQ-5495,C-1297,2022-03-23,  David Lee  ,Emergency Repair,8.5,1020.0,Calibrated inverter output. System operating within normal parameters.,Completed
DISP-13587,EQ-7287,C-1236,2022/12/27,Michael Brown,Warranty Replacement,10.3,772.5,<b>Calibrated inverter output. System operating within normal parameters.</b>,In Progress
DISP-13588,EQ-6623,C-1140,2021-07-19T00:00:00Z,Amanda Thompson,Corrective Maintenance,10.7,1284.0,Performed standard preventive check. Updated firmware to v4.2.1.,completed
DISP-13589,EQ-6030,C-1213,2023/02/16,   James Wilson,Warranty Replacement,3.1,232.5,<html><body>Emergency dispatch for over-temperature alarm. Cleaned heat exchanger.</body></html>,Completed
DISP-13590,EQ-7427,C-1102,2022-01-21,Jennifer Chen,Installation,2.0,150.0,Replaced faulty thermal sensor and verified system bus voltage.,In Progress
DISP-13591,EQ-6392,C-1368,2023/05/16,Carlos Sanchez,Emergency Repair,7.7,924.0,Calibrated inverter output. System operating within normal parameters.,completed
DISP-13592,EQ-5749,C-1508,06-02-2024,James Wilson,Diagnostic,0.8,120.0,Performed standard preventive check. Updated firmware to v4.2.1.,Cancelled
DISP-13593,EQ-5213,C-1063,2023/08/03,Amanda Thompson,Installation,7.5,712.5,Performed standard preventive check. Updated firmware to v4.2.1.,Pending
DISP-13594,EQ-6198,C-1478,12-05-2023,Maria Garcia,Corrective Maintenance,4.9,367.5,Emergency dispatch for over-temperature alarm. Cleaned heat exchanger.,In Progress
DISP-13595,EQ-7487,C-1190,07-12-2021,   ,Corrective Maintenance,9.9,$1485.00,Performed standard preventive check. Updated firmware to v4.2.1.,COMPLETED
DISP-13596,EQ-5634,C-1273,2023-06-07T00:00:00Z,Patricia Davis,Preventive Maintenance,4.7,705.0,Performed standard preventive check. Updated firmware to v4.2.1.,Cancelled
DISP-13597,EQ-7463,C-1307,2023-08-06,Amanda Thompson,Installation,6.6,990.0,Performed standard preventive check. Updated firmware to v4.2.1.,Cancelled
DISP-13598,EQ-6901,C-1465,06/14/2022,  David Lee  ,Installation,8.3,622.5,Calibrated inverter output. System operating within normal parameters.,completed
DISP-13599,EQ-5174,C-1468,11-13-2022,Patricia Davis,Installation,9.2,1380.0,<div>Replaced burnt fuse block. Test run completed successfully.</div>,completed
DISP-13600,EQ-6664,C-1388,2024-05-01T00:00:00Z,Lisa Rodriguez,Corrective Maintenance,11.6,1740.0,Calibrated inverter output. System operating within normal parameters.,COMPLETED
DISP-13601,EQ-6512,C-1445,2022-05-06T00:00:00Z,Michael Brown,Emergency Repair,6.9,1035.0,Calibrated inverter output. System operating within normal parameters.,Pending
DISP-13602,EQ-7497,C-1222,03/03/2023,Sarah Williams,Emergency Repair,10.7,802.5,Performed standard preventive check. Updated firmware to v4.2.1.,In Progress
DISP-13603,EQ-6596,C-1135,03-02-2022,Mike Johnson,Warranty Replacement,10.5,1260.0,Calibrated inverter output. System operating within normal parameters.,Pending
DISP-13604,EQ-5056,C-1067,2021/10/07,Mike   Johnson,Software Update,5.4,810.0,Performed standard preventive check. Updated firmware to v4.2.1.,Pending
DISP-13605,EQ-6507,C-1069,2023-01-21T00:00:00Z,Robert Martinez,Preventive Maintenance,2.3,218.5,Calibrated inverter output. System operating within normal parameters.,In Progress
DISP-13606,EQ-6151,C-1140,2023-07-11,Patricia Davis,Diagnostic,5.7,684.0,Calibrated inverter output. System operating within normal parameters.,Completed
DISP-13607,EQ-5703,C-1379,2021-07-10,Patricia Davis,Emergency Repair,11.4,855.0,Replaced burnt fuse block. Test run completed successfully.,Cancelled
DISP-13608,EQ-5838,C-1249,2022/05/09,Jennifer Chen,Software Update,10.8,1620.0,Calibrated inverter output. System operating within normal parameters.,Pending
DISP-13609,EQ-6084,C-1035,12/29/2021,Amanda Thompson,Installation,2.2,330.0,Performed standard preventive check. Updated firmware to v4.2.1.,completed
DISP-13610,EQ-7093,C-1058,06/29/2024,Amanda Thompson,Preventive Maintenance,6.2,465.0,<div>Calibrated inverter output. System operating within normal parameters.</div>,In Progress
DISP-13611,EQ-5797,C-1515,04/27/2023,Maria Garcia,Warranty Replacement,2.7,256.5,Replaced burnt fuse block. Test run completed successfully.,completed
DISP-13612,EQ-5319,C-1270,06-02-2023,Lisa Rodriguez,Preventive Maintenance,11.2,840.0,Replaced burnt fuse block. Test run completed successfully.,Cancelled
DISP-13613,EQ-6885,C-1117,04/18/2024,Lisa Rodriguez,Warranty Replacement,6.6,627.0,Performed standard preventive check. Updated firmware to v4.2.1.,completed
DISP-13614,EQ-6548,C-1328,01-16-2022,Carlos Sanchez,Warranty Replacement,0.5,37.5,Emergency dispatch for over-temperature alarm. Cleaned heat exchanger.,completed
DISP-13615,EQ-5693,C-1071,2023-10-18T00:00:00Z,  Michael Brown  ,Corrective Maintenance,6.2,744.0,Emergency dispatch for over-temperature alarm. Cleaned heat exchanger.,Completed
DISP-13616,EQ-5889,C-1463,2022/09/28,Mike Johnson,Software Update,5.2,624.0,Performed standard preventive check. Updated firmware to v4.2.1.,COMPLETED
DISP-13617,EQ-7368,C-1218,04/27/2022,Robert Martinez,Preventive Maintenance,4.8,456.0,Emergency dispatch for over-temperature alarm. Cleaned heat exchanger.,Completed
DISP-13618,EQ-7238,C-1034,2022/07/04,Mike Johnson,Installation,3.2,384.0,Emergency dispatch for over-temperature alarm. Cleaned heat exchanger.,In Progress
DISP-13619,EQ-6398,C-1325,10-23-2023,David Lee,Emergency Repair,4.1,389.5,Performed standard preventive check. Updated firmware to v4.2.1.,In Progress
DISP-13620,EQ-5942,C-1023,2024/02/19,Mike Johnson,Preventive Maintenance,7.1,674.5,Replaced burnt fuse block. Test run completed successfully.,COMPLETED
DISP-13621,EQ-5529,C-1277,2023/06/30,Michael Brown,Preventive Maintenance,10.0,950.0,Replaced faulty thermal sensor and verified system bus voltage.,In Progress
DISP-13622,EQ-5624,C-1042,2022-09-04T00:00:00Z,,Preventive Maintenance,2.8,420.0,Emergency dispatch for over-temperature alarm. Cleaned heat exchanger.,Completed
DISP-13623,EQ-7339,C-1245,12/24/2023,Michael Brown,Software Update,1.4,168.0,Emergency dispatch for over-temperature alarm. Cleaned heat exchanger.,completed
DISP-13624,EQ-5812,C-1143,2022-11-09,Michael Brown,Diagnostic,10.2,765.0,Calibrated inverter output. System operating within normal parameters.,COMPLETED
DISP-13625,EQ-5904,C-1332,01/22/2024,Lisa Rodriguez,Corrective Maintenance,6.2,589.0,Calibrated inverter output. System operating within normal parameters.,In Progress
DISP-13626,EQ-5724,C-1402,2024-07-17T00:00:00Z,Sarah Williams,Preventive Maintenance,8.0,600,Performed standard preventive check. Updated firmware to v4.2.1.,Completed
DISP-13627,EQ-5616,C-1278,09-10-2022,James Wilson,Corrective Maintenance,6.5,487.5,Emergency dispatch for over-temperature alarm. Cleaned heat exchanger.,Pending
DISP-13628,EQ-6378,C-1495,2021-11-09,David Lee,Software Update,3.1,372.0,Calibrated inverter output. System operating within normal parameters.,Completed
DISP-13629,EQ-5365,C-1204,2023-11-08,Michael Brown,Warranty Replacement,6.0,900.0,Emergency dispatch for over-temperature alarm. Cleaned heat exchanger.,Pending
DISP-13630,EQ-5043,C-1237,12/14/2023,Carlos   Sanchez,Corrective Maintenance,1.5,225,Performed standard preventive check. Updated firmware to v4.2.1.,COMPLETED
DISP-13631,EQ-5454,C-1269,08-15-2021,Jennifer Chen,Preventive Maintenance,7.2,864.0,Performed standard preventive check. Updated firmware to v4.2.1.,Completed
DISP-13632,EQ-6293,C-1390,07/09/2021,Lisa Rodriguez,Preventive Maintenance,0.8,96.0,Performed standard preventive check. Updated firmware to v4.2.1.,In Progress
DISP-13633,EQ-6751,C-1012,08/10/2024,,Corrective Maintenance,2.1,199.5,Emergency dispatch for over-temperature alarm. Cleaned heat exchanger.,Cancelled
DISP-13634,EQ-6966,C-1119,03-15-2023,James Wilson,Preventive Maintenance,2.3,218.5,Replaced faulty thermal sensor and verified system bus voltage.,COMPLETED
DISP-13635,EQ-6295,C-1274,08-28-2023,Amanda Thompson,Corrective Maintenance,9.3,697.5,Emergency dispatch for over-temperature alarm. Cleaned heat exchanger.,In Progress
DISP-13636,EQ-6538,C-1214,03/24/2023,David Lee,Emergency Repair,1.3,123.5,Replaced faulty thermal sensor and verified system bus voltage.,completed
DISP-13637,EQ-6287,C-1333,04-22-2023,Michael Brown,Diagnostic,2.0,150.0,Replaced faulty thermal sensor and verified system bus voltage.,completed
DISP-13638,EQ-5270,C-1236,2024-08-15,   Jennifer Chen,Corrective Maintenance,4.4,330.0,Calibrated inverter output. System operating within normal parameters.,Pending
DISP-13639,EQ-6826,C-1337,2022-07-27,Robert Martinez,Corrective Maintenance,4.3,322.5,Replaced faulty thermal sensor and verified system bus voltage.,Completed
DISP-13640,EQ-6148,C-1506,12/15/2022,Jennifer Chen,Software Update,9.3,883.5,Performed standard preventive check. Updated firmware to v4.2.1.,COMPLETED
DISP-13641,EQ-6414,C-1415,07/17/2024,Patricia Davis,Warranty Replacement,1.3,195.0,Emergency dispatch for over-temperature alarm. Cleaned heat exchanger.,Completed
DISP-13642,EQ-6431,C-1125,11/09/2022,   Mike Johnson,Corrective Maintenance,3.8,285.0,<html><body>Emergency dispatch for over-temperature alarm. Cleaned heat exchanger.</body></html>,Cancelled
DISP-13643,EQ-5247,C-1072,03-15-2023,David Lee,Preventive Maintenance,2.3,276.0,Replaced faulty thermal sensor and verified system bus voltage.,Pending
DISP-13644,EQ-6844,C-1144,2022/07/04,NULL,Emergency Repair,8.3,788.5,Performed standard preventive check. Updated firmware to v4.2.1.,In Progress
DISP-13645,EQ-7372,C-1037,06/03/2024,Michael Brown,Preventive Maintenance,479.5,$71925.00,Calibrated inverter output. System operating within normal parameters.,Completed
DISP-13646,EQ-5524,C-1030,12-11-2021,Jennifer Chen,Warranty Replacement,1.3,97.5,Replaced burnt fuse block. Test run completed successfully.,Cancelled
DISP-13647,EQ-5888,C-1038,2022-11-16,Mike Johnson,Software Update,8.9,1068.0,Calibrated inverter output. System operating within normal parameters.,Pending
DISP-13648,EQ-6580,C-1313,2023/01/14,Carlos Sanchez,Installation,2.8,266.0,Replaced faulty thermal sensor and verified system bus voltage.,Pending
DISP-13649,EQ-5767,C-1355,12/01/2022,Maria Garcia,Corrective Maintenance,1.8,216.0,Replaced burnt fuse block. Test run completed successfully.,In Progress
DISP-13650,EQ-5057,C-1375,01-18-2023,James Wilson,Software Update,10.5,787.5,Calibrated inverter output. System operating within normal parameters.,completed
DISP-13651,EQ-99374,C-99165,04/12/2022,James Wilson  ,Diagnostic,2.2,264.0,Replaced faulty thermal sensor and verified system bus voltage.,COMPLETED
DISP-13652,EQ-6823,C-1470,12/10/2023,Robert Martinez,Emergency Repair,7.1,532.5,Replaced burnt fuse block. Test run completed successfully.,Pending
DISP-13653,EQ-6916,C-1117,2022/11/09,Robert Martinez,Corrective Maintenance,11.7,877.5,Performed standard preventive check. Updated firmware to v4.2.1.,COMPLETED
DISP-13654,EQ-6193,C-1064,12-20-2023,Maria Garcia,Software Update,9.2,1104.0,Performed standard preventive check. Updated firmware to v4.2.1.,Completed
DISP-13655,EQ-5297,C-1459,12-21-2022,Michael Brown,Emergency Repair,4.1,389.5,Performed standard preventive check. Updated firmware to v4.2.1.,Completed
DISP-13656,EQ-6279,C-1342,04/02/2024,Sarah Williams,Emergency Repair,3.1,232.5,Calibrated inverter output. System operating within normal parameters.,Pending
DISP-13657,EQ-6515,C-1517,2024/08/08,James Wilson,Installation,11.5,1380.0,Performed standard preventive check. Updated firmware to v4.2.1.,Cancelled
DISP-13658,EQ-5379,C-1362,2023-10-27T00:00:00Z,Jennifer Chen,Diagnostic,8.1,769.5,Replaced faulty thermal sensor and verified system bus voltage.,In Progress
DISP-13659,EQ-7399,C-1101,2021-06-23T00:00:00Z,Sarah Williams,Software Update,11.3,1073.5,Emergency dispatch for over-temperature alarm. Cleaned heat exchanger.,Cancelled
DISP-13660,EQ-5663,C-1065,2023-04-12,NULL,Emergency Repair,1.4,105.0,Performed standard preventive check. Updated firmware to v4.2.1.,COMPLETED
DISP-13661,EQ-5562,C-1116,12/22/2021,Jennifer Chen  ,Software Update,5.4,$513.00,Calibrated inverter output. System operating within normal parameters.,In Progress
DISP-13662,EQ-6474,C-1323,10/12/2021,  James Wilson  ,Preventive Maintenance,5.3,636.0,Replaced faulty thermal sensor and verified system bus voltage.,Pending
DISP-13663,EQ-5583,C-1504,10/04/2023,Lisa Rodriguez,Software Update,1.6,240.0,Performed standard preventive check. Updated firmware to v4.2.1.,In Progress
DISP-13664,EQ-7303,C-1374,2021/09/05,Jennifer   Chen,Diagnostic,1.8,270.0,Emergency dispatch for over-temperature alarm. Cleaned heat exchanger.,In Progress
DISP-13665,EQ-6231,C-1030,09-08-2022,Sarah Williams,Emergency Repair,0.8,96.0,Performed standard preventive check. Updated firmware to v4.2.1.,COMPLETED
DISP-13666,EQ-7406,C-1481,2023/07/14,Amanda Thompson,Corrective Maintenance,5.3,503.5,Emergency dispatch for over-temperature alarm. Cleaned heat exchanger.,completed
DISP-13667,EQ-5228,C-1293,02/18/2022,David Lee  ,Software Update,6.6,USD 792.00,<html>Performed standard preventive check. Updated firmware to v4.2.1.</html>,Pending
DISP-13668,EQ-6455,C-1475,2024-01-22,Sarah Williams,Preventive Maintenance,3.2,384.0,<html>Replaced faulty thermal sensor and verified system bus voltage.</html>,COMPLETED
DISP-13669,EQ-6807,C-1112,12/07/2023,Carlos Sanchez,Corrective Maintenance,6.3,472.5,Calibrated inverter output. System operating within normal parameters.,Completed
DISP-13670,EQ-5126,C-1140,2022-01-01,James Wilson,Emergency Repair,6.8,646,Performed standard preventive check. Updated firmware to v4.2.1.,Pending
DISP-13671,EQ-6681,C-1332,2024-02-22T00:00:00Z,Mike Johnson,Software Update,1.2,114.0,Performed standard preventive check. Updated firmware to v4.2.1.,completed
DISP-13672,EQ-6811,C-1331,2021-09-29T00:00:00Z,David Lee,Installation,10.6,795.0,<div>Emergency dispatch for over-temperature alarm. Cleaned heat exchanger.</div>,completed
DISP-13673,EQ-5765,C-1011,09/03/2022,David Lee,Installation,10.2,1530.0,Calibrated inverter output. System operating within normal parameters.,Completed
DISP-13674,EQ-6297,C-1323,07/30/2021,Amanda Thompson  ,Emergency Repair,10.3,978.5,Performed standard preventive check. Updated firmware to v4.2.1.,Pending
DISP-13675,EQ-7125,C-1056,2023-02-26,,Diagnostic,3.9,585.0,Performed standard preventive check. Updated firmware to v4.2.1.,completed
DISP-13676,EQ-5383,C-1312,2022-08-19T00:00:00Z,Lisa Rodriguez,Corrective Maintenance,10.5,1575.0,<div>Replaced burnt fuse block. Test run completed successfully.</div>,Cancelled
DISP-13677,EQ-6592,C-1485,05/17/2023,Patricia Davis,Warranty Replacement,1.5,225.0,Calibrated inverter output. System operating within normal parameters.,In Progress
DISP-13678,EQ-7202,C-1295,2022-01-02T00:00:00Z,Mike Johnson,Corrective Maintenance,5.9,885.0,Replaced burnt fuse block. Test run completed successfully.,Cancelled
DISP-13679,EQ-6442,C-1129,2022-08-03T00:00:00Z,James Wilson,Installation,8.8,1056.0,Performed standard preventive check. Updated firmware to v4.2.1.,Completed
DISP-13680,EQ-5475,C-1350,09/18/2021,Amanda Thompson  ,Preventive Maintenance,11.9,892.5,Calibrated inverter output. System operating within normal parameters.,Pending
DISP-13681,EQ-5868,C-1463,2023-07-17T00:00:00Z,James Wilson,Preventive Maintenance,1.3,156.0,Calibrated inverter output. System operating within normal parameters.,Cancelled
DISP-13682,EQ-6423,C-1518,01/30/2022,Robert Martinez,Software Update,6.4,$608.00,Replaced faulty thermal sensor and verified system bus voltage.,Completed
DISP-13683,EQ-7190,C-1273,07/29/2021,Lisa Rodriguez,Preventive Maintenance,3.2,480.0,Calibrated inverter output. System operating within normal parameters.,In Progress
DISP-13684,EQ-6435,C-1357,2024-06-09T00:00:00Z,Lisa Rodriguez,Preventive Maintenance,5.1,484.5,Calibrated inverter output. System operating within normal parameters.,completed
DISP-13685,EQ-6227,C-1407,2021-10-17,James Wilson,Installation,1.8,216.0,Calibrated inverter output. System operating within normal parameters.,Pending
DISP-13686,EQ-7296,C-1515,10-11-2022,Maria Garcia,Preventive Maintenance,3.5,525,Replaced faulty thermal sensor and verified system bus voltage.,Cancelled
DISP-13687,EQ-6229,C-1090,08/01/2022,Maria Garcia,Preventive Maintenance,0.8,76.0,Replaced faulty thermal sensor and verified system bus voltage.,In Progress
DISP-13688,EQ-5777,C-1325,07-12-2023,David Lee,Corrective Maintenance,3.8,285.0,<div>Replaced burnt fuse block. Test run completed successfully.</div>,completed
DISP-13689,EQ-5286,C-1162,2023-02-07T00:00:00Z,Michael Brown,Preventive Maintenance,6.2,465.0,Replaced burnt fuse block. Test run completed successfully.,completed
DISP-13690,EQ-7356,C-1229,2022/05/04,Jennifer Chen  ,Installation,5.0,375.0,Replaced faulty thermal sensor and verified system bus voltage.,completed
DISP-13691,EQ-5429,C-1183,2022/11/04,Maria Garcia,Warranty Replacement,5.0,375.0,Performed standard preventive check. Updated firmware to v4.2.1.,completed
DISP-13692,EQ-5410,C-1450,02/04/2022,David Lee,Emergency Repair,3.3,396.0,Replaced faulty thermal sensor and verified system bus voltage.,In Progress
DISP-13693,EQ-5608,C-1041,2021/09/10,Robert Martinez,Warranty Replacement,7.8,936.0,Emergency dispatch for over-temperature alarm. Cleaned heat exchanger.,Completed
DISP-13694,EQ-6769,C-1328,03/21/2022,Maria Garcia,Corrective Maintenance,3.4,323,Calibrated inverter output. System operating within normal parameters.,completed
DISP-13695,EQ-6470,C-1372,01/24/2024,Sarah Williams,Diagnostic,2.2,330.0,Replaced faulty thermal sensor and verified system bus voltage.,Pending
DISP-13696,EQ-6119,C-1279,2021-12-15T00:00:00Z,David Lee,Corrective Maintenance,5.2,390.0,Replaced faulty thermal sensor and verified system bus voltage.,In Progress
DISP-13697,EQ-7436,C-1431,2022-10-10,   Jennifer Chen,Preventive Maintenance,9.4,705.0,Replaced burnt fuse block. Test run completed successfully.,completed
DISP-13698,EQ-5243,C-1373,2021/09/14,Sarah Williams,Emergency Repair,9.3,1116.0,Replaced burnt fuse block. Test run completed successfully.,COMPLETED
DISP-13699,EQ-6198,C-1478,07/26/2022,Maria Garcia,Warranty Replacement,4.5,540.0,<html>Replaced burnt fuse block. Test run completed successfully.</html>,In Progress
DISP-13700,EQ-6134,C-1086,2022/01/01,Maria Garcia,Diagnostic,1.1,132.0,Emergency dispatch for over-temperature alarm. Cleaned heat exchanger.,Completed
DISP-13701,EQ-7354,C-1260,02-28-2022,   Maria Garcia,Installation,10.8,1620.0,<b>Replaced burnt fuse block. Test run completed successfully.</b>,Pending
DISP-13702,EQ-6528,C-1029,2022/06/21,Sarah Williams,Emergency Repair,8.2,779.0,Replaced burnt fuse block. Test run completed successfully.,Pending
DISP-13703,EQ-5331,C-1436,2021/07/29,David Lee,Emergency Repair,8.7,652,Performed standard preventive check. Updated firmware to v4.2.1.,In Progress
DISP-13704,EQ-6301,C-1095,07/28/2023,Sarah Williams,Emergency Repair,1.6,240.0,<p>Emergency dispatch for over-temperature alarm. Cleaned heat exchanger.</p>,In Progress
DISP-13705,EQ-5405,C-1292,2022-12-23,Robert Martinez,Software Update,2.8,420.0,Calibrated inverter output. System operating within normal parameters.,In Progress
DISP-13706,EQ-5915,C-1119,2024/04/19,Maria Garcia,Software Update,11.1,1332.0,Replaced faulty thermal sensor and verified system bus voltage.,completed
DISP-13707,EQ-5953,C-1280,2024/03/06,Sarah Williams,Installation,11.8,1121.0,Replaced burnt fuse block. Test run completed successfully.,Pending
DISP-13708,EQ-7414,C-1455,11/29/2023,David Lee,Emergency Repair,1.0,120.0,Replaced burnt fuse block. Test run completed successfully.,Pending
DISP-13709,EQ-7407,C-1507,2022-12-14T00:00:00Z,Michael Brown,Software Update,11.3,1356.0,Replaced faulty thermal sensor and verified system bus voltage.,COMPLETED
DISP-13710,EQ-7282,C-1090,2022-11-16T00:00:00Z,Amanda Thompson,Installation,1.9,228.0,<html><body>Calibrated inverter output. System operating within normal parameters.</body></html>,In Progress
DISP-13711,EQ-5599,C-1047,2022-09-09,Sarah Williams,Diagnostic,1.2,144.0,Replaced burnt fuse block. Test run completed successfully.,COMPLETED
DISP-13712,EQ-7305,C-1431,05/05/2024,Sarah Williams,Diagnostic,5.9,560.5,Emergency dispatch for over-temperature alarm. Cleaned heat exchanger.,Cancelled
DISP-13713,EQ-7464,C-1489,2022-11-13T00:00:00Z,Robert Martinez,Warranty Replacement,6.8,816.0,Performed standard preventive check. Updated firmware to v4.2.1.,In Progress
DISP-13714,EQ-6254,C-1135,01-08-2022,James Wilson  ,Software Update,0.7,105.0,Performed standard preventive check. Updated firmware to v4.2.1.,In Progress
DISP-13715,EQ-5467,C-1280,01/07/2024,Sarah Williams,Corrective Maintenance,7.9,948.0,Calibrated inverter output. System operating within normal parameters.,In Progress
DISP-13716,EQ-5124,C-1482,01-29-2023,Maria Garcia,Software Update,2.5,375.0,Replaced faulty thermal sensor and verified system bus voltage.,COMPLETED
DISP-13717,EQ-5107,C-1462,08-01-2023,Sarah Williams,Software Update,3.5,525.0,Replaced burnt fuse block. Test run completed successfully.,In Progress
DISP-13718,EQ-6450,C-1519,2023-08-19T00:00:00Z,Patricia Davis,Emergency Repair,0.9,85.5,Emergency dispatch for over-temperature alarm. Cleaned heat exchanger.,Completed
DISP-13719,EQ-5568,C-1162,2023-10-14,James Wilson,Corrective Maintenance,5.8,696.0,Calibrated inverter output. System operating within normal parameters.,Pending
DISP-13720,EQ-6113,C-1079,2021-08-04T00:00:00Z,Sarah Williams,Preventive Maintenance,6.9,1035.0,<div>Calibrated inverter output. System operating within normal parameters.</div>,Pending
DISP-13721,EQ-7467,C-1146,07/09/2021,NULL,Installation,8.4,798.0,Replaced burnt fuse block. Test run completed successfully.,completed
DISP-13722,EQ-5368,C-1154,2023-09-22,Lisa Rodriguez,Diagnostic,3.8,285.0,Emergency dispatch for over-temperature alarm. Cleaned heat exchanger.,completed
DISP-13723,EQ-6230,C-1055,05-07-2024,Maria Garcia,Software Update,1.7,161.5,Replaced burnt fuse block. Test run completed successfully.,completed
DISP-13724,EQ-6401,C-1069,10-24-2021,Carlos   Sanchez,Preventive Maintenance,10.5,1260.0,Emergency dispatch for over-temperature alarm. Cleaned heat exchanger.,COMPLETED
DISP-13725,EQ-6617,C-1116,2021-08-09,James Wilson,Corrective Maintenance,9.2,1380.0,Performed standard preventive check. Updated firmware to v4.2.1.,Pending
DISP-13726,EQ-7405,C-1253,2021/09/03,Patricia Davis,Corrective Maintenance,5.0,600.0,Performed standard preventive check. Updated firmware to v4.2.1.,COMPLETED
DISP-13727,EQ-6626,C-1064,2022/02/19,   Carlos Sanchez,Installation,11.3,1695.0,<div>Performed standard preventive check. Updated firmware to v4.2.1.</div>,COMPLETED
DISP-13728,EQ-6678,C-1332,11/05/2021,Amanda Thompson,Corrective Maintenance,7.5,712.5,<html>Calibrated inverter output. System operating within normal parameters.</html>,Completed
DISP-13729,EQ-5279,C-1239,2022-10-29,Maria Garcia,Diagnostic,8.7,826.5,Emergency dispatch for over-temperature alarm. Cleaned heat exchanger.,Completed
DISP-13730,EQ-6079,C-1260,2021-12-22T00:00:00Z,Patricia Davis,Emergency Repair,8.9,1335.0,Replaced burnt fuse block. Test run completed successfully.,Cancelled
DISP-13731,EQ-7071,C-1249,11-08-2023,Maria Garcia,Warranty Replacement,10.5,997.5,Emergency dispatch for over-temperature alarm. Cleaned heat exchanger.,Pending
DISP-13732,EQ-6401,C-1069,2022-08-01,Mike Johnson,Corrective Maintenance,6.5,617.5,Emergency dispatch for over-temperature alarm. Cleaned heat exchanger.,Pending
DISP-13733,EQ-6506,C-1140,2022-07-20,David   Lee,Software Update,11.6,1102.0,<b>Performed standard preventive check. Updated firmware to v4.2.1.</b>,COMPLETED
DISP-13734,EQ-7327,C-1428,2024/03/31,Amanda Thompson,Emergency Repair,4.0,480.0,Replaced faulty thermal sensor and verified system bus voltage.,Cancelled
DISP-13735,EQ-6888,C-1428,2023/05/16,Jennifer Chen,Software Update,3.1,465.0,Calibrated inverter output. System operating within normal parameters.,Cancelled
DISP-13736,EQ-6785,C-1348,08-29-2021,NULL,Corrective Maintenance,9.2,1380.0,<html>Replaced burnt fuse block. Test run completed successfully.</html>,Pending
DISP-13737,EQ-5831,C-1403,01/15/2024,David Lee,Installation,9.0,675.0,Replaced burnt fuse block. Test run completed successfully.,Cancelled
DISP-13738,EQ-5498,C-1503,09/22/2021,Jennifer Chen,Preventive Maintenance,3.3,313.5,Replaced burnt fuse block. Test run completed successfully.,completed
DISP-13739,EQ-6125,C-1027,2021-11-26T00:00:00Z,Amanda Thompson,Emergency Repair,4.7,564.0,Calibrated inverter output. System operating within normal parameters.,In Progress
DISP-13740,EQ-6429,C-1503,04/06/2023,David Lee,Installation,10.5,997.5,Replaced faulty thermal sensor and verified system bus voltage.,completed
DISP-13741,EQ-6797,C-1486,09-02-2021,Carlos Sanchez,Emergency Repair,4.7,705.0,Replaced burnt fuse block. Test run completed successfully.,completed
DISP-13742,EQ-5403,C-1498,11/12/2023,David Lee  ,Corrective Maintenance,9.6,1152.0,Replaced burnt fuse block. Test run completed successfully.,Pending
DISP-13743,EQ-6494,C-1436,06/04/2021,Lisa Rodriguez,Installation,6.0,720.0,Replaced faulty thermal sensor and verified system bus voltage.,Cancelled
DISP-13744,EQ-6082,C-1186,02-03-2023,Robert Martinez,Warranty Replacement,2.8,266.0,Emergency dispatch for over-temperature alarm. Cleaned heat exchanger.,COMPLETED
DISP-13745,EQ-6909,C-1372,08-09-2024,Sarah Williams,Installation,2.3,172.5,Replaced burnt fuse block. Test run completed successfully.,Completed
DISP-13746,EQ-5865,C-1029,2022/05/27,Jennifer Chen,Emergency Repair,1.2,90.0,Emergency dispatch for over-temperature alarm. Cleaned heat exchanger.,COMPLETED
DISP-13747,EQ-6962,C-1143,2024/07/08,Jennifer Chen,Installation,9.1,1092.0,Calibrated inverter output. System operating within normal parameters.,Cancelled
DISP-13748,EQ-6818,C-1469,2022/05/09,Michael Brown,Warranty Replacement,1.1,165.0,Replaced faulty thermal sensor and verified system bus voltage.,Pending
DISP-13749,EQ-6682,C-1055,2024-01-30T00:00:00Z,Michael Brown,Software Update,9.3,697.5,Performed standard preventive check. Updated firmware to v4.2.1.,Completed
DISP-13750,EQ-5166,C-1307,12/20/2022,Robert Martinez,Installation,11.4,855.0,Calibrated inverter output. System operating within normal parameters.,completed
DISP-13751,EQ-6839,C-1124,11-29-2021,Jennifer Chen,Software Update,2.6,390,Replaced burnt fuse block. Test run completed successfully.,Completed
DISP-13752,EQ-5670,C-1385,2023/03/13,Maria Garcia,Software Update,6.3,756.0,Replaced burnt fuse block. Test run completed successfully.,Pending
DISP-13753,EQ-5840,C-1107,2024-04-07T00:00:00Z,Lisa Rodriguez,Installation,0.8,120.0,Emergency dispatch for over-temperature alarm. Cleaned heat exchanger.,Pending
DISP-13754,EQ-6266,C-1211,2022-06-14T00:00:00Z,Patricia Davis,Diagnostic,8.0,$600.00,Replaced burnt fuse block. Test run completed successfully.,COMPLETED
DISP-13755,EQ-5412,C-1294,2024-05-22,Amanda Thompson,Software Update,8.9,1335.0,Performed standard preventive check. Updated firmware to v4.2.1.,completed
DISP-13756,EQ-5555,C-1033,05/03/2023,  Mike Johnson  ,Installation,11.9,1785.0,Emergency dispatch for over-temperature alarm. Cleaned heat exchanger.,Pending
DISP-13757,EQ-5927,C-1123,2024/03/22,James Wilson,Warranty Replacement,5.1,484.5,Emergency dispatch for over-temperature alarm. Cleaned heat exchanger.,COMPLETED
DISP-13758,EQ-5368,C-1154,2022-10-18T00:00:00Z,David   Lee,Installation,5.0,375.0,Replaced burnt fuse block. Test run completed successfully.,Pending
DISP-13759,EQ-5523,C-1083,07-31-2022,David Lee,Installation,9.4,705.0,Replaced faulty thermal sensor and verified system bus voltage.,COMPLETED
DISP-13760,EQ-7283,C-1238,2022-06-15T00:00:00Z,Mike Johnson,Warranty Replacement,347.2,32984.0,Replaced faulty thermal sensor and verified system bus voltage.,In Progress
DISP-13761,EQ-7257,C-1025,2021/11/20,Jennifer Chen,Installation,1.1,165.0,<b>Replaced burnt fuse block. Test run completed successfully.</b>,Cancelled
DISP-13762,EQ-5013,C-1103,09-01-2023,Carlos Sanchez,Software Update,4.5,427.5,Performed standard preventive check. Updated firmware to v4.2.1.,Cancelled
DISP-13763,EQ-5603,C-1491,02/03/2023,  Carlos Sanchez  ,Warranty Replacement,10.6,1007.0,Emergency dispatch for over-temperature alarm. Cleaned heat exchanger.,completed
DISP-13764,EQ-5688,C-1298,07/10/2022,James Wilson,Software Update,6.9,517.5,Emergency dispatch for over-temperature alarm. Cleaned heat exchanger.,completed
DISP-13765,EQ-5765,C-1011,2022/10/29,Robert   Martinez,Preventive Maintenance,3.6,432.0,Emergency dispatch for over-temperature alarm. Cleaned heat exchanger.,completed
DISP-13766,EQ-6585,C-1204,2024-07-19T00:00:00Z,Patricia Davis,Preventive Maintenance,7.3,547.5,<p>Replaced faulty thermal sensor and verified system bus voltage.</p>,Completed
DISP-13767,EQ-6465,C-1154,2024/08/06,David Lee,Warranty Replacement,10.7,$1016.50,Replaced faulty thermal sensor and verified system bus voltage.,Completed
DISP-13768,EQ-5032,C-1016,2022/10/21,  Amanda Thompson  ,Software Update,2.8,$420.00,Emergency dispatch for over-temperature alarm. Cleaned heat exchanger.,Cancelled
DISP-13769,EQ-5644,C-1019,07/29/2021,Jennifer Chen,Corrective Maintenance,11.3,$1356.00,Performed standard preventive check. Updated firmware to v4.2.1.,Pending
DISP-13770,EQ-7000,C-1213,2023/03/11,Sarah Williams,Installation,3.4,510.0,Performed standard preventive check. Updated firmware to v4.2.1.,Completed
DISP-13771,EQ-5233,C-1474,2022/09/10,Patricia Davis  ,Diagnostic,3.1,232.5,Calibrated inverter output. System operating within normal parameters.,Pending
DISP-13772,EQ-7022,C-1208,2022/07/22,Amanda Thompson,Warranty Replacement,4.3,USD 516.00,Replaced burnt fuse block. Test run completed successfully.,Cancelled
DISP-13773,EQ-5866,C-1441,2024-03-31T00:00:00Z,Robert Martinez,Warranty Replacement,1.7,204.0,Emergency dispatch for over-temperature alarm. Cleaned heat exchanger.,completed
DISP-13774,EQ-6035,C-1188,2024-04-25,Carlos Sanchez,Diagnostic,2.7,202.5,Replaced faulty thermal sensor and verified system bus voltage.,Cancelled
DISP-13775,EQ-5570,C-1476,04/06/2023,Carlos Sanchez,Corrective Maintenance,6.9,$655.50,Performed standard preventive check. Updated firmware to v4.2.1.,completed
DISP-13776,EQ-5695,C-1124,2023/07/28,Michael Brown,Warranty Replacement,9.9,940.5,Calibrated inverter output. System operating within normal parameters.,Completed
DISP-13777,EQ-6783,C-1199,2024-03-05,Amanda Thompson,Emergency Repair,3.0,450.0,Replaced faulty thermal sensor and verified system bus voltage.,Pending
DISP-13778,EQ-6679,C-1287,02-18-2023,David Lee,Diagnostic,5.9,442.5,Emergency dispatch for over-temperature alarm. Cleaned heat exchanger.,Pending
DISP-13779,EQ-7217,C-1491,02-06-2023,Maria Garcia,Preventive Maintenance,8.4,1008.0,Replaced burnt fuse block. Test run completed successfully.,COMPLETED
DISP-13780,EQ-6270,C-1467,2022-10-02,David Lee,Corrective Maintenance,7.8,585.0,Replaced faulty thermal sensor and verified system bus voltage.,Cancelled
DISP-13781,EQ-6217,C-1451,03/02/2023,Patricia Davis,Preventive Maintenance,5.2,624,Emergency dispatch for over-temperature alarm. Cleaned heat exchanger.,Pending
DISP-13782,EQ-7379,C-1282,01-08-2022,   Mike Johnson,Software Update,4.8,576.0,Replaced burnt fuse block. Test run completed successfully.,COMPLETED
DISP-13783,EQ-6956,C-1057,2024-02-26T00:00:00Z,Sarah Williams,Software Update,2.9,348.0,Calibrated inverter output. System operating within normal parameters.,Pending
DISP-13784,EQ-6399,C-1098,2024-02-21T00:00:00Z,Sarah Williams,Warranty Replacement,6.9,517.5,Replaced burnt fuse block. Test run completed successfully.,Completed
DISP-13785,EQ-5729,C-1493,11/29/2023,Jennifer Chen,Corrective Maintenance,2.9,217.5,Performed standard preventive check. Updated firmware to v4.2.1.,Cancelled
DISP-13786,EQ-6449,C-1440,2022/10/14,Robert Martinez,Diagnostic,8.4,798.0,Performed standard preventive check. Updated firmware to v4.2.1.,Completed
DISP-13787,EQ-5818,C-1482,01/26/2024,Mike Johnson,Installation,11.0,1320.0,Performed standard preventive check. Updated firmware to v4.2.1.,Completed
DISP-13788,EQ-6394,C-1237,07-25-2024,Jennifer Chen,Installation,8.9,1335.0,Performed standard preventive check. Updated firmware to v4.2.1.,Pending
DISP-13789,EQ-7309,C-1507,2023/07/21,Patricia Davis,Emergency Repair,6.8,816.0,<b>Calibrated inverter output. System operating within normal parameters.</b>,COMPLETED
DISP-13790,EQ-5375,C-1382,2023-06-13T00:00:00Z,Carlos Sanchez,Diagnostic,1.7,127.5,<b>Performed standard preventive check. Updated firmware to v4.2.1.</b>,In Progress
DISP-13791,EQ-5166,C-1307,05-08-2023,Lisa Rodriguez,Diagnostic,8.0,760.0,Calibrated inverter output. System operating within normal parameters.,COMPLETED
DISP-13792,EQ-5430,C-1289,2023/07/21,James Wilson,Preventive Maintenance,11.2,1680.0,Replaced faulty thermal sensor and verified system bus voltage.,Pending
DISP-13793,EQ-6754,C-1478,03-11-2023,Sarah Williams,Emergency Repair,3.1,294.5,Performed standard preventive check. Updated firmware to v4.2.1.,COMPLETED
DISP-13794,EQ-99260,C-99707,2024/03/06,Carlos Sanchez,Installation,7.6,912.0,Emergency dispatch for over-temperature alarm. Cleaned heat exchanger.,COMPLETED
DISP-13795,EQ-5703,C-1379,08/24/2021,Patricia Davis,Warranty Replacement,7.7,731.5,Performed standard preventive check. Updated firmware to v4.2.1.,Pending
DISP-13796,EQ-5552,C-1217,2023/06/13,Robert Martinez,Corrective Maintenance,4.8,576.0,Emergency dispatch for over-temperature alarm. Cleaned heat exchanger.,Cancelled
DISP-13797,EQ-7263,C-1361,2021-09-30,David Lee,Corrective Maintenance,7.8,585.0,Replaced faulty thermal sensor and verified system bus voltage.,Cancelled
DISP-13798,EQ-6544,C-1283,08/06/2022,Lisa Rodriguez,Warranty Replacement,5.1,765.0,Performed standard preventive check. Updated firmware to v4.2.1.,Completed
DISP-13799,EQ-5518,C-1131,08/04/2024,Lisa Rodriguez,Corrective Maintenance,11.5,1380.0,Replaced faulty thermal sensor and verified system bus voltage.,Cancelled
DISP-13800,EQ-5723,C-1468,01/31/2022,David Lee,Warranty Replacement,3.5,420.0,<html><body>Performed standard preventive check. Updated firmware to v4.2.1.</body></html>,Pending
DISP-13801,EQ-6476,C-1056,06/21/2022,Lisa Rodriguez,Corrective Maintenance,7.9,948.0,Replaced burnt fuse block. Test run completed successfully.,COMPLETED
DISP-13802,EQ-7366,C-1444,2023-07-12T00:00:00Z,Michael Brown,Preventive Maintenance,3.2,480.0,Replaced burnt fuse block. Test run completed successfully.,Pending
DISP-13803,EQ-7149,C-1177,2021/12/25,Jennifer Chen,Warranty Replacement,11.1,1332.0,Emergency dispatch for over-temperature alarm. Cleaned heat exchanger.,Pending
DISP-13804,EQ-6222,C-1319,2022/06/11,Patricia Davis,Software Update,11.8,885.0,Replaced burnt fuse block. Test run completed successfully.,COMPLETED
DISP-13805,EQ-5406,C-1022,2023/03/29,Michael Brown,Software Update,3.7,555.0,<html><body>Replaced faulty thermal sensor and verified system bus voltage.</body></html>,COMPLETED
DISP-13806,EQ-5574,C-1223,01/30/2022,Michael Brown,Diagnostic,6.0,450.0,Performed standard preventive check. Updated firmware to v4.2.1.,Cancelled
DISP-13807,EQ-5120,C-1431,08-27-2022,Mike Johnson,Warranty Replacement,6.6,495.0,Emergency dispatch for over-temperature alarm. Cleaned heat exchanger.,In Progress
DISP-13808,EQ-5603,C-1491,09/15/2022,Patricia Davis,Installation,10.9,1308.0,Replaced faulty thermal sensor and verified system bus voltage.,Cancelled
DISP-13809,EQ-5354,C-1220,2024-03-04,Robert Martinez,Corrective Maintenance,10.1,959,Replaced burnt fuse block. Test run completed successfully.,completed
DISP-13810,EQ-5643,C-1506,2023/12/14,Lisa Rodriguez,Installation,8.0,600.0,Replaced burnt fuse block. Test run completed successfully.,Cancelled
DISP-13811,EQ-7406,C-1481,2023-04-13,Robert Martinez,Software Update,7.3,876.0,Calibrated inverter output. System operating within normal parameters.,COMPLETED
DISP-13812,EQ-5406,C-1022,2021/06/04,Jennifer Chen,Preventive Maintenance,8.0,600.0,Replaced burnt fuse block. Test run completed successfully.,Pending
DISP-13813,EQ-5113,C-1163,11/28/2022,Amanda Thompson,Warranty Replacement,1.2,114.0,Emergency dispatch for over-temperature alarm. Cleaned heat exchanger.,Completed
DISP-13814,EQ-6769,C-1328,2022-04-18,James Wilson,Emergency Repair,6.7,804.0,Emergency dispatch for over-temperature alarm. Cleaned heat exchanger.,Completed
DISP-13815,EQ-6655,C-1260,2022-08-02T00:00:00Z,NULL,Diagnostic,7.8,936.0,Emergency dispatch for over-temperature alarm. Cleaned heat exchanger.,completed
DISP-13816,EQ-5101,C-1434,02/19/2024,Jennifer Chen,Installation,6.8,1020,Calibrated inverter output. System operating within normal parameters.,In Progress
DISP-13817,EQ-6014,C-1247,2022/05/23,Patricia Davis,Emergency Repair,4.7,446.5,Emergency dispatch for over-temperature alarm. Cleaned heat exchanger.,COMPLETED
DISP-13818,EQ-6481,C-1265,2022-01-23,Michael Brown,Emergency Repair,9.0,1350.0,Emergency dispatch for over-temperature alarm. Cleaned heat exchanger.,Pending
DISP-13819,EQ-6349,C-1331,2024-06-21T00:00:00Z,Carlos Sanchez,Corrective Maintenance,5.7,427.5,Replaced burnt fuse block. Test run completed successfully.,completed
DISP-13820,EQ-5488,C-1296,03-11-2023,Michael Brown,Emergency Repair,2.8,266.0,Replaced faulty thermal sensor and verified system bus voltage.,Completed
DISP-13821,EQ-5963,C-1477,11/30/2023,Maria Garcia,Corrective Maintenance,6.7,804.0,Replaced faulty thermal sensor and verified system bus voltage.,In Progress
DISP-13822,EQ-7389,C-1385,2022-02-22T00:00:00Z,Patricia Davis,Emergency Repair,10.8,810.0,Calibrated inverter output. System operating within normal parameters.,completed
DISP-13823,EQ-7062,C-1106,01/20/2022,James Wilson  ,Emergency Repair,2.7,256.5,Emergency dispatch for over-temperature alarm. Cleaned heat exchanger.,completed
DISP-13824,EQ-7188,C-1066,08-19-2022,   Lisa Rodriguez,Emergency Repair,5.2,390.0,Replaced burnt fuse block. Test run completed successfully.,Completed
DISP-13825,EQ-6269,C-1481,04/03/2024,Maria Garcia,Software Update,1.2,144.0,Emergency dispatch for over-temperature alarm. Cleaned heat exchanger.,completed
DISP-13826,EQ-7351,C-1519,2022-02-10T00:00:00Z,Robert Martinez,Emergency Repair,1.4,210.0,Performed standard preventive check. Updated firmware to v4.2.1.,Cancelled
DISP-13827,EQ-7120,C-1197,2022-08-08,,Emergency Repair,6.0,450.0,<p>Replaced faulty thermal sensor and verified system bus voltage.</p>,completed
DISP-13828,EQ-6460,C-1236,2023/09/06,Amanda Thompson,Diagnostic,8.0,"$1,200.00",Replaced burnt fuse block. Test run completed successfully.,Cancelled
DISP-13829,EQ-7378,C-1369,11/04/2023,Sarah Williams  ,Warranty Replacement,9.7,727.5,Replaced burnt fuse block. Test run completed successfully.,In Progress
DISP-13830,EQ-7384,C-1279,03/12/2022,Patricia Davis,Preventive Maintenance,8.1,972.0,Replaced faulty thermal sensor and verified system bus voltage.,In Progress
DISP-13831,EQ-6861,C-1365,2023-01-26T00:00:00Z,Jennifer Chen,Installation,5.9,USD 442.50,Replaced faulty thermal sensor and verified system bus voltage.,COMPLETED
DISP-13832,EQ-6227,C-1407,2022-12-22,Robert Martinez,Emergency Repair,11.1,1332.0,Emergency dispatch for over-temperature alarm. Cleaned heat exchanger.,Completed
DISP-13833,EQ-6610,C-1329,2022/03/15,Jennifer Chen,Software Update,10.9,817.5,Emergency dispatch for over-temperature alarm. Cleaned heat exchanger.,completed
DISP-13834,EQ-5577,C-1351,10-29-2022,Robert Martinez,Preventive Maintenance,4.7,564.0,Replaced faulty thermal sensor and verified system bus voltage.,Completed
DISP-13835,EQ-6349,C-1331,2021-12-10,Jennifer Chen,Emergency Repair,7.3,876.0,<strong>Performed standard preventive check. Updated firmware to v4.2.1.</strong>,Pending
DISP-13836,EQ-5347,C-1379,2024/04/29,Michael Brown,Warranty Replacement,7.0,840.0,Replaced burnt fuse block. Test run completed successfully.,In Progress
DISP-13837,EQ-5814,C-1250,11-25-2023,Jennifer   Chen,Software Update,10.3,1545.0,Replaced burnt fuse block. Test run completed successfully.,Cancelled
DISP-13838,EQ-7309,C-1507,2023/06/11,Lisa Rodriguez,Corrective Maintenance,11.6,1392.0,Replaced burnt fuse block. Test run completed successfully.,COMPLETED
DISP-13839,EQ-6802,C-1057,2024-01-18,Mike Johnson,Emergency Repair,9.8,931.0,Emergency dispatch for over-temperature alarm. Cleaned heat exchanger.,completed
DISP-13840,EQ-7338,C-1316,11/09/2021,Mike Johnson,Warranty Replacement,8.4,1008.0,Performed standard preventive check. Updated firmware to v4.2.1.,In Progress
DISP-13841,EQ-6246,C-1195,05-08-2022,Sarah Williams,Warranty Replacement,1.8,171,Performed standard preventive check. Updated firmware to v4.2.1.,Pending
DISP-13842,EQ-6099,C-1433,10-31-2023,Maria Garcia,Diagnostic,0.5,75.0,Calibrated inverter output. System operating within normal parameters.,COMPLETED
DISP-13843,EQ-7126,C-1280,2022-02-27T00:00:00Z,,Preventive Maintenance,5.0,375.0,Replaced burnt fuse block. Test run completed successfully.,COMPLETED
DISP-13844,EQ-7492,C-1018,2021-07-06,Michael Brown,Emergency Repair,6.8,510.0,Calibrated inverter output. System operating within normal parameters.,Completed
DISP-13845,EQ-6786,C-1336,07/23/2022,Sarah Williams  ,Installation,4.1,492.0,Calibrated inverter output. System operating within normal parameters.,In Progress
DISP-13846,EQ-6235,C-1409,2022-05-10,Maria Garcia,Warranty Replacement,11.7,877.5,Calibrated inverter output. System operating within normal parameters.,Pending
DISP-13847,EQ-5525,C-1056,2022-03-29,Lisa Rodriguez,Diagnostic,1.4,133.0,<html>Replaced burnt fuse block. Test run completed successfully.</html>,Pending
DISP-13848,EQ-6960,C-1148,04/14/2022,David Lee,Diagnostic,10.1,1212.0,Performed standard preventive check. Updated firmware to v4.2.1.,Completed
DISP-13849,EQ-7372,C-1037,01-05-2022,Michael Brown,Diagnostic,8.2,984.0,Replaced burnt fuse block. Test run completed successfully.,In Progress
DISP-13850,EQ-6078,C-1262,2022/04/27,Carlos   Sanchez,Warranty Replacement,2.5,237.5,Emergency dispatch for over-temperature alarm. Cleaned heat exchanger.,COMPLETED
DISP-13851,EQ-5292,C-1510,03/10/2023,Patricia Davis,Installation,6.5,487.5,Replaced faulty thermal sensor and verified system bus voltage.,COMPLETED
DISP-13852,EQ-7150,C-1343,2023-01-18,Michael Brown,Diagnostic,11.4,1710.0,Emergency dispatch for over-temperature alarm. Cleaned heat exchanger.,Cancelled
DISP-13853,EQ-99680,C-99745,2021-09-06,Amanda Thompson,Warranty Replacement,10.1,1515.0,Replaced faulty thermal sensor and verified system bus voltage.,COMPLETED
DISP-13854,EQ-6331,C-1407,11/23/2021,Jennifer Chen,Diagnostic,5.1,765.0,Replaced faulty thermal sensor and verified system bus voltage.,Cancelled
DISP-13855,EQ-7355,C-1102,2022-04-25,Patricia Davis,Emergency Repair,8.4,630.0,Replaced burnt fuse block. Test run completed successfully.,Cancelled
DISP-13856,EQ-7215,C-1326,08/30/2022,Jennifer Chen,Software Update,4.7,446.5,Emergency dispatch for over-temperature alarm. Cleaned heat exchanger.,Pending
DISP-13857,EQ-5229,C-1055,04-03-2024,Lisa Rodriguez,Software Update,2.0,300.0,Calibrated inverter output. System operating within normal parameters.,Completed
DISP-13858,EQ-6206,C-1046,10/11/2023,Lisa Rodriguez,Warranty Replacement,11.9,1428.0,<strong>Performed standard preventive check. Updated firmware to v4.2.1.</strong>,Pending
DISP-13859,EQ-7044,C-1432,01/28/2024,   Amanda Thompson,Corrective Maintenance,2.2,$165.00,Performed standard preventive check. Updated firmware to v4.2.1.,In Progress
DISP-13860,EQ-6083,C-1136,01/21/2023,Amanda Thompson,Corrective Maintenance,9.7,1164.0,Calibrated inverter output. System operating within normal parameters.,Pending
DISP-13861,EQ-7369,C-1272,08/27/2021,Amanda Thompson,Installation,11.1,1665.0,<div>Performed standard preventive check. Updated firmware to v4.2.1.</div>,In Progress
DISP-13862,EQ-5629,C-1174,2023-08-05T00:00:00Z,  Patricia Davis  ,Diagnostic,6.9,517.5,Replaced faulty thermal sensor and verified system bus voltage.,Pending
DISP-13863,EQ-5736,C-1228,11/21/2021,,Preventive Maintenance,4.4,660,Replaced faulty thermal sensor and verified system bus voltage.,COMPLETED
DISP-13864,EQ-5351,C-1088,10/26/2022,  Lisa Rodriguez  ,Warranty Replacement,1.4,168.0,Emergency dispatch for over-temperature alarm. Cleaned heat exchanger.,COMPLETED
DISP-13865,EQ-5110,C-1155,2022/09/14,Jennifer Chen,Preventive Maintenance,11.5,1725.0,Performed standard preventive check. Updated firmware to v4.2.1.,completed
DISP-13866,EQ-6637,C-1171,07/01/2021,Lisa Rodriguez,Installation,7.9,592.5,Performed standard preventive check. Updated firmware to v4.2.1.,completed
DISP-13867,EQ-6236,C-1072,08/16/2023,Sarah Williams,Preventive Maintenance,0.6,45.0,Replaced faulty thermal sensor and verified system bus voltage.,COMPLETED
DISP-13868,EQ-6838,C-1266,12/03/2023,Maria Garcia,Preventive Maintenance,0.6,57.0,Replaced burnt fuse block. Test run completed successfully.,Pending
DISP-13869,EQ-5836,C-1492,2022-05-31,Mike Johnson,Software Update,0.6,90.0,<p>Emergency dispatch for over-temperature alarm. Cleaned heat exchanger.</p>,completed
DISP-13870,EQ-5560,C-1125,03-11-2023,Patricia Davis,Installation,9.5,1425.0,Replaced burnt fuse block. Test run completed successfully.,completed
DISP-13871,EQ-5369,C-1397,2021-08-26T00:00:00Z,Michael Brown,Software Update,6.1,457.5,Replaced burnt fuse block. Test run completed successfully.,COMPLETED
DISP-13872,EQ-7204,C-1273,2022-07-14,   Mike Johnson,Diagnostic,5.4,648.0,Replaced burnt fuse block. Test run completed successfully.,Completed
DISP-13873,EQ-6850,C-1262,12/11/2022,Sarah Williams,Preventive Maintenance,8.0,960.0,<p>Replaced faulty thermal sensor and verified system bus voltage.</p>,Completed
DISP-13874,EQ-5074,C-1226,12/23/2021,Mike Johnson,Installation,8.6,645.0,Emergency dispatch for over-temperature alarm. Cleaned heat exchanger.,COMPLETED
DISP-13875,EQ-7327,C-1428,03/20/2022,Patricia Davis,Warranty Replacement,9.8,1470.0,Replaced faulty thermal sensor and verified system bus voltage.,completed
DISP-13876,EQ-7486,C-1163,10-19-2021,Jennifer Chen  ,Preventive Maintenance,6.6,990.0,Performed standard preventive check. Updated firmware to v4.2.1.,Completed
DISP-13877,EQ-5065,C-1135,2022-09-08,Robert   Martinez,Preventive Maintenance,9.3,1116.0,<b>Replaced burnt fuse block. Test run completed successfully.</b>,Cancelled
DISP-13878,EQ-5119,C-1096,01/29/2024,Sarah Williams,Emergency Repair,8.5,1275.0,<p>Replaced burnt fuse block. Test run completed successfully.</p>,In Progress
DISP-13879,EQ-5196,C-1488,2022/12/29,Patricia   Davis,Software Update,0.9,135.0,Calibrated inverter output. System operating within normal parameters.,In Progress
DISP-13880,EQ-6272,C-1381,10/19/2021,Amanda Thompson,Software Update,8.1,1215.0,Emergency dispatch for over-temperature alarm. Cleaned heat exchanger.,In Progress
DISP-13881,EQ-6794,C-1091,2023-06-02,Maria Garcia,Software Update,6.9,655.5,Emergency dispatch for over-temperature alarm. Cleaned heat exchanger.,Completed
DISP-13882,EQ-6660,C-1129,05/20/2022,Michael Brown,Corrective Maintenance,6.3,598.5,Performed standard preventive check. Updated firmware to v4.2.1.,Cancelled
DISP-13883,EQ-6421,C-1359,2023/07/19,Maria Garcia,Corrective Maintenance,10.8,810.0,Replaced burnt fuse block. Test run completed successfully.,COMPLETED
DISP-13884,EQ-5721,C-1374,03/15/2023,  Carlos Sanchez  ,Diagnostic,6.0,$720.00,Replaced burnt fuse block. Test run completed successfully.,In Progress
DISP-13885,EQ-5053,C-1250,09-20-2022,James Wilson,Warranty Replacement,2.7,324.0,Performed standard preventive check. Updated firmware to v4.2.1.,COMPLETED
DISP-13886,EQ-5839,C-1429,2022-05-16,Jennifer Chen,Preventive Maintenance,9.9,940.5,Calibrated inverter output. System operating within normal parameters.,Completed
DISP-13887,EQ-6023,C-1266,09/30/2023,Maria Garcia,Corrective Maintenance,0.7,84.0,<html><body>Calibrated inverter output. System operating within normal parameters.</body></html>,Completed
DISP-13888,EQ-6822,C-1210,07/15/2022,Carlos Sanchez,Emergency Repair,11.9,892.5,Performed standard preventive check. Updated firmware to v4.2.1.,Pending
DISP-13889,EQ-6827,C-1333,01-25-2023,James Wilson,Preventive Maintenance,0.5,60.0,Replaced faulty thermal sensor and verified system bus voltage.,COMPLETED
DISP-13890,EQ-6710,C-1403,2021-12-07T00:00:00Z,Mike Johnson,Warranty Replacement,10.3,772.5,Replaced faulty thermal sensor and verified system bus voltage.,Cancelled
DISP-13891,EQ-5173,C-1488,2023/06/16,Mike Johnson,Corrective Maintenance,6.2,465.0,Replaced faulty thermal sensor and verified system bus voltage.,Cancelled
DISP-13892,EQ-5216,C-1126,2022/04/10,Jennifer Chen,Warranty Replacement,3.9,585.0,Emergency dispatch for over-temperature alarm. Cleaned heat exchanger.,completed
DISP-13893,EQ-6429,C-1503,2022-07-12,David Lee,Diagnostic,7.2,864.0,Replaced burnt fuse block. Test run completed successfully.,completed
DISP-13894,EQ-5680,C-1314,02/05/2022,Maria Garcia  ,Corrective Maintenance,6.4,768.0,Performed standard preventive check. Updated firmware to v4.2.1.,COMPLETED
DISP-13895,EQ-5808,C-1384,07/31/2022,   Michael Brown,Warranty Replacement,2.1,157.5,Replaced burnt fuse block. Test run completed successfully.,Completed
DISP-13896,EQ-6325,C-1379,2023-01-06T00:00:00Z,Patricia Davis,Preventive Maintenance,10.9,1308.0,Replaced faulty thermal sensor and verified system bus voltage.,COMPLETED
DISP-13897,EQ-5953,C-1280,01-03-2022,Carlos Sanchez,Software Update,7.8,585.0,Replaced burnt fuse block. Test run completed successfully.,completed
DISP-13898,EQ-5259,C-1461,2022-09-03,Maria Garcia,Software Update,6.4,480.0,Emergency dispatch for over-temperature alarm. Cleaned heat exchanger.,Pending
DISP-13899,EQ-6237,C-1450,01/25/2022,Lisa Rodriguez  ,Installation,1.0,75.0,Calibrated inverter output. System operating within normal parameters.,In Progress
DISP-13900,EQ-5097,C-1284,2024-04-18T00:00:00Z,Sarah Williams,Emergency Repair,489.1,USD 73365.00,<html>Replaced faulty thermal sensor and verified system bus voltage.</html>,completed
DISP-13901,EQ-7201,C-1141,10/17/2021,David Lee,Warranty Replacement,7.0,840.0,Performed standard preventive check. Updated firmware to v4.2.1.,COMPLETED
DISP-13902,EQ-5933,C-1510,09/14/2022,Jennifer Chen,Corrective Maintenance,9.7,727.5,Emergency dispatch for over-temperature alarm. Cleaned heat exchanger.,COMPLETED
DISP-13903,EQ-6611,C-1313,05/29/2024,Carlos Sanchez,Emergency Repair,0.8,76.0,Emergency dispatch for over-temperature alarm. Cleaned heat exchanger.,completed
DISP-13904,EQ-7348,C-1469,2021-06-18T00:00:00Z,Patricia Davis,Diagnostic,2.5,375.0,Performed standard preventive check. Updated firmware to v4.2.1.,Cancelled
DISP-13905,EQ-5957,C-1083,2022/01/28,Jennifer   Chen,Emergency Repair,6.6,792.0,<html>Replaced faulty thermal sensor and verified system bus voltage.</html>,Cancelled
DISP-13906,EQ-5765,C-1011,04/29/2024,Lisa Rodriguez,Diagnostic,6.2,589.0,Performed standard preventive check. Updated firmware to v4.2.1.,completed
DISP-13907,EQ-5885,C-1244,01/27/2022,Amanda Thompson,Diagnostic,5.3,397.5,Emergency dispatch for over-temperature alarm. Cleaned heat exchanger.,completed
DISP-13908,EQ-5224,C-1152,08-12-2024,David Lee,Installation,3.5,420.0,Calibrated inverter output. System operating within normal parameters.,In Progress
DISP-13909,EQ-7142,C-1347,10/28/2021,Michael Brown,Corrective Maintenance,3.6,432.0,Replaced faulty thermal sensor and verified system bus voltage.,Cancelled
DISP-13910,EQ-5787,C-1274,06/29/2022,Lisa Rodriguez,Corrective Maintenance,4.1,492.0,Emergency dispatch for over-temperature alarm. Cleaned heat exchanger.,Cancelled
DISP-13911,EQ-6635,C-1423,07/30/2023,Michael Brown,Preventive Maintenance,9.2,USD 690.00,Performed standard preventive check. Updated firmware to v4.2.1.,Cancelled
DISP-13912,EQ-6153,C-1039,2024/03/10,Amanda Thompson,Diagnostic,5.0,750.0,<strong>Performed standard preventive check. Updated firmware to v4.2.1.</strong>,Completed
DISP-13913,EQ-6946,C-1404,2022-05-15,   Sarah Williams,Software Update,7.1,532.5,<html>Replaced burnt fuse block. Test run completed successfully.</html>,Pending
DISP-13914,EQ-5700,C-1260,2024-08-07,Jennifer Chen,Software Update,8.3,1245.0,Performed standard preventive check. Updated firmware to v4.2.1.,Pending
DISP-13915,EQ-6109,C-1345,07-13-2022,Michael Brown,Software Update,10.6,1007.0,Calibrated inverter output. System operating within normal parameters.,In Progress
DISP-13916,EQ-5225,C-1245,2023-01-07T00:00:00Z,   Sarah Williams,Software Update,3.4,255.0,Emergency dispatch for over-temperature alarm. Cleaned heat exchanger.,COMPLETED
DISP-13917,EQ-5927,C-1123,05-31-2024,Amanda Thompson,Preventive Maintenance,2.9,217.5,Replaced faulty thermal sensor and verified system bus voltage.,Cancelled
DISP-13918,EQ-5974,C-1100,10/06/2021,Mike Johnson,Installation,10.7,1605.0,Replaced burnt fuse block. Test run completed successfully.,COMPLETED
DISP-13919,EQ-6669,C-1151,2021/08/27,Patricia Davis,Emergency Repair,9.4,1410.0,Performed standard preventive check. Updated firmware to v4.2.1.,completed
DISP-13920,EQ-5903,C-1420,07-04-2021,Robert Martinez,Preventive Maintenance,437.4,52488.0,Calibrated inverter output. System operating within normal parameters.,Pending
DISP-13921,EQ-5298,C-1144,2024-06-23,Carlos Sanchez  ,Preventive Maintenance,5.8,435.0,Calibrated inverter output. System operating within normal parameters.,Completed
DISP-13922,EQ-6615,C-1405,2023/02/12,Sarah Williams,Warranty Replacement,3.7,351.5,Emergency dispatch for over-temperature alarm. Cleaned heat exchanger.,Completed
DISP-13923,EQ-7040,C-1308,2021-06-26,Carlos Sanchez,Warranty Replacement,10.5,997.5,Replaced faulty thermal sensor and verified system bus voltage.,Completed
DISP-13924,EQ-5341,C-1320,08-25-2022,Amanda Thompson,Installation,5.6,$420.00,Performed standard preventive check. Updated firmware to v4.2.1.,COMPLETED
DISP-13925,EQ-6325,C-1379,2023-08-18,Carlos Sanchez,Corrective Maintenance,9.6,1152.0,Replaced faulty thermal sensor and verified system bus voltage.,In Progress
DISP-13926,EQ-7254,C-1415,2023-02-24T00:00:00Z,Patricia Davis  ,Preventive Maintenance,2.1,252.0,Performed standard preventive check. Updated firmware to v4.2.1.,Cancelled
DISP-13927,EQ-5760,C-1028,2024/05/19,Amanda Thompson,Installation,5.6,532.0,Replaced faulty thermal sensor and verified system bus voltage.,COMPLETED
DISP-13928,EQ-7458,C-1275,06-25-2022,Jennifer Chen,Software Update,9.6,1440.0,Emergency dispatch for over-temperature alarm. Cleaned heat exchanger.,COMPLETED
DISP-13929,EQ-6644,C-1083,2023-01-31,Robert Martinez,Installation,3.6,540.0,<b>Performed standard preventive check. Updated firmware to v4.2.1.</b>,Completed
DISP-13930,EQ-6912,C-1268,04/30/2024,David Lee,Corrective Maintenance,6.2,744.0,Replaced faulty thermal sensor and verified system bus voltage.,Completed
DISP-13931,EQ-7127,C-1386,2023-04-06,Sarah Williams,Software Update,6.8,816.0,Calibrated inverter output. System operating within normal parameters.,Cancelled
DISP-13932,EQ-6628,C-1395,2022/08/23,Michael Brown,Preventive Maintenance,0.8,60.0,Performed standard preventive check. Updated firmware to v4.2.1.,Cancelled
DISP-13933,EQ-6158,C-1437,2022-04-07T00:00:00Z,Robert Martinez,Corrective Maintenance,11.2,1064.0,Performed standard preventive check. Updated firmware to v4.2.1.,Completed
DISP-13934,EQ-6792,C-1510,2023/07/31,James Wilson,Installation,9.3,883.5,Performed standard preventive check. Updated firmware to v4.2.1.,COMPLETED
DISP-13935,EQ-5417,C-1303,03-06-2022,Jennifer Chen,Warranty Replacement,2.6,195,Performed standard preventive check. Updated firmware to v4.2.1.,In Progress
DISP-13936,EQ-5259,C-1461,2022/06/10,Amanda Thompson,Warranty Replacement,3.9,585.0,Emergency dispatch for over-temperature alarm. Cleaned heat exchanger.,Completed
DISP-13937,EQ-5451,C-1113,04-07-2024,James Wilson,Software Update,3.2,480.0,Emergency dispatch for over-temperature alarm. Cleaned heat exchanger.,COMPLETED
DISP-13938,EQ-6449,C-1440,09/08/2021,David Lee,Installation,10.6,1590.0,Calibrated inverter output. System operating within normal parameters.,In Progress
DISP-13939,EQ-5758,C-1099,2021-10-06,James Wilson,Warranty Replacement,11.8,1770.0,Performed standard preventive check. Updated firmware to v4.2.1.,Cancelled
DISP-13940,EQ-7422,C-1019,07-13-2024,,Corrective Maintenance,8.3,"$1,245.00",Replaced burnt fuse block. Test run completed successfully.,COMPLETED
DISP-13941,EQ-7200,C-1154,04/20/2022,Maria Garcia,Software Update,6.9,1035.0,Performed standard preventive check. Updated firmware to v4.2.1.,completed
DISP-13942,EQ-6269,C-1481,2024-07-11,Robert Martinez,Preventive Maintenance,6.8,510.0,Replaced burnt fuse block. Test run completed successfully.,COMPLETED
DISP-13943,EQ-6223,C-1476,06/29/2023,Amanda Thompson,Installation,7.0,525.0,Replaced burnt fuse block. Test run completed successfully.,completed
DISP-13944,EQ-6730,C-1177,2022-12-23,Lisa Rodriguez,Diagnostic,0.8,96.0,Replaced burnt fuse block. Test run completed successfully.,Pending
DISP-13945,EQ-7241,C-1048,10/01/2022,David Lee,Software Update,8.4,798.0,Performed standard preventive check. Updated firmware to v4.2.1.,In Progress
DISP-13946,EQ-7349,C-1305,05/22/2023,Lisa Rodriguez,Diagnostic,4.1,307.5,Emergency dispatch for over-temperature alarm. Cleaned heat exchanger.,Pending
DISP-13947,EQ-5749,C-1508,07/20/2023,Mike Johnson,Installation,9.9,940.5,Calibrated inverter output. System operating within normal parameters.,In Progress
DISP-13948,EQ-5618,C-1281,2023-04-06T00:00:00Z,,Preventive Maintenance,5.1,612.0,Emergency dispatch for over-temperature alarm. Cleaned heat exchanger.,Cancelled
DISP-13949,EQ-6912,C-1268,2024/03/08,David Lee,Installation,7.7,1155.0,Emergency dispatch for over-temperature alarm. Cleaned heat exchanger.,COMPLETED
DISP-13950,EQ-5308,C-1507,2022/07/03,Sarah Williams  ,Emergency Repair,7.1,1065.0,Replaced burnt fuse block. Test run completed successfully.,COMPLETED
DISP-13951,EQ-6877,C-1241,2024/07/14,Michael Brown,Corrective Maintenance,3.1,294.5,Replaced burnt fuse block. Test run completed successfully.,Pending
DISP-13952,EQ-5090,C-1213,2022-08-18,Robert Martinez,Emergency Repair,4.4,528.0,Replaced faulty thermal sensor and verified system bus voltage.,completed
DISP-13953,EQ-5315,C-1349,04/24/2022,Jennifer Chen,Warranty Replacement,7.6,1140.0,Performed standard preventive check. Updated firmware to v4.2.1.,completed
DISP-13954,EQ-6382,C-1445,10-25-2021,   Amanda Thompson,Emergency Repair,11.2,1344.0,Replaced burnt fuse block. Test run completed successfully.,COMPLETED
DISP-13955,EQ-6179,C-1413,07-29-2023,Maria   Garcia,Diagnostic,3.8,456.0,Replaced faulty thermal sensor and verified system bus voltage.,Completed
DISP-13956,EQ-7199,C-1318,07-06-2023,Robert Martinez  ,Preventive Maintenance,257.6,30912.0,Replaced faulty thermal sensor and verified system bus voltage.,Completed
DISP-13957,EQ-5415,C-1335,12-13-2021,Mike Johnson,Emergency Repair,9.9,940.5,Performed standard preventive check. Updated firmware to v4.2.1.,Completed
DISP-13958,EQ-5503,C-1497,2024-05-12T00:00:00Z,Amanda Thompson,Installation,9.9,1485.0,Calibrated inverter output. System operating within normal parameters.,Completed
DISP-13959,EQ-7187,C-1101,06/25/2022,Robert Martinez,Software Update,1.4,105.0,Emergency dispatch for over-temperature alarm. Cleaned heat exchanger.,In Progress
DISP-13960,EQ-6970,C-1327,2022-01-12T00:00:00Z,Carlos Sanchez,Warranty Replacement,5.8,870.0,Replaced burnt fuse block. Test run completed successfully.,Completed
DISP-13961,EQ-5903,C-1420,07/12/2024,David Lee,Warranty Replacement,10.0,1500.0,Performed standard preventive check. Updated firmware to v4.2.1.,Pending
DISP-13962,EQ-6362,C-1482,2024-03-02T00:00:00Z,  Robert Martinez  ,Corrective Maintenance,11.9,1130.5,Replaced burnt fuse block. Test run completed successfully.,Pending
DISP-13963,EQ-6023,C-1266,01/04/2022,David Lee,Warranty Replacement,5.1,484.5,Replaced faulty thermal sensor and verified system bus voltage.,Cancelled
DISP-13964,EQ-6480,C-1456,12/11/2023,Sarah Williams,Warranty Replacement,10.4,988.0,Emergency dispatch for over-temperature alarm. Cleaned heat exchanger.,Pending
DISP-13965,EQ-5121,C-1251,11/08/2022,Jennifer Chen,Corrective Maintenance,10.4,780.0,Replaced faulty thermal sensor and verified system bus voltage.,completed
DISP-13966,EQ-7176,C-1346,07-06-2024,Sarah Williams,Installation,2.6,195.0,Calibrated inverter output. System operating within normal parameters.,Completed
DISP-13967,EQ-7456,C-1500,2022-11-17,,Emergency Repair,5.3,397.5,Performed standard preventive check. Updated firmware to v4.2.1.,In Progress
DISP-13968,EQ-6928,C-1265,2023-09-17T00:00:00Z,Lisa Rodriguez,Diagnostic,1.1,165.0,Replaced burnt fuse block. Test run completed successfully.,In Progress
DISP-13969,EQ-5922,C-1241,11-04-2023,Patricia Davis  ,Warranty Replacement,0.5,60.0,Replaced burnt fuse block. Test run completed successfully.,completed
DISP-13970,EQ-6914,C-1289,02-18-2024,James Wilson,Warranty Replacement,3.1,294.5,Replaced faulty thermal sensor and verified system bus voltage.,Pending
DISP-13971,EQ-5891,C-1305,2023/04/10,Mike Johnson,Software Update,8.9,845.5,Emergency dispatch for over-temperature alarm. Cleaned heat exchanger.,Cancelled
DISP-13972,EQ-6101,C-1451,2024/07/05,,Software Update,7.9,948.0,<b>Performed standard preventive check. Updated firmware to v4.2.1.</b>,Pending
DISP-13973,EQ-7005,C-1126,2022-05-29T00:00:00Z,Michael Brown,Emergency Repair,12.0,1800.0,Calibrated inverter output. System operating within normal parameters.,Pending
DISP-13974,EQ-5546,C-1012,2021-10-09T00:00:00Z,Patricia Davis,Installation,6.3,USD 756.00,Replaced burnt fuse block. Test run completed successfully.,Cancelled
DISP-13975,EQ-6442,C-1129,10-08-2022,Amanda Thompson,Software Update,11.6,870.0,Performed standard preventive check. Updated firmware to v4.2.1.,Cancelled
DISP-13976,EQ-7423,C-1343,06/05/2022,Lisa Rodriguez,Emergency Repair,2.1,315.0,Emergency dispatch for over-temperature alarm. Cleaned heat exchanger.,completed
DISP-13977,EQ-5926,C-1095,2023-01-08T00:00:00Z,Michael Brown,Diagnostic,10.6,1272.0,Performed standard preventive check. Updated firmware to v4.2.1.,Completed
DISP-13978,EQ-5764,C-1165,10/18/2022,Patricia Davis,Diagnostic,5.3,636.0,Replaced burnt fuse block. Test run completed successfully.,Cancelled
DISP-13979,EQ-6116,C-1328,2023-03-15,David Lee,Preventive Maintenance,2.4,288.0,Replaced faulty thermal sensor and verified system bus voltage.,Cancelled
DISP-13980,EQ-5524,C-1030,2023-11-19,Patricia Davis,Corrective Maintenance,5.0,600.0,Emergency dispatch for over-temperature alarm. Cleaned heat exchanger.,Completed
DISP-13981,EQ-5409,C-1072,09/13/2023,James Wilson,Diagnostic,9.1,1365.0,<b>Replaced faulty thermal sensor and verified system bus voltage.</b>,completed
DISP-13982,EQ-7485,C-1301,07-26-2024,David Lee,Warranty Replacement,3.3,396.0,Calibrated inverter output. System operating within normal parameters.,Pending
DISP-13983,EQ-5035,C-1165,2021-06-20T00:00:00Z,Robert Martinez,Diagnostic,5.9,442.5,Replaced burnt fuse block. Test run completed successfully.,Pending
DISP-13984,EQ-7030,C-1250,08-24-2023,David Lee,Software Update,10.3,978.5,Replaced faulty thermal sensor and verified system bus voltage.,Completed
DISP-13985,EQ-6994,C-1114,01/09/2023,Lisa Rodriguez,Diagnostic,5.1,484.5,Emergency dispatch for over-temperature alarm. Cleaned heat exchanger.,In Progress
DISP-13986,EQ-6922,C-1379,2021/10/09,Patricia Davis,Warranty Replacement,7.0,1050.0,Replaced burnt fuse block. Test run completed successfully.,In Progress
DISP-13987,EQ-6038,C-1067,09-17-2023,David Lee,Warranty Replacement,2.1,157.5,Replaced burnt fuse block. Test run completed successfully.,Pending
DISP-13988,EQ-5617,C-1185,01/18/2022,Patricia Davis,Installation,4.5,337.5,Replaced faulty thermal sensor and verified system bus voltage.,COMPLETED
DISP-13989,EQ-6475,C-1365,2022/11/26,Sarah Williams,Software Update,11.9,1428,Replaced faulty thermal sensor and verified system bus voltage.,completed
DISP-13990,EQ-7302,C-1033,2021-08-24,Carlos Sanchez,Corrective Maintenance,6.7,1005,Calibrated inverter output. System operating within normal parameters.,Completed
DISP-13991,EQ-5260,C-1376,11-28-2021,Jennifer Chen,Emergency Repair,4.7,446.5,Performed standard preventive check. Updated firmware to v4.2.1.,Pending
DISP-13992,EQ-7185,C-1404,10/18/2023,Jennifer Chen,Corrective Maintenance,8.1,1215.0,<div>Replaced burnt fuse block. Test run completed successfully.</div>,In Progress
DISP-13993,EQ-7028,C-1129,2021-12-20T00:00:00Z,Jennifer Chen,Installation,6.5,487.5,Replaced burnt fuse block. Test run completed successfully.,Completed
DISP-13994,EQ-5852,C-1493,2022-07-08,Patricia Davis,Installation,11.9,"$1,785.00",Calibrated inverter output. System operating within normal parameters.,Cancelled
DISP-13995,EQ-5279,C-1239,2021/11/23,Jennifer Chen,Emergency Repair,9.2,1104.0,Calibrated inverter output. System operating within normal parameters.,Pending
DISP-13996,EQ-5245,C-1016,2024-01-08,David Lee,Diagnostic,3.8,361.0,Calibrated inverter output. System operating within normal parameters.,Pending
DISP-13997,EQ-6694,C-1352,11-01-2022,Sarah   Williams,Installation,10.0,950.0,<strong>Calibrated inverter output. System operating within normal parameters.</strong>,completed
DISP-13998,EQ-6821,C-1331,2024-04-08,Maria Garcia,Preventive Maintenance,4.4,660.0,<b>Emergency dispatch for over-temperature alarm. Cleaned heat exchanger.</b>,Cancelled
DISP-13999,EQ-5496,C-1182,2023-04-28T00:00:00Z,Patricia Davis,Installation,4.2,315.0,Calibrated inverter output. System operating within normal parameters.,In Progress
DISP-14000,EQ-5660,C-1276,09/30/2022,Sarah   Williams,Software Update,8.5,637.5,Replaced burnt fuse block. Test run completed successfully.,Completed
DISP-14001,EQ-6574,C-1022,2023-11-10T00:00:00Z,Carlos Sanchez,Installation,1.0,150.0,Calibrated inverter output. System operating within normal parameters.,Cancelled
DISP-14002,EQ-6073,C-1386,01-05-2022,Mike   Johnson,Corrective Maintenance,9.6,720.0,Replaced burnt fuse block. Test run completed successfully.,In Progress
DISP-14003,EQ-6911,C-1087,2022-10-03T00:00:00Z,James Wilson,Installation,5.7,541.5,<b>Emergency dispatch for over-temperature alarm. Cleaned heat exchanger.</b>,Pending
DISP-14004,EQ-6432,C-1169,2023-11-16,James Wilson,Installation,4.6,437,Performed standard preventive check. Updated firmware to v4.2.1.,Pending
DISP-14005,EQ-5487,C-1217,2022-05-13T00:00:00Z,Michael Brown,Software Update,0.8,120.0,Performed standard preventive check. Updated firmware to v4.2.1.,completed
DISP-14006,EQ-5028,C-1377,2022-03-15,David Lee  ,Warranty Replacement,6.3,945.0,Calibrated inverter output. System operating within normal parameters.,COMPLETED
DISP-14007,EQ-5511,C-1362,08-03-2024,Jennifer Chen,Warranty Replacement,10.4,1560.0,<p>Replaced faulty thermal sensor and verified system bus voltage.</p>,COMPLETED
DISP-14008,EQ-6181,C-1358,03/22/2023,Sarah Williams,Diagnostic,0.7,84.0,Calibrated inverter output. System operating within normal parameters.,Cancelled
DISP-14009,EQ-6609,C-1251,2024/01/27,Amanda Thompson,Installation,3.3,247.5,Calibrated inverter output. System operating within normal parameters.,completed
DISP-14010,EQ-6803,C-1098,2021/11/19,   Carlos Sanchez,Diagnostic,2.3,276.0,<div>Performed standard preventive check. Updated firmware to v4.2.1.</div>,completed
DISP-14011,EQ-5109,C-1118,12/12/2023,David Lee,Preventive Maintenance,9.9,1485.0,Replaced faulty thermal sensor and verified system bus voltage.,Cancelled
DISP-14012,EQ-6217,C-1451,06/12/2021,Sarah Williams,Preventive Maintenance,4.7,564.0,<div>Calibrated inverter output. System operating within normal parameters.</div>,Cancelled
DISP-14013,EQ-7247,C-1226,08/21/2021,Carlos Sanchez,Diagnostic,6.6,627.0,Replaced burnt fuse block. Test run completed successfully.,Cancelled
DISP-14014,EQ-7165,C-1443,03-24-2024,Michael Brown,Diagnostic,1.6,152.0,Performed standard preventive check. Updated firmware to v4.2.1.,Cancelled
DISP-14015,EQ-5165,C-1339,08/12/2022,NULL,Software Update,3.9,468.0,Calibrated inverter output. System operating within normal parameters.,Cancelled
DISP-14016,EQ-7126,C-1280,2023-08-02T00:00:00Z,Carlos Sanchez,Corrective Maintenance,5.7,427.5,<b>Performed standard preventive check. Updated firmware to v4.2.1.</b>,Pending
DISP-14017,EQ-6694,C-1352,04/11/2024,Sarah Williams,Software Update,11.2,1680.0,Emergency dispatch for over-temperature alarm. Cleaned heat exchanger.,Completed
DISP-14018,EQ-6064,C-1355,2023-07-06T00:00:00Z,Lisa Rodriguez,Software Update,5.7,$427.50,Performed standard preventive check. Updated firmware to v4.2.1.,Completed
DISP-14019,EQ-5100,C-1457,03-18-2023,David Lee,Warranty Replacement,11.7,1111.5,Calibrated inverter output. System operating within normal parameters.,In Progress
DISP-14020,EQ-7330,C-1178,2024-06-03T00:00:00Z,Amanda Thompson,Installation,5.4,648.0,Replaced burnt fuse block. Test run completed successfully.,Completed
DISP-14021,EQ-5428,C-1033,2023-06-20,  Mike Johnson  ,Emergency Repair,11.1,832.5,Emergency dispatch for over-temperature alarm. Cleaned heat exchanger.,Completed
DISP-14022,EQ-6863,C-1490,01/02/2023,Carlos Sanchez,Corrective Maintenance,12.0,1800.0,Performed standard preventive check. Updated firmware to v4.2.1.,Cancelled
DISP-14023,EQ-6712,C-1249,03-01-2024,   Amanda Thompson,Diagnostic,9.8,931.0,Emergency dispatch for over-temperature alarm. Cleaned heat exchanger.,completed
DISP-14024,EQ-5547,C-1314,12/23/2021,Carlos Sanchez,Corrective Maintenance,10.8,1026.0,Performed standard preventive check. Updated firmware to v4.2.1.,COMPLETED
DISP-14025,EQ-6348,C-1120,01/12/2023,Michael Brown,Software Update,1.7,204.0,Replaced burnt fuse block. Test run completed successfully.,Completed
DISP-14026,EQ-7143,C-1222,2021/10/31,Lisa Rodriguez,Diagnostic,5.1,382.5,Replaced burnt fuse block. Test run completed successfully.,Pending
DISP-14027,EQ-6621,C-1133,2024-01-04T00:00:00Z,   Robert Martinez,Corrective Maintenance,3.8,570.0,Performed standard preventive check. Updated firmware to v4.2.1.,Completed
DISP-14028,EQ-5021,C-1430,11-13-2023,Robert Martinez,Corrective Maintenance,1.8,171.0,Performed standard preventive check. Updated firmware to v4.2.1.,COMPLETED
DISP-14029,EQ-5769,C-1471,2023-03-16,Michael Brown,Installation,10.6,1590.0,Replaced faulty thermal sensor and verified system bus voltage.,COMPLETED
DISP-14030,EQ-6765,C-1505,2022-04-01T00:00:00Z,  Jennifer Chen  ,Installation,1.4,168.0,Replaced burnt fuse block. Test run completed successfully.,completed
DISP-14031,EQ-5187,C-1049,03-28-2024,Mike Johnson,Warranty Replacement,8.8,1320.0,Replaced faulty thermal sensor and verified system bus voltage.,Cancelled
DISP-14032,EQ-5689,C-1203,2022-06-02T00:00:00Z,James Wilson,Corrective Maintenance,9.7,1164.0,Replaced faulty thermal sensor and verified system bus voltage.,Cancelled
DISP-14033,EQ-6358,C-1444,11/03/2022,Jennifer Chen,Corrective Maintenance,8.0,960.0,Calibrated inverter output. System operating within normal parameters.,COMPLETED
DISP-14034,EQ-7458,C-1275,2024/01/05,   Robert Martinez,Corrective Maintenance,4.7,352.5,Emergency dispatch for over-temperature alarm. Cleaned heat exchanger.,Cancelled
DISP-14035,EQ-5898,C-1239,01-26-2023,Maria Garcia,Diagnostic,10.5,787.5,Replaced burnt fuse block. Test run completed successfully.,In Progress
DISP-14036,EQ-6523,C-1182,2022/04/03,Mike   Johnson,Installation,8.7,826.5,Replaced faulty thermal sensor and verified system bus voltage.,Pending
DISP-14037,EQ-6678,C-1332,11-25-2022,Robert Martinez,Diagnostic,3.3,495.0,Emergency dispatch for over-temperature alarm. Cleaned heat exchanger.,Completed
DISP-14038,EQ-5617,C-1185,11-24-2021,Carlos Sanchez,Warranty Replacement,11.0,1650.0,Replaced faulty thermal sensor and verified system bus voltage.,Pending
DISP-14039,EQ-7208,C-1051,2021-12-16T00:00:00Z,Michael Brown,Corrective Maintenance,5.1,765.0,Replaced faulty thermal sensor and verified system bus voltage.,completed
DISP-14040,EQ-6554,C-1421,02-13-2024,  Lisa Rodriguez  ,Corrective Maintenance,8.0,960.0,Calibrated inverter output. System operating within normal parameters.,Pending
DISP-14041,EQ-5699,C-1515,03-22-2024,Carlos Sanchez,Software Update,5.5,660.0,Emergency dispatch for over-temperature alarm. Cleaned heat exchanger.,Cancelled
DISP-14042,EQ-7419,C-1494,10/18/2022,James Wilson,Software Update,5.7,855.0,Calibrated inverter output. System operating within normal parameters.,Pending
DISP-14043,EQ-6843,C-1341,07/31/2022,Jennifer Chen,Preventive Maintenance,3.8,285.0,<html>Replaced burnt fuse block. Test run completed successfully.</html>,In Progress
DISP-14044,EQ-5697,C-1439,06/16/2023,Michael Brown,Preventive Maintenance,8.7,1305.0,Emergency dispatch for over-temperature alarm. Cleaned heat exchanger.,Cancelled
DISP-14045,EQ-5931,C-1301,07-27-2021,James Wilson,Diagnostic,10.8,1620.0,Replaced faulty thermal sensor and verified system bus voltage.,Completed
DISP-14046,EQ-6476,C-1056,2023/07/06,Maria Garcia,Emergency Repair,4.2,504.0,<html><body>Replaced faulty thermal sensor and verified system bus voltage.</body></html>,Completed
DISP-14047,EQ-5431,C-1434,2024/07/03,Sarah Williams,Emergency Repair,10.6,795.0,Replaced faulty thermal sensor and verified system bus voltage.,In Progress
DISP-14048,EQ-5408,C-1318,2023-10-23T00:00:00Z,Mike Johnson,Diagnostic,8.5,1275.0,Performed standard preventive check. Updated firmware to v4.2.1.,completed
DISP-14049,EQ-6657,C-1261,2023/01/14,James Wilson,Installation,2.3,218.5,Calibrated inverter output. System operating within normal parameters.,COMPLETED
DISP-14050,EQ-6319,C-1288,2021-08-03T00:00:00Z,James Wilson,Corrective Maintenance,8.6,1290.0,<p>Replaced faulty thermal sensor and verified system bus voltage.</p>,In Progress
DISP-14051,EQ-6591,C-1038,2021-10-21,Patricia Davis,Diagnostic,4.3,516.0,<div>Replaced faulty thermal sensor and verified system bus voltage.</div>,COMPLETED
DISP-14052,EQ-6912,C-1268,2023-08-06,David Lee,Emergency Repair,10.3,772.5,Calibrated inverter output. System operating within normal parameters.,In Progress
DISP-14053,EQ-7196,C-1077,2024-01-23,Michael Brown,Corrective Maintenance,8.9,$667.50,Replaced faulty thermal sensor and verified system bus voltage.,completed
DISP-14054,EQ-7122,C-1498,2023-09-23,David Lee,Installation,2.8,$210.00,Replaced faulty thermal sensor and verified system bus voltage.,In Progress
DISP-14055,EQ-5655,C-1496,2022/10/12,Sarah Williams,Corrective Maintenance,7.2,864.0,Replaced faulty thermal sensor and verified system bus voltage.,Cancelled
DISP-14056,EQ-5970,C-1056,03/08/2022,Jennifer Chen,Corrective Maintenance,3.1,465.0,Emergency dispatch for over-temperature alarm. Cleaned heat exchanger.,Completed
DISP-14057,EQ-6661,C-1366,2023-10-25,Carlos Sanchez,Diagnostic,8.0,760.0,Calibrated inverter output. System operating within normal parameters.,In Progress
DISP-14058,EQ-5581,C-1201,11-21-2022,Maria Garcia,Emergency Repair,6.3,945.0,Calibrated inverter output. System operating within normal parameters.,Cancelled
DISP-14059,EQ-5869,C-1030,02/14/2024,Sarah Williams,Preventive Maintenance,3.4,408.0,Emergency dispatch for over-temperature alarm. Cleaned heat exchanger.,In Progress
DISP-14060,EQ-5306,C-1499,2023-05-25,Maria Garcia,Preventive Maintenance,8.8,836.0,Performed standard preventive check. Updated firmware to v4.2.1.,COMPLETED
DISP-14061,EQ-6358,C-1444,2023-10-06T00:00:00Z,David Lee,Preventive Maintenance,3.2,$384.00,Emergency dispatch for over-temperature alarm. Cleaned heat exchanger.,Cancelled
DISP-14062,EQ-6173,C-1325,07-08-2024,James Wilson,Diagnostic,3.4,408.0,Calibrated inverter output. System operating within normal parameters.,COMPLETED
DISP-14063,EQ-99923,C-99500,09/21/2021,  James Wilson  ,Corrective Maintenance,10.7,1605.0,<div>Replaced faulty thermal sensor and verified system bus voltage.</div>,completed
DISP-14064,EQ-7149,C-1177,2021/10/21,David Lee,Installation,5.1,612.0,Replaced faulty thermal sensor and verified system bus voltage.,Pending
DISP-14065,EQ-6866,C-1267,2023-06-21,Amanda Thompson,Software Update,1.8,171.0,Performed standard preventive check. Updated firmware to v4.2.1.,completed
DISP-14066,EQ-5615,C-1486,09/05/2022,Patricia Davis,Corrective Maintenance,5.7,427.5,Emergency dispatch for over-temperature alarm. Cleaned heat exchanger.,COMPLETED
DISP-14067,EQ-6347,C-1225,02-23-2024,Sarah Williams,Emergency Repair,10.3,772.5,Performed standard preventive check. Updated firmware to v4.2.1.,In Progress
DISP-14068,EQ-6685,C-1046,2022-02-12,Amanda Thompson,Diagnostic,1.3,195.0,Replaced burnt fuse block. Test run completed successfully.,COMPLETED
DISP-14069,EQ-5811,C-1053,11/24/2021,James   Wilson,Installation,5.1,612.0,Calibrated inverter output. System operating within normal parameters.,Pending
DISP-14070,EQ-5982,C-1487,06/09/2022,   Mike Johnson,Software Update,10.3,1545.0,Replaced faulty thermal sensor and verified system bus voltage.,Pending
DISP-14071,EQ-6043,C-1473,2021/06/12,  Patricia Davis  ,Corrective Maintenance,9.7,1164.0,Replaced burnt fuse block. Test run completed successfully.,Completed
DISP-14072,EQ-7303,C-1374,11/25/2021,   Mike Johnson,Installation,9.7,727.5,Performed standard preventive check. Updated firmware to v4.2.1.,In Progress
DISP-14073,EQ-6493,C-1289,2024/04/28,Jennifer Chen,Preventive Maintenance,9.8,931.0,Replaced burnt fuse block. Test run completed successfully.,In Progress
DISP-14074,EQ-7095,C-1497,2022/05/23,Mike Johnson,Emergency Repair,7.9,750.5,Replaced burnt fuse block. Test run completed successfully.,Completed
DISP-14075,EQ-99968,C-99072,09/24/2022,  Sarah Williams  ,Warranty Replacement,3.5,525.0,Replaced faulty thermal sensor and verified system bus voltage.,completed
DISP-14076,EQ-5542,C-1083,06-07-2022,James Wilson,Software Update,3.6,342.0,<html>Replaced burnt fuse block. Test run completed successfully.</html>,Completed
DISP-14077,EQ-5700,C-1260,2021-08-19T00:00:00Z,Jennifer Chen,Corrective Maintenance,9.9,$742.50,Emergency dispatch for over-temperature alarm. Cleaned heat exchanger.,Pending
DISP-14078,EQ-6565,C-1071,2023-08-07,Lisa Rodriguez,Emergency Repair,4.7,705.0,Performed standard preventive check. Updated firmware to v4.2.1.,Cancelled
DISP-14079,EQ-5964,C-1206,2022/06/10,Maria Garcia,Software Update,4.3,645.0,Emergency dispatch for over-temperature alarm. Cleaned heat exchanger.,In Progress
DISP-14080,EQ-5138,C-1454,2023-11-14,  David Lee  ,Installation,7.0,665.0,Replaced burnt fuse block. Test run completed successfully.,Pending
DISP-14081,EQ-5036,C-1277,03/09/2024,James Wilson,Emergency Repair,6.7,502.5,Performed standard preventive check. Updated firmware to v4.2.1.,In Progress
DISP-14082,EQ-6000,C-1048,2024/07/17,Jennifer Chen,Diagnostic,2.1,157.5,Performed standard preventive check. Updated firmware to v4.2.1.,completed
DISP-14083,EQ-5364,C-1115,07/25/2021,Maria Garcia,Preventive Maintenance,2.8,420.0,Replaced faulty thermal sensor and verified system bus voltage.,Pending
DISP-14084,EQ-6967,C-1276,2021-07-05T00:00:00Z,Patricia Davis,Software Update,4.3,645.0,Replaced faulty thermal sensor and verified system bus voltage.,completed
DISP-14085,EQ-7375,C-1359,10/10/2021,Maria Garcia,Diagnostic,5.2,780.0,Replaced burnt fuse block. Test run completed successfully.,Cancelled
DISP-14086,EQ-5696,C-1049,10/24/2022,Jennifer Chen,Corrective Maintenance,2.5,300.0,Replaced faulty thermal sensor and verified system bus voltage.,In Progress
DISP-14087,EQ-6492,C-1209,04-30-2022,Mike Johnson,Emergency Repair,1.8,216.0,Replaced burnt fuse block. Test run completed successfully.,Pending
DISP-14088,EQ-7110,C-1016,10-02-2023,Mike Johnson,Corrective Maintenance,1.8,216.0,Replaced burnt fuse block. Test run completed successfully.,completed
DISP-14089,EQ-5226,C-1125,2021-08-08,Patricia Davis,Software Update,2.4,$228.00,<p>Emergency dispatch for over-temperature alarm. Cleaned heat exchanger.</p>,Cancelled
DISP-14090,EQ-6076,C-1367,2023-01-16,   ,Installation,6.0,900.0,Replaced faulty thermal sensor and verified system bus voltage.,In Progress
DISP-14091,EQ-6017,C-1059,2023-06-06T00:00:00Z,David Lee,Corrective Maintenance,2.6,195.0,Emergency dispatch for over-temperature alarm. Cleaned heat exchanger.,In Progress
DISP-14092,EQ-6607,C-1236,2023/11/20,Jennifer Chen,Warranty Replacement,5.1,765.0,Replaced faulty thermal sensor and verified system bus voltage.,Completed
DISP-14093,EQ-99558,C-99662,2023-05-25,David Lee,Warranty Replacement,4.6,690.0,Calibrated inverter output. System operating within normal parameters.,Pending
DISP-14094,EQ-7285,C-1407,01/06/2022,Patricia Davis,Installation,10.2,1224.0,Replaced faulty thermal sensor and verified system bus voltage.,COMPLETED
DISP-14095,EQ-5822,C-1297,03/03/2023,David Lee,Corrective Maintenance,4.3,322.5,Performed standard preventive check. Updated firmware to v4.2.1.,completed
DISP-14096,EQ-6053,C-1245,2023-09-15,James Wilson,Warranty Replacement,11.9,1428.0,Emergency dispatch for over-temperature alarm. Cleaned heat exchanger.,completed
DISP-14097,EQ-7305,C-1431,02/19/2024,Amanda Thompson,Software Update,6.7,502.5,Performed standard preventive check. Updated firmware to v4.2.1.,Pending
DISP-14098,EQ-6779,C-1104,2023-04-27T00:00:00Z,James Wilson,Warranty Replacement,1.7,127.5,Performed standard preventive check. Updated firmware to v4.2.1.,Completed
DISP-14099,EQ-7415,C-1029,2024/05/29,Jennifer Chen,Software Update,1.0,95.0,Performed standard preventive check. Updated firmware to v4.2.1.,Cancelled
DISP-14100,EQ-5653,C-1296,2024-06-24T00:00:00Z,Maria Garcia,Diagnostic,8.3,996.0,Performed standard preventive check. Updated firmware to v4.2.1.,completed
DISP-14101,EQ-7030,C-1250,2022/03/14,Robert Martinez,Installation,2.1,252.0,Replaced faulty thermal sensor and verified system bus voltage.,COMPLETED
DISP-14102,EQ-5667,C-1479,2021-08-05T00:00:00Z,Carlos Sanchez,Software Update,6.5,975.0,Replaced faulty thermal sensor and verified system bus voltage.,COMPLETED
DISP-14103,EQ-6560,C-1117,12/26/2023,   ,Corrective Maintenance,5.8,551.0,Replaced faulty thermal sensor and verified system bus voltage.,COMPLETED
DISP-14104,EQ-5071,C-1228,2022-03-02,Carlos Sanchez,Installation,5.9,442.5,Emergency dispatch for over-temperature alarm. Cleaned heat exchanger.,In Progress
DISP-14105,EQ-5570,C-1476,2023-08-27T00:00:00Z,Mike Johnson,Installation,8.7,652.5,Emergency dispatch for over-temperature alarm. Cleaned heat exchanger.,Cancelled
DISP-14106,EQ-6551,C-1242,2022/09/15,   Maria Garcia,Warranty Replacement,4.7,446.5,Performed standard preventive check. Updated firmware to v4.2.1.,completed
DISP-14107,EQ-6479,C-1053,2022/03/29,Amanda Thompson,Emergency Repair,4.9,367.5,Replaced faulty thermal sensor and verified system bus voltage.,COMPLETED
DISP-14108,EQ-6545,C-1070,2021/12/08,Lisa Rodriguez  ,Software Update,9.9,1188.0,<strong>Performed standard preventive check. Updated firmware to v4.2.1.</strong>,completed
DISP-14109,EQ-6664,C-1388,2024/03/03,Robert Martinez,Diagnostic,11.3,1356.0,<strong>Performed standard preventive check. Updated firmware to v4.2.1.</strong>,Pending
DISP-14110,EQ-7439,C-1386,06/27/2023,Michael Brown,Diagnostic,4.1,307.5,Calibrated inverter output. System operating within normal parameters.,completed
DISP-14111,EQ-6625,C-1143,2022/03/13,Jennifer   Chen,Preventive Maintenance,11.4,1710.0,Replaced faulty thermal sensor and verified system bus voltage.,COMPLETED
DISP-14112,EQ-6639,C-1293,07-13-2022,Carlos Sanchez,Warranty Replacement,3.8,570.0,Replaced faulty thermal sensor and verified system bus voltage.,completed
DISP-14113,EQ-6419,C-1298,11/23/2021,Lisa Rodriguez,Corrective Maintenance,2.7,405.0,Replaced burnt fuse block. Test run completed successfully.,Pending
DISP-14114,EQ-6174,C-1499,2021-10-12T00:00:00Z,Michael   Brown,Diagnostic,7.5,900,Replaced burnt fuse block. Test run completed successfully.,COMPLETED
DISP-14115,EQ-5773,C-1295,05-17-2024,Jennifer Chen,Software Update,8.7,1044.0,<strong>Performed standard preventive check. Updated firmware to v4.2.1.</strong>,In Progress
DISP-14116,EQ-5349,C-1381,08-20-2022,,Diagnostic,4.2,630.0,Performed standard preventive check. Updated firmware to v4.2.1.,COMPLETED
DISP-14117,EQ-7400,C-1375,2022/06/28,Amanda Thompson,Warranty Replacement,10.5,1575.0,Emergency dispatch for over-temperature alarm. Cleaned heat exchanger.,Cancelled
DISP-14118,EQ-6431,C-1125,09/18/2022,Robert Martinez,Emergency Repair,10.1,959.5,Replaced burnt fuse block. Test run completed successfully.,Pending
DISP-14119,EQ-7235,C-1106,2024/01/01,Lisa Rodriguez,Emergency Repair,6.6,495.0,Calibrated inverter output. System operating within normal parameters.,Pending
DISP-14120,EQ-6160,C-1178,08/17/2021,Sarah Williams,Software Update,10.4,780.0,Emergency dispatch for over-temperature alarm. Cleaned heat exchanger.,COMPLETED
DISP-14121,EQ-5714,C-1018,09/04/2021,Mike Johnson  ,Diagnostic,6.6,495.0,Performed standard preventive check. Updated firmware to v4.2.1.,Pending
DISP-14122,EQ-6394,C-1237,2022-05-30T00:00:00Z,Carlos Sanchez,Preventive Maintenance,7.1,674.5,Performed standard preventive check. Updated firmware to v4.2.1.,COMPLETED
DISP-14123,EQ-6004,C-1365,12/04/2021,Lisa Rodriguez,Installation,5.1,382.5,Emergency dispatch for over-temperature alarm. Cleaned heat exchanger.,In Progress
DISP-14124,EQ-5168,C-1375,2024/04/20,Jennifer Chen,Software Update,4.0,300.0,Calibrated inverter output. System operating within normal parameters.,Completed
DISP-14125,EQ-6136,C-1183,2023-05-20,Amanda Thompson,Diagnostic,5.6,672.0,Performed standard preventive check. Updated firmware to v4.2.1.,completed
DISP-14126,EQ-6352,C-1322,08/13/2024,Mike Johnson,Emergency Repair,2.9,217.5,Replaced faulty thermal sensor and verified system bus voltage.,completed
DISP-14127,EQ-5884,C-1187,2023/10/15,Maria Garcia,Corrective Maintenance,6.9,655.5,Replaced faulty thermal sensor and verified system bus voltage.,Completed
DISP-14128,EQ-6905,C-1096,06/05/2022,Jennifer Chen  ,Emergency Repair,10.5,997.5,Replaced burnt fuse block. Test run completed successfully.,In Progress
DISP-14129,EQ-6754,C-1478,03-15-2024,Robert Martinez,Warranty Replacement,1.2,144.0,Emergency dispatch for over-temperature alarm. Cleaned heat exchanger.,Cancelled
DISP-14130,EQ-6443,C-1096,2022-02-11T00:00:00Z,Carlos Sanchez,Installation,3.2,$480.00,Replaced burnt fuse block. Test run completed successfully.,Pending
DISP-14131,EQ-5591,C-1507,08/07/2023,Carlos Sanchez,Installation,3.8,361.0,Calibrated inverter output. System operating within normal parameters.,completed
DISP-14132,EQ-6665,C-1255,2024-05-02T00:00:00Z,   Lisa Rodriguez,Emergency Repair,10.3,1545.0,Replaced burnt fuse block. Test run completed successfully.,completed
DISP-14133,EQ-6978,C-1465,07/26/2024,Jennifer Chen,Warranty Replacement,5.1,612.0,Performed standard preventive check. Updated firmware to v4.2.1.,Pending
DISP-14134,EQ-5183,C-1027,08-10-2024,Lisa Rodriguez,Preventive Maintenance,9.0,1350.0,<div>Emergency dispatch for over-temperature alarm. Cleaned heat exchanger.</div>,completed
DISP-14135,EQ-5104,C-1162,06/02/2023,Michael Brown,Warranty Replacement,11.5,1380.0,Emergency dispatch for over-temperature alarm. Cleaned heat exchanger.,completed
DISP-14136,EQ-6313,C-1514,11/30/2021,Maria Garcia,Emergency Repair,2.5,187.5,Emergency dispatch for over-temperature alarm. Cleaned heat exchanger.,Cancelled
DISP-14137,EQ-7375,C-1359,2022-07-31T00:00:00Z,Michael Brown  ,Emergency Repair,5.1,484.5,Replaced faulty thermal sensor and verified system bus voltage.,Completed
DISP-14138,EQ-6138,C-1375,2022/07/06,Amanda Thompson,Installation,11.7,1755.0,Emergency dispatch for over-temperature alarm. Cleaned heat exchanger.,completed
DISP-14139,EQ-7394,C-1069,2022/09/29,Lisa Rodriguez,Diagnostic,8.0,760.0,Replaced burnt fuse block. Test run completed successfully.,Cancelled
DISP-14140,EQ-6397,C-1095,11/09/2021,David Lee,Corrective Maintenance,0.5,47.5,Emergency dispatch for over-temperature alarm. Cleaned heat exchanger.,COMPLETED
DISP-14141,EQ-5779,C-1467,10/28/2022,Maria Garcia  ,Preventive Maintenance,11.6,870.0,Replaced faulty thermal sensor and verified system bus voltage.,Cancelled
DISP-14142,EQ-5124,C-1482,08-03-2022,Sarah Williams,Emergency Repair,9.3,1116.0,Replaced burnt fuse block. Test run completed successfully.,COMPLETED
DISP-14143,EQ-6876,C-1170,2023-07-22T00:00:00Z,David Lee,Emergency Repair,10.3,1236.0,Replaced faulty thermal sensor and verified system bus voltage.,Completed
DISP-14144,EQ-6695,C-1097,2023/11/30,Patricia Davis,Emergency Repair,11.8,"$1,416.00",Calibrated inverter output. System operating within normal parameters.,Pending
DISP-14145,EQ-5341,C-1320,2021/09/03,Robert Martinez,Preventive Maintenance,2.7,202.5,Replaced burnt fuse block. Test run completed successfully.,Pending
DISP-14146,EQ-6839,C-1124,2021-11-22,James Wilson,Corrective Maintenance,6.6,792.0,<strong>Replaced faulty thermal sensor and verified system bus voltage.</strong>,Completed
DISP-14147,EQ-6863,C-1490,04/15/2023,Maria Garcia,Preventive Maintenance,1.3,195.0,Performed standard preventive check. Updated firmware to v4.2.1.,COMPLETED
DISP-14148,EQ-6609,C-1251,2024/02/10,Maria Garcia,Warranty Replacement,6.4,480.0,<html><body>Replaced faulty thermal sensor and verified system bus voltage.</body></html>,COMPLETED
DISP-14149,EQ-6248,C-1501,02/19/2023,Maria Garcia,Emergency Repair,8.8,836.0,Calibrated inverter output. System operating within normal parameters.,Pending
DISP-14150,EQ-5386,C-1049,2023-06-30T00:00:00Z,James Wilson,Corrective Maintenance,1.4,133.0,Replaced burnt fuse block. Test run completed successfully.,Pending
DISP-14151,EQ-5835,C-1323,01-27-2022,Sarah Williams,Corrective Maintenance,432.9,51948.0,Replaced faulty thermal sensor and verified system bus voltage.,Completed
DISP-14152,EQ-6038,C-1067,2023-10-22,Jennifer Chen,Software Update,5.0,600.0,Emergency dispatch for over-temperature alarm. Cleaned heat exchanger.,In Progress
DISP-14153,EQ-6720,C-1120,2021/10/08,Jennifer Chen,Installation,8.3,622.5,Replaced burnt fuse block. Test run completed successfully.,Completed
DISP-14154,EQ-5615,C-1486,2024-05-13T00:00:00Z,Patricia Davis,Diagnostic,9.2,1380.0,Calibrated inverter output. System operating within normal parameters.,Cancelled
DISP-14155,EQ-5562,C-1116,2023/08/10,Patricia Davis,Corrective Maintenance,1.6,240.0,Replaced faulty thermal sensor and verified system bus voltage.,Cancelled
DISP-14156,EQ-6152,C-1474,04-19-2023,James Wilson,Diagnostic,6.2,465.0,Replaced faulty thermal sensor and verified system bus voltage.,Cancelled
DISP-14157,EQ-5780,C-1289,01/22/2022,Lisa Rodriguez,Emergency Repair,10.9,1035.5,Replaced faulty thermal sensor and verified system bus voltage.,COMPLETED
DISP-14158,EQ-5564,C-1434,2022/10/21,Amanda Thompson,Installation,6.1,732.0,Replaced burnt fuse block. Test run completed successfully.,completed
DISP-14159,EQ-6038,C-1067,06/17/2021,Mike Johnson,Corrective Maintenance,0.9,135.0,Replaced faulty thermal sensor and verified system bus voltage.,Cancelled
DISP-14160,EQ-5878,C-1050,07/06/2024,Mike Johnson,Diagnostic,1.9,142.5,Replaced faulty thermal sensor and verified system bus voltage.,Pending
DISP-14161,EQ-6479,C-1053,2023-04-27T00:00:00Z,Jennifer Chen,Installation,6.1,915.0,Performed standard preventive check. Updated firmware to v4.2.1.,completed
DISP-14162,EQ-7444,C-1266,2022-07-16T00:00:00Z,David Lee,Warranty Replacement,3.1,294.5,Performed standard preventive check. Updated firmware to v4.2.1.,completed
DISP-14163,EQ-5423,C-1036,07/30/2021,Maria Garcia,Corrective Maintenance,9.8,1470.0,Replaced faulty thermal sensor and verified system bus voltage.,Cancelled
DISP-14164,EQ-5898,C-1239,10/04/2021,Michael Brown,Software Update,2.8,266.0,Emergency dispatch for over-temperature alarm. Cleaned heat exchanger.,completed
DISP-14165,EQ-7417,C-1124,2023-05-31,Lisa Rodriguez,Emergency Repair,4.5,337.5,Calibrated inverter output. System operating within normal parameters.,COMPLETED
DISP-14166,EQ-5173,C-1488,2021/07/31,Robert Martinez,Corrective Maintenance,7.3,547.5,Replaced burnt fuse block. Test run completed successfully.,COMPLETED
DISP-14167,EQ-7027,C-1460,02/17/2023,Patricia Davis,Installation,5.0,475.0,Replaced faulty thermal sensor and verified system bus voltage.,Cancelled
DISP-14168,EQ-6245,C-1360,2022-10-16,   James Wilson,Preventive Maintenance,2.6,195.0,Performed standard preventive check. Updated firmware to v4.2.1.,Cancelled
DISP-14169,EQ-5900,C-1261,2021-06-15T00:00:00Z,Sarah Williams,Emergency Repair,11.2,1064.0,<html>Performed standard preventive check. Updated firmware to v4.2.1.</html>,Pending
DISP-14170,EQ-7149,C-1177,04-03-2023,Lisa Rodriguez,Preventive Maintenance,11.3,"$1,695.00",Replaced faulty thermal sensor and verified system bus voltage.,In Progress
DISP-14171,EQ-5147,C-1176,2023-12-03,Carlos Sanchez,Emergency Repair,11.2,840.0,Replaced burnt fuse block. Test run completed successfully.,In Progress
DISP-14172,EQ-6640,C-1181,03-18-2022,Lisa Rodriguez,Installation,3.8,361.0,Emergency dispatch for over-temperature alarm. Cleaned heat exchanger.,Pending
DISP-14173,EQ-6302,C-1318,2022-01-13T00:00:00Z,Jennifer Chen,Diagnostic,7.0,665.0,Calibrated inverter output. System operating within normal parameters.,completed
DISP-14174,EQ-5106,C-1465,2022/04/16,Sarah Williams,Software Update,2.1,199.5,Performed standard preventive check. Updated firmware to v4.2.1.,In Progress
DISP-14175,EQ-6397,C-1095,2023-12-22T00:00:00Z,Lisa Rodriguez,Warranty Replacement,3.0,360.0,Replaced burnt fuse block. Test run completed successfully.,Pending
DISP-14176,EQ-6588,C-1506,09/11/2023,Sarah Williams,Software Update,9.3,1395.0,Replaced faulty thermal sensor and verified system bus voltage.,Cancelled
DISP-14177,EQ-6128,C-1353,03/02/2022,NULL,Preventive Maintenance,8.7,$826.50,Replaced faulty thermal sensor and verified system bus voltage.,Completed
DISP-14178,EQ-5296,C-1285,06/16/2023,Mike Johnson,Preventive Maintenance,7.8,741.0,Replaced burnt fuse block. Test run completed successfully.,Pending
DISP-14179,EQ-6503,C-1154,2022-04-08T00:00:00Z,Maria Garcia,Diagnostic,9.6,720.0,Replaced faulty thermal sensor and verified system bus voltage.,Pending
DISP-14180,EQ-6313,C-1514,07-26-2024,David Lee,Corrective Maintenance,7.8,936.0,Replaced burnt fuse block. Test run completed successfully.,In Progress
DISP-14181,EQ-6845,C-1168,01/19/2024,  Sarah Williams  ,Preventive Maintenance,5.5,825.0,Replaced faulty thermal sensor and verified system bus voltage.,In Progress
DISP-14182,EQ-7057,C-1069,06-23-2024,Sarah Williams  ,Preventive Maintenance,10.9,817.5,Replaced faulty thermal sensor and verified system bus voltage.,Pending
DISP-14183,EQ-5048,C-1153,2022-07-24,  Michael Brown  ,Installation,11.5,1725.0,Emergency dispatch for over-temperature alarm. Cleaned heat exchanger.,COMPLETED
DISP-14184,EQ-5889,C-1463,08-07-2024,Maria Garcia,Warranty Replacement,8.2,615.0,Performed standard preventive check. Updated firmware to v4.2.1.,Completed
DISP-14185,EQ-6724,C-1097,2022/01/16,   Maria Garcia,Corrective Maintenance,9.5,712.5,Calibrated inverter output. System operating within normal parameters.,Cancelled
DISP-14186,EQ-7067,C-1072,04/05/2023,NULL,Corrective Maintenance,5.6,672.0,Performed standard preventive check. Updated firmware to v4.2.1.,COMPLETED
DISP-14187,EQ-5171,C-1511,2023-02-15T00:00:00Z,David Lee,Emergency Repair,9.3,$697.50,Replaced faulty thermal sensor and verified system bus voltage.,Completed
DISP-14188,EQ-6349,C-1331,2021-09-08T00:00:00Z,Michael Brown,Emergency Repair,8.2,615.0,Performed standard preventive check. Updated firmware to v4.2.1.,Cancelled
DISP-14189,EQ-5758,C-1099,2024/05/20,Jennifer Chen,Installation,5.3,503.5,Replaced burnt fuse block. Test run completed successfully.,Completed
DISP-14190,EQ-6803,C-1098,08/22/2023,Robert Martinez,Warranty Replacement,7.4,1110.0,Replaced burnt fuse block. Test run completed successfully.,Pending
DISP-14191,EQ-6807,C-1112,07-04-2022,Lisa Rodriguez,Diagnostic,2.1,252.0,<html>Emergency dispatch for over-temperature alarm. Cleaned heat exchanger.</html>,Completed
DISP-14192,EQ-6560,C-1117,2024-05-30,James Wilson,Software Update,4.3,516.0,Performed standard preventive check. Updated firmware to v4.2.1.,completed
DISP-14193,EQ-6731,C-1336,12-30-2023,Carlos Sanchez,Software Update,6.5,975.0,Performed standard preventive check. Updated firmware to v4.2.1.,Pending
DISP-14194,EQ-5660,C-1276,2022/02/17,Jennifer Chen,Diagnostic,5.0,475.0,Replaced burnt fuse block. Test run completed successfully.,In Progress
DISP-14195,EQ-7208,C-1051,02/03/2024,Mike Johnson,Warranty Replacement,1.2,90.0,Performed standard preventive check. Updated firmware to v4.2.1.,completed
DISP-14196,EQ-5095,C-1261,2024-06-18,   Lisa Rodriguez,Preventive Maintenance,1.5,225.0,Performed standard preventive check. Updated firmware to v4.2.1.,Completed
DISP-14197,EQ-5809,C-1282,2023-07-20,Maria Garcia,Software Update,9.7,1164.0,<b>Emergency dispatch for over-temperature alarm. Cleaned heat exchanger.</b>,Cancelled
DISP-14198,EQ-7102,C-1104,2022/10/22,Mike   Johnson,Diagnostic,6.0,900.0,Performed standard preventive check. Updated firmware to v4.2.1.,In Progress
DISP-14199,EQ-6279,C-1342,03/06/2024,David Lee,Corrective Maintenance,2.1,252.0,<strong>Replaced faulty thermal sensor and verified system bus voltage.</strong>,COMPLETED
DISP-14200,EQ-5757,C-1189,2021-10-19,David   Lee,Warranty Replacement,3.2,304.0,Replaced faulty thermal sensor and verified system bus voltage.,Pending
DISP-14201,EQ-5717,C-1056,2024/06/11,Mike Johnson,Diagnostic,9.6,720.0,Emergency dispatch for over-temperature alarm. Cleaned heat exchanger.,completed
DISP-14202,EQ-7004,C-1116,2023-09-19T00:00:00Z,  Lisa Rodriguez  ,Preventive Maintenance,3.5,525.0,Replaced faulty thermal sensor and verified system bus voltage.,COMPLETED
DISP-14203,EQ-5327,C-1213,2022/01/16,  Sarah Williams  ,Corrective Maintenance,7.7,1155.0,Replaced burnt fuse block. Test run completed successfully.,completed
DISP-14204,EQ-6303,C-1159,2022-05-16,Patricia Davis  ,Installation,7.5,900.0,Performed standard preventive check. Updated firmware to v4.2.1.,completed
DISP-14205,EQ-6553,C-1147,12/25/2021,Lisa Rodriguez,Warranty Replacement,12.0,1140.0,Replaced burnt fuse block. Test run completed successfully.,Cancelled
DISP-14206,EQ-5056,C-1067,2023/03/07,Carlos Sanchez,Corrective Maintenance,5.5,660.0,Emergency dispatch for over-temperature alarm. Cleaned heat exchanger.,Completed
DISP-14207,EQ-5002,C-1285,07/15/2021,   Robert Martinez,Warranty Replacement,10.0,750.0,Performed standard preventive check. Updated firmware to v4.2.1.,Cancelled
DISP-14208,EQ-5578,C-1326,2021/09/06,Robert Martinez,Software Update,7.1,532.5,Replaced faulty thermal sensor and verified system bus voltage.,completed
DISP-14209,EQ-6014,C-1247,07-30-2022,Carlos Sanchez,Diagnostic,11.9,1130.5,Performed standard preventive check. Updated firmware to v4.2.1.,In Progress
DISP-14210,EQ-5708,C-1485,11-01-2022,Patricia Davis,Preventive Maintenance,5.1,612.0,Replaced burnt fuse block. Test run completed successfully.,Completed
DISP-14211,EQ-5325,C-1198,02/20/2023,Maria Garcia,Installation,6.3,598.5,Replaced burnt fuse block. Test run completed successfully.,Cancelled
DISP-14212,EQ-6667,C-1007,08/07/2023,Carlos Sanchez,Corrective Maintenance,6.2,589.0,Performed standard preventive check. Updated firmware to v4.2.1.,Completed
DISP-14213,EQ-6116,C-1328,05-02-2023,Carlos Sanchez,Warranty Replacement,10.4,780.0,<strong>Replaced faulty thermal sensor and verified system bus voltage.</strong>,Pending
DISP-14214,EQ-7498,C-1273,10/23/2021,Amanda Thompson,Corrective Maintenance,10.7,1284,Calibrated inverter output. System operating within normal parameters.,Completed
DISP-14215,EQ-5411,C-1328,02/04/2022,Carlos Sanchez,Warranty Replacement,3.4,408.0,Emergency dispatch for over-temperature alarm. Cleaned heat exchanger.,Cancelled
DISP-14216,EQ-6924,C-1299,2022-04-28T00:00:00Z,David Lee,Preventive Maintenance,5.7,427.5,Emergency dispatch for over-temperature alarm. Cleaned heat exchanger.,Pending
DISP-14217,EQ-6043,C-1473,02/05/2024,Mike Johnson,Corrective Maintenance,10.7,1284.0,Replaced burnt fuse block. Test run completed successfully.,completed
DISP-14218,EQ-6319,C-1288,10/08/2022,Patricia Davis,Corrective Maintenance,5.4,513,Emergency dispatch for over-temperature alarm. Cleaned heat exchanger.,completed
DISP-14219,EQ-6764,C-1303,07/05/2022,David Lee,Installation,9.2,874.0,Replaced faulty thermal sensor and verified system bus voltage.,COMPLETED
DISP-14220,EQ-5257,C-1019,01/15/2023,Lisa Rodriguez,Corrective Maintenance,4.7,705.0,Replaced burnt fuse block. Test run completed successfully.,In Progress
DISP-14221,EQ-6510,C-1456,01-02-2022,Jennifer Chen,Corrective Maintenance,1.3,156.0,Emergency dispatch for over-temperature alarm. Cleaned heat exchanger.,COMPLETED
DISP-14222,EQ-6818,C-1469,2021-11-02T00:00:00Z,Robert Martinez,Warranty Replacement,7.7,924.0,Replaced burnt fuse block. Test run completed successfully.,Completed
DISP-14223,EQ-7483,C-1058,12/11/2022,Robert Martinez,Corrective Maintenance,4.1,615.0,Calibrated inverter output. System operating within normal parameters.,Completed
DISP-14224,EQ-5298,C-1144,2023/04/07,Amanda Thompson,Installation,334.6,50190.0,Calibrated inverter output. System operating within normal parameters.,Pending
DISP-14225,EQ-6417,C-1089,11-14-2022,Jennifer Chen,Corrective Maintenance,6.0,$900.00,Calibrated inverter output. System operating within normal parameters.,COMPLETED
DISP-14226,EQ-6055,C-1276,2024/02/08,   ,Emergency Repair,8.2,1230.0,Replaced burnt fuse block. Test run completed successfully.,Completed
DISP-14227,EQ-6961,C-1266,2024-06-17,NULL,Software Update,10.9,1635.0,<div>Performed standard preventive check. Updated firmware to v4.2.1.</div>,COMPLETED
DISP-14228,EQ-6569,C-1310,09-12-2023,Patricia Davis,Installation,7.4,1110.0,Replaced burnt fuse block. Test run completed successfully.,Cancelled
DISP-14229,EQ-5713,C-1148,2021-11-01T00:00:00Z,Michael Brown,Diagnostic,6.7,USD 1005.00,Replaced faulty thermal sensor and verified system bus voltage.,In Progress
DISP-14230,EQ-6145,C-1055,2023-08-25,Maria Garcia,Emergency Repair,8.7,1044.0,Performed standard preventive check. Updated firmware to v4.2.1.,completed
DISP-14231,EQ-5965,C-1208,12/31/2022,Mike Johnson,Preventive Maintenance,8.6,1032.0,Emergency dispatch for over-temperature alarm. Cleaned heat exchanger.,Cancelled
DISP-14232,EQ-6206,C-1046,01/10/2023,Sarah Williams,Preventive Maintenance,6.3,598.5,Replaced burnt fuse block. Test run completed successfully.,Cancelled
DISP-14233,EQ-6382,C-1445,2022-11-21T00:00:00Z,   ,Software Update,9.9,742.5,Replaced burnt fuse block. Test run completed successfully.,Pending
DISP-14234,EQ-6885,C-1117,07/22/2024,NULL,Installation,6.4,960,Emergency dispatch for over-temperature alarm. Cleaned heat exchanger.,Cancelled
DISP-14235,EQ-7231,C-1458,2023-10-23,Michael Brown,Installation,2.9,435.0,Performed standard preventive check. Updated firmware to v4.2.1.,Pending
DISP-14236,EQ-6930,C-1324,07/21/2023,Maria Garcia,Installation,6.2,589.0,Performed standard preventive check. Updated firmware to v4.2.1.,completed
DISP-14237,EQ-5864,C-1257,2022-02-05,Mike Johnson,Software Update,7.0,525.0,Replaced faulty thermal sensor and verified system bus voltage.,In Progress
DISP-14238,EQ-6553,C-1147,2022-08-16,Amanda Thompson,Software Update,2.4,$180.00,Replaced faulty thermal sensor and verified system bus voltage.,Completed
DISP-14239,EQ-6833,C-1394,05-16-2022,Carlos Sanchez,Emergency Repair,5.2,624.0,<html>Emergency dispatch for over-temperature alarm. Cleaned heat exchanger.</html>,Completed
DISP-14240,EQ-7161,C-1056,2022/09/04,Carlos Sanchez,Software Update,11.3,1695.0,Performed standard preventive check. Updated firmware to v4.2.1.,completed
DISP-14241,EQ-5694,C-1421,2021-10-15T00:00:00Z,NULL,Emergency Repair,8.0,960.0,Replaced burnt fuse block. Test run completed successfully.,Completed
DISP-14242,EQ-5827,C-1277,11-08-2021,Robert Martinez,Software Update,0.9,108.0,<html><body>Emergency dispatch for over-temperature alarm. Cleaned heat exchanger.</body></html>,In Progress
DISP-14243,EQ-5427,C-1385,2022-11-02,David Lee,Software Update,11.0,1650.0,Replaced burnt fuse block. Test run completed successfully.,Pending
DISP-14244,EQ-6457,C-1289,09/17/2023,Robert Martinez,Diagnostic,9.3,1116.0,Replaced faulty thermal sensor and verified system bus voltage.,In Progress
DISP-14245,EQ-5013,C-1103,2022-11-26T00:00:00Z,Jennifer Chen,Warranty Replacement,2.8,210.0,Replaced faulty thermal sensor and verified system bus voltage.,Completed
DISP-14246,EQ-6680,C-1221,11/30/2021,Patricia Davis,Installation,9.8,1470.0,Performed standard preventive check. Updated firmware to v4.2.1.,Completed
DISP-14247,EQ-6108,C-1175,2023-04-21,Lisa Rodriguez,Preventive Maintenance,7.3,1095.0,Replaced faulty thermal sensor and verified system bus voltage.,Completed
DISP-14248,EQ-5621,C-1470,08/14/2021,Carlos Sanchez,Emergency Repair,7.0,$665.00,<html><body>Calibrated inverter output. System operating within normal parameters.</body></html>,Cancelled
DISP-14249,EQ-6685,C-1046,2022-10-29T00:00:00Z,Maria Garcia,Diagnostic,11.6,1102.0,Emergency dispatch for over-temperature alarm. Cleaned heat exchanger.,In Progress
DISP-14250,EQ-7064,C-1410,2021/08/26,Patricia Davis,Software Update,6.2,465.0,Replaced faulty thermal sensor and verified system bus voltage.,completed
DISP-14251,EQ-5067,C-1272,01/24/2024,  Carlos Sanchez  ,Diagnostic,3.7,555.0,<html>Replaced faulty thermal sensor and verified system bus voltage.</html>,Cancelled
DISP-14252,EQ-5699,C-1515,10-06-2023,Maria Garcia,Installation,2.7,405.0,Calibrated inverter output. System operating within normal parameters.,COMPLETED
DISP-14253,EQ-6038,C-1067,2022-02-12T00:00:00Z,Patricia Davis  ,Corrective Maintenance,5.8,435.0,Performed standard preventive check. Updated firmware to v4.2.1.,Cancelled
DISP-14254,EQ-6325,C-1379,08/18/2022,Maria Garcia,Emergency Repair,2.0,150.0,Replaced burnt fuse block. Test run completed successfully.,COMPLETED
DISP-14255,EQ-6158,C-1437,11/27/2021,Patricia Davis,Diagnostic,1.0,95.0,Replaced burnt fuse block. Test run completed successfully.,In Progress
DISP-14256,EQ-7206,C-1335,11-05-2022,James Wilson,Diagnostic,3.9,370.5,Replaced burnt fuse block. Test run completed successfully.,Completed
DISP-14257,EQ-5544,C-1430,10-12-2022,Jennifer Chen,Preventive Maintenance,5.9,560.5,Performed standard preventive check. Updated firmware to v4.2.1.,Cancelled
DISP-14258,EQ-6842,C-1377,08/10/2023,Maria Garcia,Diagnostic,3.5,332.5,Replaced burnt fuse block. Test run completed successfully.,Pending
DISP-14259,EQ-6055,C-1276,2022-05-15T00:00:00Z,Patricia Davis,Preventive Maintenance,8.8,660.0,<p>Emergency dispatch for over-temperature alarm. Cleaned heat exchanger.</p>,In Progress
DISP-14260,EQ-7387,C-1385,09/01/2022,Patricia Davis,Diagnostic,6.6,495.0,Replaced burnt fuse block. Test run completed successfully.,Cancelled
DISP-14261,EQ-5286,C-1162,09-12-2021,Amanda Thompson,Corrective Maintenance,6.7,502.5,Replaced faulty thermal sensor and verified system bus voltage.,Pending
DISP-14262,EQ-6514,C-1270,05-24-2024,Jennifer Chen,Corrective Maintenance,3.1,$294.50,Calibrated inverter output. System operating within normal parameters.,COMPLETED
DISP-14263,EQ-5642,C-1464,2021/06/13,Robert Martinez,Emergency Repair,6.6,792.0,Replaced burnt fuse block. Test run completed successfully.,Completed
DISP-14264,EQ-5151,C-1242,2022-09-14T00:00:00Z,David Lee,Software Update,3.7,444.0,Performed standard preventive check. Updated firmware to v4.2.1.,In Progress
DISP-14265,EQ-6978,C-1465,2021-09-24T00:00:00Z,   Michael Brown,Preventive Maintenance,7.2,1080.0,Calibrated inverter output. System operating within normal parameters.,In Progress
DISP-14266,EQ-6453,C-1239,2022-10-03T00:00:00Z,James Wilson  ,Emergency Repair,11.1,1054.5,Calibrated inverter output. System operating within normal parameters.,COMPLETED
DISP-14267,EQ-5656,C-1517,11/19/2022,Carlos Sanchez,Diagnostic,4.6,690.0,Replaced faulty thermal sensor and verified system bus voltage.,Cancelled
DISP-14268,EQ-5698,C-1058,2023-09-06,Mike Johnson,Corrective Maintenance,1.8,216.0,Performed standard preventive check. Updated firmware to v4.2.1.,Completed
DISP-14269,EQ-6724,C-1097,2023-11-13,Jennifer Chen,Preventive Maintenance,9.0,855.0,Performed standard preventive check. Updated firmware to v4.2.1.,Cancelled
DISP-14270,EQ-6034,C-1418,2022-03-31T00:00:00Z,Maria Garcia,Diagnostic,2.1,252.0,<html>Emergency dispatch for over-temperature alarm. Cleaned heat exchanger.</html>,Completed
DISP-14271,EQ-5203,C-1016,2021-10-06,   Michael Brown,Preventive Maintenance,3.3,313.5,Performed standard preventive check. Updated firmware to v4.2.1.,Completed
DISP-14272,EQ-6273,C-1499,2021-06-27,Mike Johnson,Corrective Maintenance,11.4,855.0,Emergency dispatch for over-temperature alarm. Cleaned heat exchanger.,completed
DISP-14273,EQ-6565,C-1071,10-09-2022,Mike Johnson,Corrective Maintenance,4.4,528.0,Replaced faulty thermal sensor and verified system bus voltage.,COMPLETED
DISP-14274,EQ-5030,C-1330,10-15-2022,Amanda Thompson,Installation,1.0,150.0,Replaced faulty thermal sensor and verified system bus voltage.,Completed
DISP-14275,EQ-5268,C-1367,12/01/2022,Maria Garcia,Software Update,8.6,1032.0,Performed standard preventive check. Updated firmware to v4.2.1.,Pending
DISP-14276,EQ-5928,C-1258,12/22/2022,David Lee,Diagnostic,9.8,735.0,Emergency dispatch for over-temperature alarm. Cleaned heat exchanger.,Completed
DISP-14277,EQ-6084,C-1035,2023-07-06T00:00:00Z,Amanda Thompson,Emergency Repair,7.5,712.5,Performed standard preventive check. Updated firmware to v4.2.1.,Pending
DISP-14278,EQ-5343,C-1226,2021-08-18,Mike Johnson,Software Update,4.6,437.0,Replaced faulty thermal sensor and verified system bus voltage.,In Progress
DISP-14279,EQ-5982,C-1487,02/28/2024,   ,Software Update,2.8,266.0,Replaced burnt fuse block. Test run completed successfully.,completed
DISP-14280,EQ-7113,C-1504,06-17-2021,Robert Martinez,Installation,5.5,825.0,Performed standard preventive check. Updated firmware to v4.2.1.,Cancelled
DISP-14281,EQ-5449,C-1241,2022-09-22,Robert Martinez,Installation,8.2,615.0,Performed standard preventive check. Updated firmware to v4.2.1.,completed
DISP-14282,EQ-5518,C-1131,08/07/2021,Maria Garcia,Corrective Maintenance,8.9,845.5,Calibrated inverter output. System operating within normal parameters.,Completed
DISP-14283,EQ-6108,C-1175,06/12/2024,Sarah Williams,Software Update,2.9,275.5,Replaced burnt fuse block. Test run completed successfully.,In Progress
DISP-14284,EQ-6930,C-1324,2024-07-21,Amanda Thompson,Corrective Maintenance,2.6,247.0,Emergency dispatch for over-temperature alarm. Cleaned heat exchanger.,Cancelled
DISP-14285,EQ-5184,C-1081,10-08-2023,Amanda Thompson  ,Software Update,10.4,988.0,Performed standard preventive check. Updated firmware to v4.2.1.,Cancelled
DISP-14286,EQ-6237,C-1450,11/27/2023,   Patricia Davis,Diagnostic,1.5,112.5,<html><body>Emergency dispatch for over-temperature alarm. Cleaned heat exchanger.</body></html>,In Progress
DISP-14287,EQ-6022,C-1162,04-29-2023,James Wilson,Preventive Maintenance,7.5,900.0,Replaced faulty thermal sensor and verified system bus voltage.,Pending
DISP-14288,EQ-5684,C-1132,2022-08-05,Sarah Williams,Warranty Replacement,2.0,$300.00,Replaced faulty thermal sensor and verified system bus voltage.,In Progress
DISP-14289,EQ-6080,C-1469,2023/05/29,James Wilson,Warranty Replacement,0.9,67.5,Emergency dispatch for over-temperature alarm. Cleaned heat exchanger.,Completed
DISP-14290,EQ-5084,C-1327,2024/06/13,Sarah Williams,Installation,5.9,885.0,Replaced faulty thermal sensor and verified system bus voltage.,Completed
DISP-14291,EQ-6457,C-1289,2022/03/23,Michael Brown,Installation,6.7,1005,Replaced burnt fuse block. Test run completed successfully.,COMPLETED
DISP-14292,EQ-5569,C-1078,08/13/2023,  Robert Martinez  ,Preventive Maintenance,11.5,1092.5,<html><body>Replaced faulty thermal sensor and verified system bus voltage.</body></html>,Cancelled
DISP-14293,EQ-5282,C-1258,06-23-2021,NULL,Diagnostic,9.7,1164.0,Emergency dispatch for over-temperature alarm. Cleaned heat exchanger.,Completed
DISP-14294,EQ-6116,C-1328,2023-07-14,David Lee,Installation,10.8,1026.0,Emergency dispatch for over-temperature alarm. Cleaned heat exchanger.,Pending
DISP-14295,EQ-7117,C-1358,2021/11/23,Patricia Davis,Installation,2.3,$276.00,Replaced burnt fuse block. Test run completed successfully.,In Progress
DISP-14296,EQ-6732,C-1370,2021-07-24,Maria Garcia,Diagnostic,10.3,772.5,Replaced faulty thermal sensor and verified system bus voltage.,completed
DISP-14297,EQ-6208,C-1085,2023-12-12,Robert Martinez,Warranty Replacement,5.5,660.0,Performed standard preventive check. Updated firmware to v4.2.1.,Completed
DISP-14298,EQ-6601,C-1307,12-31-2022,Patricia Davis,Preventive Maintenance,8.8,1056.0,Performed standard preventive check. Updated firmware to v4.2.1.,COMPLETED
DISP-14299,EQ-5509,C-1119,07/01/2024,David   Lee,Emergency Repair,3.7,555.0,Replaced burnt fuse block. Test run completed successfully.,Completed
DISP-14300,EQ-5532,C-1440,2021-12-19T00:00:00Z,Mike Johnson,Emergency Repair,7.9,948.0,Performed standard preventive check. Updated firmware to v4.2.1.,Completed
DISP-14301,EQ-5862,C-1380,2021-10-02,Sarah Williams,Software Update,1.6,192.0,Performed standard preventive check. Updated firmware to v4.2.1.,COMPLETED
DISP-14302,EQ-7434,C-1389,2023-05-13T00:00:00Z,Mike Johnson,Software Update,5.2,624.0,Replaced burnt fuse block. Test run completed successfully.,Pending
DISP-14303,EQ-7479,C-1221,2023-04-06,James Wilson,Corrective Maintenance,2.1,199.5,Emergency dispatch for over-temperature alarm. Cleaned heat exchanger.,Pending
DISP-14304,EQ-5583,C-1504,2023/07/08,James Wilson,Software Update,1.6,240.0,Performed standard preventive check. Updated firmware to v4.2.1.,Pending
DISP-14305,EQ-5797,C-1515,2022-11-09T00:00:00Z,Sarah Williams,Corrective Maintenance,1.8,216.0,Performed standard preventive check. Updated firmware to v4.2.1.,COMPLETED
DISP-14306,EQ-6974,C-1028,05-03-2023,Mike Johnson,Software Update,4.1,307.5,Calibrated inverter output. System operating within normal parameters.,Pending
DISP-14307,EQ-6602,C-1161,2023-08-01,Jennifer Chen,Emergency Repair,9.3,1395.0,Replaced faulty thermal sensor and verified system bus voltage.,In Progress
DISP-14308,EQ-6764,C-1303,2021-11-20,Jennifer Chen,Corrective Maintenance,11.0,1320.0,Calibrated inverter output. System operating within normal parameters.,Completed
DISP-14309,EQ-6847,C-1071,03/22/2024,James Wilson,Preventive Maintenance,9.5,1425.0,Replaced faulty thermal sensor and verified system bus voltage.,completed
DISP-14310,EQ-6143,C-1380,12/04/2022,NULL,Preventive Maintenance,1.7,161.5,Performed standard preventive check. Updated firmware to v4.2.1.,COMPLETED
DISP-14311,EQ-5839,C-1429,2024-07-19T00:00:00Z,James Wilson,Preventive Maintenance,2.1,USD 199.50,<div>Calibrated inverter output. System operating within normal parameters.</div>,Completed
DISP-14312,EQ-5189,C-1456,2022-11-26T00:00:00Z,   Carlos Sanchez,Corrective Maintenance,3.0,285.0,<strong>Emergency dispatch for over-temperature alarm. Cleaned heat exchanger.</strong>,COMPLETED
DISP-14313,EQ-7002,C-1373,2022-04-23T00:00:00Z,Amanda Thompson,Preventive Maintenance,3.8,570.0,Calibrated inverter output. System operating within normal parameters.,COMPLETED
DISP-14314,EQ-6631,C-1309,2022/11/03,Sarah Williams,Preventive Maintenance,5.1,382.5,Replaced faulty thermal sensor and verified system bus voltage.,Cancelled
DISP-14315,EQ-7254,C-1415,01/10/2024,Robert Martinez,Emergency Repair,11.0,1320.0,Emergency dispatch for over-temperature alarm. Cleaned heat exchanger.,Cancelled
DISP-14316,EQ-7393,C-1449,05-24-2022,Patricia Davis,Corrective Maintenance,10.5,787.5,Performed standard preventive check. Updated firmware to v4.2.1.,Pending
DISP-14317,EQ-5728,C-1458,2024/05/13,Carlos Sanchez,Corrective Maintenance,11.4,1710.0,Replaced faulty thermal sensor and verified system bus voltage.,completed
DISP-14318,EQ-6860,C-1044,05-07-2024,NULL,Installation,3.2,480.0,Performed standard preventive check. Updated firmware to v4.2.1.,Completed
DISP-14319,EQ-5404,C-1457,02/28/2022,Amanda Thompson,Installation,12.0,"$1,800.00",Emergency dispatch for over-temperature alarm. Cleaned heat exchanger.,Pending
DISP-14320,EQ-5346,C-1463,2022-12-02T00:00:00Z,Sarah Williams  ,Corrective Maintenance,11.6,1102.0,Emergency dispatch for over-temperature alarm. Cleaned heat exchanger.,Pending
DISP-14321,EQ-6517,C-1305,2023-09-23T00:00:00Z,Michael Brown,Corrective Maintenance,0.6,57.0,Performed standard preventive check. Updated firmware to v4.2.1.,COMPLETED
DISP-14322,EQ-5973,C-1338,2022/07/21,Michael Brown,Corrective Maintenance,9.5,902.5,Calibrated inverter output. System operating within normal parameters.,Pending
DISP-14323,EQ-7031,C-1094,05-31-2022,Michael Brown,Diagnostic,9.4,1410.0,Replaced faulty thermal sensor and verified system bus voltage.,Pending
DISP-14324,EQ-5296,C-1285,12-31-2023,Jennifer Chen,Warranty Replacement,0.7,105.0,Performed standard preventive check. Updated firmware to v4.2.1.,Pending
DISP-14325,EQ-6825,C-1471,03/31/2024,James Wilson,Emergency Repair,10.9,USD 1308.00,Emergency dispatch for over-temperature alarm. Cleaned heat exchanger.,COMPLETED
DISP-14326,EQ-6568,C-1306,08-02-2023,Michael Brown,Installation,9.9,742.5,Emergency dispatch for over-temperature alarm. Cleaned heat exchanger.,completed
DISP-14327,EQ-5720,C-1205,02/01/2022,Patricia Davis  ,Installation,9.3,883.5,Emergency dispatch for over-temperature alarm. Cleaned heat exchanger.,In Progress
DISP-14328,EQ-6909,C-1372,2022-11-23,Robert Martinez,Preventive Maintenance,3.2,480.0,Replaced burnt fuse block. Test run completed successfully.,Pending
DISP-14329,EQ-5948,C-1168,2024-06-22T00:00:00Z,David Lee,Emergency Repair,9.7,921.5,<html><body>Emergency dispatch for over-temperature alarm. Cleaned heat exchanger.</body></html>,Cancelled
DISP-14330,EQ-5522,C-1021,06-08-2023,Maria Garcia,Software Update,273.4,32808.0,Performed standard preventive check. Updated firmware to v4.2.1.,completed
DISP-14331,EQ-5130,C-1240,2023/11/10,Carlos Sanchez,Emergency Repair,5.8,551.0,Performed standard preventive check. Updated firmware to v4.2.1.,completed
DISP-14332,EQ-6429,C-1503,2022-03-30T00:00:00Z,  Michael Brown  ,Installation,8.1,USD 607.50,Replaced burnt fuse block. Test run completed successfully.,In Progress
DISP-14333,EQ-7358,C-1385,07-13-2022,David Lee,Preventive Maintenance,5.0,375.0,Replaced burnt fuse block. Test run completed successfully.,completed
DISP-14334,EQ-5432,C-1140,2022-10-26T00:00:00Z,Patricia Davis,Diagnostic,7.3,1095.0,Calibrated inverter output. System operating within normal parameters.,In Progress
DISP-14335,EQ-5063,C-1004,04/17/2024,Sarah Williams,Diagnostic,5.5,660.0,Emergency dispatch for over-temperature alarm. Cleaned heat exchanger.,completed
DISP-14336,EQ-5220,C-1309,2022/02/05,Mike Johnson,Software Update,4.5,427.5,Performed standard preventive check. Updated firmware to v4.2.1.,COMPLETED
DISP-14337,EQ-5490,C-1418,11/09/2021,Mike Johnson,Emergency Repair,10.4,780.0,Calibrated inverter output. System operating within normal parameters.,In Progress
DISP-14338,EQ-7148,C-1351,06/14/2022,Robert Martinez,Diagnostic,2.4,288.0,<b>Performed standard preventive check. Updated firmware to v4.2.1.</b>,Completed
DISP-14339,EQ-5889,C-1463,2022/05/27,Amanda Thompson,Preventive Maintenance,10.0,1200.0,Calibrated inverter output. System operating within normal parameters.,Pending
DISP-14340,EQ-5147,C-1176,04-17-2023,James Wilson,Installation,4.3,$645.00,Performed standard preventive check. Updated firmware to v4.2.1.,In Progress
DISP-14341,EQ-5560,C-1125,2023/12/17,Maria Garcia,Software Update,2.9,348.0,Replaced burnt fuse block. Test run completed successfully.,Completed
DISP-14342,EQ-5637,C-1073,08-04-2023,Patricia Davis,Preventive Maintenance,2.1,157,Replaced faulty thermal sensor and verified system bus voltage.,COMPLETED
DISP-14343,EQ-6754,C-1478,2022/07/29,James Wilson,Software Update,5.4,648.0,Replaced burnt fuse block. Test run completed successfully.,Completed
DISP-14344,EQ-6863,C-1490,2022-01-31T00:00:00Z,Sarah Williams,Preventive Maintenance,2.5,375.0,Replaced faulty thermal sensor and verified system bus voltage.,COMPLETED
DISP-14345,EQ-6856,C-1197,2022-07-16T00:00:00Z,Michael Brown,Emergency Repair,10.8,1296.0,Replaced faulty thermal sensor and verified system bus voltage.,COMPLETED
DISP-14346,EQ-6399,C-1098,2023/11/03,Jennifer Chen,Diagnostic,8.6,645.0,<html><body>Replaced burnt fuse block. Test run completed successfully.</body></html>,In Progress
DISP-14347,EQ-5899,C-1480,2022-03-28,Maria Garcia,Diagnostic,4.9,588.0,Replaced faulty thermal sensor and verified system bus voltage.,Pending
DISP-14348,EQ-6352,C-1322,03/27/2024,Michael Brown,Diagnostic,9.1,1092.0,Emergency dispatch for over-temperature alarm. Cleaned heat exchanger.,In Progress
DISP-14349,EQ-6541,C-1252,2024/05/24,Robert Martinez,Emergency Repair,9.5,1140.0,Emergency dispatch for over-temperature alarm. Cleaned heat exchanger.,completed
DISP-14350,EQ-6436,C-1175,01-09-2022,   James Wilson,Installation,1.7,255.0,Calibrated inverter output. System operating within normal parameters.,Completed
DISP-14351,EQ-6165,C-1365,08/18/2023,Maria Garcia,Corrective Maintenance,2.8,420.0,Replaced burnt fuse block. Test run completed successfully.,Cancelled
DISP-14352,EQ-6515,C-1517,04/16/2024,  Carlos Sanchez  ,Warranty Replacement,8.1,769.5,Emergency dispatch for over-temperature alarm. Cleaned heat exchanger.,Completed
DISP-14353,EQ-6448,C-1390,2021/10/28,Patricia Davis,Corrective Maintenance,9.8,1470.0,<p>Calibrated inverter output. System operating within normal parameters.</p>,Pending
DISP-14354,EQ-7491,C-1035,09-06-2021,  James Wilson  ,Emergency Repair,11.7,1755,Replaced faulty thermal sensor and verified system bus voltage.,Pending
DISP-14355,EQ-99540,C-99018,2024/01/31,James Wilson,Preventive Maintenance,3.0,360.0,Replaced burnt fuse block. Test run completed successfully.,Completed
DISP-14356,EQ-5111,C-1418,2023/02/28,James Wilson,Preventive Maintenance,467.6,44422.0,Calibrated inverter output. System operating within normal parameters.,Pending
DISP-14357,EQ-6342,C-1080,08/08/2023,Mike Johnson,Software Update,2.6,390.0,Calibrated inverter output. System operating within normal parameters.,COMPLETED
DISP-14358,EQ-5324,C-1178,01/04/2022,Patricia Davis,Preventive Maintenance,9.4,705.0,Replaced faulty thermal sensor and verified system bus voltage.,Completed
DISP-14359,EQ-5651,C-1181,01/21/2022,Robert Martinez,Emergency Repair,8.0,1200.0,Replaced faulty thermal sensor and verified system bus voltage.,In Progress
DISP-14360,EQ-5347,C-1379,12-19-2021,Maria Garcia  ,Corrective Maintenance,6.9,$517.50,Calibrated inverter output. System operating within normal parameters.,Pending
DISP-14361,EQ-7042,C-1509,2023-12-02T00:00:00Z,Mike Johnson,Software Update,11.2,840.0,Emergency dispatch for over-temperature alarm. Cleaned heat exchanger.,COMPLETED
DISP-14362,EQ-6063,C-1152,08/22/2021,Jennifer Chen  ,Preventive Maintenance,10.8,1296.0,Emergency dispatch for over-temperature alarm. Cleaned heat exchanger.,Pending
DISP-14363,EQ-5641,C-1414,2023-04-29T00:00:00Z,Carlos Sanchez,Warranty Replacement,3.5,262.5,Emergency dispatch for over-temperature alarm. Cleaned heat exchanger.,completed
DISP-14364,EQ-7468,C-1263,08/01/2024,Robert Martinez,Warranty Replacement,7.2,684.0,Performed standard preventive check. Updated firmware to v4.2.1.,Completed
DISP-14365,EQ-6751,C-1012,2022/04/14,Jennifer Chen,Software Update,5.4,405.0,<html><body>Performed standard preventive check. Updated firmware to v4.2.1.</body></html>,In Progress
DISP-14366,EQ-6326,C-1332,03/22/2024,Carlos Sanchez  ,Preventive Maintenance,10.0,1500.0,Calibrated inverter output. System operating within normal parameters.,COMPLETED
DISP-14367,EQ-5807,C-1382,06/14/2021,,Diagnostic,8.4,1008.0,Replaced burnt fuse block. Test run completed successfully.,In Progress
DISP-14368,EQ-5704,C-1491,07-12-2022,Robert Martinez,Preventive Maintenance,4.7,352.5,Performed standard preventive check. Updated firmware to v4.2.1.,completed
DISP-14369,EQ-6104,C-1164,2022-06-14T00:00:00Z,   Robert Martinez,Software Update,1.0,75.0,Calibrated inverter output. System operating within normal parameters.,completed
DISP-14370,EQ-6764,C-1303,09/10/2022,Mike Johnson,Emergency Repair,1.7,255.0,<div>Performed standard preventive check. Updated firmware to v4.2.1.</div>,Cancelled
DISP-14371,EQ-5664,C-1079,2024-02-13,Sarah Williams,Software Update,8.6,1290.0,Performed standard preventive check. Updated firmware to v4.2.1.,Pending
DISP-14372,EQ-6597,C-1053,2022/08/11,Mike Johnson,Software Update,3.8,570.0,Replaced faulty thermal sensor and verified system bus voltage.,Pending
DISP-14373,EQ-5103,C-1074,02/18/2023,Carlos Sanchez,Software Update,10.8,1026.0,Performed standard preventive check. Updated firmware to v4.2.1.,Pending
DISP-14374,EQ-7385,C-1476,06-09-2024,Patricia Davis,Warranty Replacement,2.7,324.0,Calibrated inverter output. System operating within normal parameters.,Cancelled
DISP-14375,EQ-5868,C-1463,2021-11-04T00:00:00Z,Carlos Sanchez,Installation,4.9,465.5,Performed standard preventive check. Updated firmware to v4.2.1.,COMPLETED
DISP-14376,EQ-6548,C-1328,05-24-2024,David Lee,Warranty Replacement,3.2,480.0,Performed standard preventive check. Updated firmware to v4.2.1.,COMPLETED
DISP-14377,EQ-5083,C-1245,2022-03-25,Carlos Sanchez,Diagnostic,7.4,703.0,Emergency dispatch for over-temperature alarm. Cleaned heat exchanger.,Pending
DISP-14378,EQ-5079,C-1132,2021-10-18,Jennifer Chen,Corrective Maintenance,3.3,495.0,Performed standard preventive check. Updated firmware to v4.2.1.,Pending
DISP-14379,EQ-5350,C-1126,10/30/2023,Maria Garcia,Preventive Maintenance,9.7,921.5,<html>Emergency dispatch for over-temperature alarm. Cleaned heat exchanger.</html>,In Progress
DISP-14380,EQ-7087,C-1189,2022-04-12,James Wilson,Software Update,11.6,1102.0,Calibrated inverter output. System operating within normal parameters.,COMPLETED
DISP-14381,EQ-5613,C-1242,2022/09/11,Robert Martinez,Software Update,3.6,USD 270.00,Emergency dispatch for over-temperature alarm. Cleaned heat exchanger.,Completed
DISP-14382,EQ-5516,C-1439,2022-05-24,Jennifer Chen,Software Update,4.8,456.0,Replaced faulty thermal sensor and verified system bus voltage.,Cancelled
DISP-14383,EQ-5110,C-1155,2022/11/17,Maria Garcia,Preventive Maintenance,8.8,836.0,Replaced faulty thermal sensor and verified system bus voltage.,completed
DISP-14384,EQ-6340,C-1268,10/01/2022,Jennifer Chen,Emergency Repair,7.6,570.0,Replaced faulty thermal sensor and verified system bus voltage.,Pending
DISP-14385,EQ-5429,C-1183,04-05-2022,,Corrective Maintenance,3.0,285.0,<strong>Calibrated inverter output. System operating within normal parameters.</strong>,In Progress
DISP-14386,EQ-99547,C-99009,08/02/2023,Jennifer Chen,Warranty Replacement,7.3,693.5,Performed standard preventive check. Updated firmware to v4.2.1.,completed
DISP-14387,EQ-7229,C-1269,06-30-2023,   ,Software Update,7.4,555.0,Emergency dispatch for over-temperature alarm. Cleaned heat exchanger.,In Progress
DISP-14388,EQ-7232,C-1380,06-18-2023,Robert   Martinez,Warranty Replacement,2.8,336.0,Replaced burnt fuse block. Test run completed successfully.,Cancelled
DISP-14389,EQ-6610,C-1329,09-23-2021,David Lee,Diagnostic,12.0,1800.0,Emergency dispatch for over-temperature alarm. Cleaned heat exchanger.,In Progress
DISP-14390,EQ-7265,C-1254,2021-10-13,Amanda Thompson,Emergency Repair,6.4,480.0,Calibrated inverter output. System operating within normal parameters.,Cancelled
DISP-14391,EQ-5076,C-1257,2022/08/23,Jennifer Chen,Warranty Replacement,8.0,600.0,Replaced faulty thermal sensor and verified system bus voltage.,COMPLETED
DISP-14392,EQ-5686,C-1191,02/10/2022,  Sarah Williams  ,Emergency Repair,2.9,348.0,Replaced burnt fuse block. Test run completed successfully.,Pending
DISP-14393,EQ-6873,C-1383,2023-03-30,Lisa Rodriguez,Diagnostic,7.6,570.0,Emergency dispatch for over-temperature alarm. Cleaned heat exchanger.,Completed
DISP-14394,EQ-5322,C-1397,06/06/2024,NULL,Software Update,7.2,684.0,Emergency dispatch for over-temperature alarm. Cleaned heat exchanger.,COMPLETED
DISP-14395,EQ-5891,C-1305,2022-10-02T00:00:00Z,Jennifer Chen  ,Installation,3.2,240.0,Performed standard preventive check. Updated firmware to v4.2.1.,Pending
DISP-14396,EQ-5807,C-1382,08-09-2022,Michael Brown,Installation,3.9,292.5,Emergency dispatch for over-temperature alarm. Cleaned heat exchanger.,Completed
DISP-14397,EQ-5079,C-1132,2021/07/20,  Michael Brown  ,Emergency Repair,10.1,757.5,<b>Performed standard preventive check. Updated firmware to v4.2.1.</b>,Pending
DISP-14398,EQ-5971,C-1250,07/19/2021,Robert Martinez,Installation,2.1,252.0,Replaced burnt fuse block. Test run completed successfully.,Cancelled
DISP-14399,EQ-6927,C-1018,2023-08-23T00:00:00Z,Amanda Thompson,Installation,10.7,1605.0,Emergency dispatch for over-temperature alarm. Cleaned heat exchanger.,Completed
DISP-14400,EQ-6574,C-1022,2024-01-19,Robert Martinez,Warranty Replacement,3.6,432.0,<strong>Emergency dispatch for over-temperature alarm. Cleaned heat exchanger.</strong>,In Progress
DISP-14401,EQ-6303,C-1159,2022/04/16,Maria Garcia,Preventive Maintenance,11.6,870.0,Replaced faulty thermal sensor and verified system bus voltage.,Completed
DISP-14402,EQ-5658,C-1008,01/08/2022,Michael Brown  ,Corrective Maintenance,1.5,112.5,Replaced burnt fuse block. Test run completed successfully.,completed
DISP-14403,EQ-6753,C-1145,05/20/2023,James Wilson,Warranty Replacement,2.2,330.0,Replaced faulty thermal sensor and verified system bus voltage.,Cancelled
DISP-14404,EQ-6901,C-1465,04/16/2022,Robert Martinez,Corrective Maintenance,3.4,255.0,Replaced burnt fuse block. Test run completed successfully.,Pending
DISP-14405,EQ-6314,C-1404,01-02-2022,Amanda Thompson,Installation,2.1,157.5,Replaced faulty thermal sensor and verified system bus voltage.,completed
DISP-14406,EQ-7240,C-1484,2022/11/13,Mike Johnson,Warranty Replacement,9.6,1440.0,Performed standard preventive check. Updated firmware to v4.2.1.,Cancelled
DISP-14407,EQ-6935,C-1275,08/04/2023,James Wilson,Corrective Maintenance,9.1,USD 1092.00,Performed standard preventive check. Updated firmware to v4.2.1.,completed
DISP-14408,EQ-6817,C-1049,2023-08-20T00:00:00Z,Mike Johnson,Installation,0.5,60.0,Calibrated inverter output. System operating within normal parameters.,In Progress
DISP-14409,EQ-6974,C-1028,2024/04/19,James Wilson,Emergency Repair,3.5,262.5,Calibrated inverter output. System operating within normal parameters.,Completed
DISP-14410,EQ-5899,C-1480,06/13/2022,Mike Johnson,Corrective Maintenance,5.6,672.0,Replaced faulty thermal sensor and verified system bus voltage.,Completed
DISP-14411,EQ-5750,C-1270,03/25/2024,Patricia Davis,Diagnostic,6.1,915.0,Performed standard preventive check. Updated firmware to v4.2.1.,In Progress
DISP-14412,EQ-7340,C-1411,06/10/2022,Amanda Thompson,Preventive Maintenance,4.5,675.0,Emergency dispatch for over-temperature alarm. Cleaned heat exchanger.,COMPLETED
DISP-14413,EQ-7249,C-1357,01-22-2023,Jennifer Chen,Warranty Replacement,6.7,1005.0,Replaced faulty thermal sensor and verified system bus voltage.,Pending
DISP-14414,EQ-6362,C-1482,09/25/2021,   ,Diagnostic,9.5,902.5,Replaced faulty thermal sensor and verified system bus voltage.,COMPLETED
DISP-14415,EQ-6547,C-1358,09/13/2023,Lisa Rodriguez,Preventive Maintenance,6.6,792,Performed standard preventive check. Updated firmware to v4.2.1.,completed
DISP-14416,EQ-5595,C-1289,10/26/2021,Amanda Thompson,Installation,433.7,52044.0,Emergency dispatch for over-temperature alarm. Cleaned heat exchanger.,Pending
DISP-14417,EQ-6492,C-1209,2022-04-29T00:00:00Z,Sarah Williams,Corrective Maintenance,8.0,760.0,Performed standard preventive check. Updated firmware to v4.2.1.,Completed
DISP-14418,EQ-5271,C-1470,07/02/2024,Mike Johnson,Corrective Maintenance,11.8,1770.0,<b>Emergency dispatch for over-temperature alarm. Cleaned heat exchanger.</b>,COMPLETED
DISP-14419,EQ-7365,C-1352,2021/11/14,Mike Johnson,Installation,5.4,648.0,Replaced faulty thermal sensor and verified system bus voltage.,completed
DISP-14420,EQ-7268,C-1239,2024/02/08,Robert Martinez,Installation,11.7,1111.5,<html>Calibrated inverter output. System operating within normal parameters.</html>,COMPLETED
DISP-14421,EQ-6999,C-1312,11/15/2021,Amanda Thompson,Diagnostic,0.5,60.0,Calibrated inverter output. System operating within normal parameters.,Pending
DISP-14422,EQ-7130,C-1362,2022-07-01T00:00:00Z,Sarah Williams,Preventive Maintenance,10.0,950.0,Replaced faulty thermal sensor and verified system bus voltage.,In Progress
DISP-14423,EQ-7496,C-1160,06/10/2021,Carlos Sanchez,Corrective Maintenance,9.3,697.5,Performed standard preventive check. Updated firmware to v4.2.1.,Pending
DISP-14424,EQ-6472,C-1252,12/19/2022,Robert   Martinez,Installation,9.4,893.0,Replaced burnt fuse block. Test run completed successfully.,Completed
DISP-14425,EQ-5773,C-1295,04-27-2023,Amanda Thompson,Corrective Maintenance,10.1,757.5,Replaced faulty thermal sensor and verified system bus voltage.,In Progress
DISP-14426,EQ-6505,C-1198,05-19-2023,   Sarah Williams,Preventive Maintenance,8.4,798.0,<b>Calibrated inverter output. System operating within normal parameters.</b>,In Progress
DISP-14427,EQ-5504,C-1053,04-14-2023,James Wilson,Warranty Replacement,6.9,1035.0,Replaced faulty thermal sensor and verified system bus voltage.,In Progress
DISP-14428,EQ-6082,C-1186,2023/01/13,Patricia Davis,Warranty Replacement,8.3,1245.0,Replaced burnt fuse block. Test run completed successfully.,COMPLETED
DISP-14429,EQ-7229,C-1269,08/10/2021,Michael Brown,Corrective Maintenance,5.5,412.5,Emergency dispatch for over-temperature alarm. Cleaned heat exchanger.,COMPLETED
DISP-14430,EQ-6562,C-1126,12/27/2022,Patricia Davis,Installation,3.0,285.0,Performed standard preventive check. Updated firmware to v4.2.1.,completed
DISP-14431,EQ-5223,C-1374,2022-10-05,Sarah Williams  ,Installation,11.4,1710.0,Calibrated inverter output. System operating within normal parameters.,COMPLETED
DISP-14432,EQ-5652,C-1456,04/16/2024,Michael Brown,Warranty Replacement,9.2,1104.0,Emergency dispatch for over-temperature alarm. Cleaned heat exchanger.,COMPLETED
DISP-14433,EQ-5510,C-1341,11/11/2021,Jennifer Chen,Emergency Repair,11.4,855.0,Replaced burnt fuse block. Test run completed successfully.,completed
DISP-14434,EQ-7318,C-1327,2024-05-19T00:00:00Z,James Wilson,Diagnostic,6.3,472.5,Calibrated inverter output. System operating within normal parameters.,In Progress
DISP-14435,EQ-7399,C-1101,02/18/2024,Patricia Davis,Emergency Repair,8.6,645.0,Replaced faulty thermal sensor and verified system bus voltage.,COMPLETED
DISP-14436,EQ-6369,C-1491,09-13-2022,Sarah Williams,Installation,449.6,53952.0,Emergency dispatch for over-temperature alarm. Cleaned heat exchanger.,Cancelled
DISP-14437,EQ-7286,C-1349,08/17/2022,Robert Martinez,Software Update,6.9,655.5,Emergency dispatch for over-temperature alarm. Cleaned heat exchanger.,Pending
DISP-14438,EQ-6068,C-1314,2022-09-14,Sarah Williams,Emergency Repair,6.2,930,Calibrated inverter output. System operating within normal parameters.,Pending
DISP-14439,EQ-7399,C-1101,2023-01-19,Lisa Rodriguez  ,Emergency Repair,1.3,156.0,Calibrated inverter output. System operating within normal parameters.,completed
DISP-14440,EQ-5854,C-1056,05-29-2024,James Wilson,Preventive Maintenance,9.8,1470,Replaced faulty thermal sensor and verified system bus voltage.,Cancelled
DISP-14441,EQ-7299,C-1458,2024/06/30,Patricia Davis,Emergency Repair,9.0,855,Emergency dispatch for over-temperature alarm. Cleaned heat exchanger.,completed
DISP-14442,EQ-5780,C-1289,04/02/2024,Robert Martinez,Emergency Repair,5.6,532.0,Performed standard preventive check. Updated firmware to v4.2.1.,Pending
DISP-14443,EQ-7460,C-1161,2024-06-16T00:00:00Z,   Maria Garcia,Warranty Replacement,9.4,705.0,Performed standard preventive check. Updated firmware to v4.2.1.,Completed
DISP-14444,EQ-6828,C-1077,2021-09-14,Michael Brown,Corrective Maintenance,11.5,1380.0,Performed standard preventive check. Updated firmware to v4.2.1.,Pending
DISP-14445,EQ-6881,C-1325,07-24-2024,Michael Brown,Preventive Maintenance,3.3,247.5,Calibrated inverter output. System operating within normal parameters.,Pending
DISP-14446,EQ-5843,C-1494,2022-07-02T00:00:00Z,James Wilson  ,Installation,10.3,1545.0,Calibrated inverter output. System operating within normal parameters.,In Progress
DISP-14447,EQ-7489,C-1171,2023-05-27T00:00:00Z,Amanda Thompson  ,Installation,7.1,852.0,Performed standard preventive check. Updated firmware to v4.2.1.,In Progress
DISP-14448,EQ-6321,C-1500,2021/12/03,Maria Garcia,Software Update,5.5,660.0,Calibrated inverter output. System operating within normal parameters.,Pending
DISP-14449,EQ-5757,C-1189,2021-07-19,Maria Garcia,Preventive Maintenance,7.6,912.0,Calibrated inverter output. System operating within normal parameters.,completed
DISP-14450,EQ-6425,C-1183,03/07/2024,Sarah   Williams,Installation,6.7,636.5,Replaced faulty thermal sensor and verified system bus voltage.,COMPLETED
DISP-14451,EQ-7275,C-1190,02/24/2024,Amanda Thompson,Emergency Repair,11.7,877.5,Replaced burnt fuse block. Test run completed successfully.,Cancelled
DISP-14452,EQ-6552,C-1068,02/19/2024,   Amanda Thompson,Corrective Maintenance,3.6,270.0,Replaced burnt fuse block. Test run completed successfully.,Cancelled
DISP-14453,EQ-5211,C-1025,07/27/2021,Michael Brown,Software Update,5.4,648.0,Emergency dispatch for over-temperature alarm. Cleaned heat exchanger.,Pending
DISP-14454,EQ-5453,C-1003,2023-03-06T00:00:00Z,David Lee,Warranty Replacement,9.1,1365.0,Replaced burnt fuse block. Test run completed successfully.,Completed
DISP-14455,EQ-6871,C-1446,2023-02-08,Michael Brown,Corrective Maintenance,8.6,817.0,Calibrated inverter output. System operating within normal parameters.,completed
DISP-14456,EQ-7276,C-1294,2023-12-12T00:00:00Z,Patricia Davis,Diagnostic,0.5,60.0,Replaced faulty thermal sensor and verified system bus voltage.,Pending
DISP-14457,EQ-5410,C-1450,01/05/2024,Lisa Rodriguez,Corrective Maintenance,5.2,780.0,Performed standard preventive check. Updated firmware to v4.2.1.,COMPLETED
DISP-14458,EQ-5126,C-1140,2022/08/04,Carlos Sanchez,Corrective Maintenance,9.4,$1410.00,Emergency dispatch for over-temperature alarm. Cleaned heat exchanger.,Completed
DISP-14459,EQ-6117,C-1475,06/16/2022,Carlos Sanchez,Software Update,3.7,$351.50,Emergency dispatch for over-temperature alarm. Cleaned heat exchanger.,In Progress
DISP-14460,EQ-6730,C-1177,07-15-2024,David Lee,Emergency Repair,9.1,682.5,Emergency dispatch for over-temperature alarm. Cleaned heat exchanger.,Pending
DISP-14461,EQ-6325,C-1379,2023/02/03,Jennifer Chen,Preventive Maintenance,205.7,19541.5,Replaced burnt fuse block. Test run completed successfully.,Cancelled
DISP-14462,EQ-6242,C-1476,01-07-2022,   Robert Martinez,Software Update,6.7,636.5,Emergency dispatch for over-temperature alarm. Cleaned heat exchanger.,COMPLETED
DISP-14463,EQ-5174,C-1468,07/29/2021,Michael Brown,Diagnostic,4.0,480.0,Replaced burnt fuse block. Test run completed successfully.,Cancelled
DISP-14464,EQ-5353,C-1263,01-01-2023,Amanda Thompson,Emergency Repair,2.4,360.0,Calibrated inverter output. System operating within normal parameters.,Completed
DISP-14465,EQ-6319,C-1288,01/24/2023,Carlos Sanchez,Diagnostic,6.3,945.0,Replaced faulty thermal sensor and verified system bus voltage.,Pending
DISP-14466,EQ-5842,C-1362,07/29/2023,David Lee,Corrective Maintenance,7.6,912.0,Calibrated inverter output. System operating within normal parameters.,COMPLETED
DISP-14467,EQ-6625,C-1143,03-20-2024,Amanda Thompson,Installation,162.5,12187.5,Calibrated inverter output. System operating within normal parameters.,COMPLETED
DISP-14468,EQ-5337,C-1333,08-09-2024,Carlos Sanchez,Warranty Replacement,8.8,660.0,Emergency dispatch for over-temperature alarm. Cleaned heat exchanger.,completed
DISP-14469,EQ-6717,C-1468,01/12/2024,Robert Martinez,Installation,3.8,285.0,Emergency dispatch for over-temperature alarm. Cleaned heat exchanger.,COMPLETED
DISP-14470,EQ-6109,C-1345,01/03/2022,  Jennifer Chen  ,Corrective Maintenance,9.7,727.5,Emergency dispatch for over-temperature alarm. Cleaned heat exchanger.,Cancelled
DISP-14471,EQ-6746,C-1029,2024/05/16,David Lee,Preventive Maintenance,5.7,684.0,Emergency dispatch for over-temperature alarm. Cleaned heat exchanger.,completed
DISP-14472,EQ-6154,C-1034,2021/09/08,Carlos Sanchez,Installation,6.5,780.0,Emergency dispatch for over-temperature alarm. Cleaned heat exchanger.,Cancelled
DISP-14473,EQ-5064,C-1488,05-20-2024,NULL,Diagnostic,8.5,807.5,Replaced burnt fuse block. Test run completed successfully.,completed
DISP-14474,EQ-6376,C-1057,01/27/2022,Jennifer Chen,Preventive Maintenance,5.0,475.0,Replaced burnt fuse block. Test run completed successfully.,COMPLETED
DISP-14475,EQ-5507,C-1183,2021-12-13,Patricia Davis,Installation,5.4,513.0,<strong>Emergency dispatch for over-temperature alarm. Cleaned heat exchanger.</strong>,Pending
DISP-14476,EQ-5622,C-1508,04/30/2022,Michael Brown,Installation,10.7,1284.0,<html>Performed standard preventive check. Updated firmware to v4.2.1.</html>,In Progress
DISP-14477,EQ-7482,C-1362,06/28/2023,Jennifer Chen,Diagnostic,11.6,1392.0,<strong>Replaced burnt fuse block. Test run completed successfully.</strong>,COMPLETED
DISP-14478,EQ-5128,C-1423,2022-11-13T00:00:00Z,Sarah   Williams,Installation,8.8,1320.0,Calibrated inverter output. System operating within normal parameters.,COMPLETED
DISP-14479,EQ-7072,C-1083,2022-02-12T00:00:00Z,,Diagnostic,2.5,237.5,Performed standard preventive check. Updated firmware to v4.2.1.,In Progress
DISP-14480,EQ-7376,C-1069,11/16/2021,Robert Martinez,Emergency Repair,0.8,96.0,Emergency dispatch for over-temperature alarm. Cleaned heat exchanger.,COMPLETED
DISP-14481,EQ-6314,C-1404,2023-07-03T00:00:00Z,Sarah Williams,Installation,11.9,1130.5,Replaced burnt fuse block. Test run completed successfully.,Pending
DISP-14482,EQ-6712,C-1249,2022-11-09,Mike Johnson,Diagnostic,7.5,712.5,Calibrated inverter output. System operating within normal parameters.,Cancelled
DISP-14483,EQ-7159,C-1081,2022/12/20,James   Wilson,Installation,6.0,450.0,Replaced burnt fuse block. Test run completed successfully.,Cancelled
DISP-14484,EQ-7394,C-1069,2024-02-21,,Emergency Repair,10.3,978.5,Replaced faulty thermal sensor and verified system bus voltage.,Pending
DISP-14485,EQ-5104,C-1162,04/13/2024,Patricia Davis,Emergency Repair,0.5,75.0,<p>Calibrated inverter output. System operating within normal parameters.</p>,COMPLETED
DISP-14486,EQ-6377,C-1137,03/26/2023,Maria Garcia,Software Update,6.6,627.0,Replaced burnt fuse block. Test run completed successfully.,COMPLETED
DISP-14487,EQ-7190,C-1273,2021-10-18T00:00:00Z,Mike Johnson,Software Update,10.4,1560.0,Replaced faulty thermal sensor and verified system bus voltage.,Completed
DISP-14488,EQ-6152,C-1474,2023/01/23,Patricia Davis,Software Update,10.6,1007.0,Calibrated inverter output. System operating within normal parameters.,COMPLETED
DISP-14489,EQ-7048,C-1242,2022-10-09T00:00:00Z,Robert Martinez,Installation,5.2,624.0,<div>Performed standard preventive check. Updated firmware to v4.2.1.</div>,Pending
DISP-14490,EQ-6001,C-1215,10/30/2021,Robert Martinez,Warranty Replacement,4.5,337.5,Replaced faulty thermal sensor and verified system bus voltage.,Pending
DISP-14491,EQ-7352,C-1470,2023-04-14T00:00:00Z,Robert Martinez,Installation,1.8,270.0,Replaced burnt fuse block. Test run completed successfully.,Completed
DISP-14492,EQ-6410,C-1271,08/24/2022,Jennifer Chen,Software Update,8.8,836.0,Performed standard preventive check. Updated firmware to v4.2.1.,COMPLETED
DISP-14493,EQ-6488,C-1216,2022/01/28,Sarah   Williams,Preventive Maintenance,11.7,1755,Emergency dispatch for over-temperature alarm. Cleaned heat exchanger.,Completed
DISP-14494,EQ-5057,C-1375,10/27/2023,James Wilson,Software Update,0.7,105.0,<p>Emergency dispatch for over-temperature alarm. Cleaned heat exchanger.</p>,Pending
DISP-14495,EQ-6062,C-1175,03/22/2023,Patricia Davis,Corrective Maintenance,4.8,456.0,Calibrated inverter output. System operating within normal parameters.,Completed
DISP-14496,EQ-5465,C-1211,2024-07-21,David Lee,Diagnostic,1.6,240.0,Replaced burnt fuse block. Test run completed successfully.,Cancelled
DISP-14497,EQ-6785,C-1348,2022/10/28,James Wilson,Corrective Maintenance,11.0,1320.0,Performed standard preventive check. Updated firmware to v4.2.1.,COMPLETED
DISP-14498,EQ-7044,C-1432,2022/06/06,Amanda Thompson,Corrective Maintenance,7.1,532.5,Replaced burnt fuse block. Test run completed successfully.,COMPLETED
DISP-14499,EQ-6564,C-1026,2021/07/11,Carlos Sanchez,Emergency Repair,9.5,712.5,Emergency dispatch for over-temperature alarm. Cleaned heat exchanger.,Completed
DISP-14500,EQ-5233,C-1474,2023-06-12T00:00:00Z,Sarah Williams,Warranty Replacement,11.4,1710.0,Replaced burnt fuse block. Test run completed successfully.,Cancelled
DISP-14501,EQ-6749,C-1250,08/31/2023,Robert Martinez,Installation,8.5,807.5,Replaced burnt fuse block. Test run completed successfully.,Completed
DISP-14502,EQ-6888,C-1428,04/30/2022,   Lisa Rodriguez,Warranty Replacement,12.0,900.0,Replaced burnt fuse block. Test run completed successfully.,COMPLETED
DISP-14503,EQ-7216,C-1373,05/27/2024,Michael   Brown,Diagnostic,5.3,397.5,Performed standard preventive check. Updated firmware to v4.2.1.,completed
DISP-14504,EQ-7160,C-1500,02/22/2023,   ,Corrective Maintenance,4.9,588.0,Replaced burnt fuse block. Test run completed successfully.,COMPLETED
DISP-14505,EQ-7460,C-1161,04-16-2022,Michael Brown  ,Diagnostic,2.6,312.0,<html><body>Replaced burnt fuse block. Test run completed successfully.</body></html>,In Progress
DISP-14506,EQ-6199,C-1443,2021-09-01T00:00:00Z,Maria Garcia,Emergency Repair,6.4,$768.00,Replaced burnt fuse block. Test run completed successfully.,COMPLETED
DISP-14507,EQ-6333,C-1495,2023-02-10T00:00:00Z,Jennifer Chen,Warranty Replacement,3.8,285.0,<div>Replaced burnt fuse block. Test run completed successfully.</div>,Completed
DISP-14508,EQ-6779,C-1104,12/24/2022,Jennifer Chen,Warranty Replacement,9.9,940.5,Calibrated inverter output. System operating within normal parameters.,Cancelled
DISP-14509,EQ-5125,C-1449,2024/01/10,Maria Garcia,Warranty Replacement,7.2,864.0,Calibrated inverter output. System operating within normal parameters.,In Progress
DISP-14510,EQ-6297,C-1323,02-27-2023,Sarah Williams,Emergency Repair,11.6,1392.0,Emergency dispatch for over-temperature alarm. Cleaned heat exchanger.,Pending
DISP-14511,EQ-5788,C-1054,2024-02-04,James Wilson,Preventive Maintenance,1.3,$97.50,Emergency dispatch for over-temperature alarm. Cleaned heat exchanger.,completed
DISP-14512,EQ-7119,C-1254,01/29/2024,James Wilson,Emergency Repair,7.0,1050.0,Emergency dispatch for over-temperature alarm. Cleaned heat exchanger.,completed
DISP-14513,EQ-6886,C-1345,2022-09-23T00:00:00Z,Jennifer Chen,Warranty Replacement,7.3,1095.0,Replaced faulty thermal sensor and verified system bus voltage.,Pending
DISP-14514,EQ-5410,C-1450,2023/02/17,Mike Johnson  ,Corrective Maintenance,8.6,817.0,Emergency dispatch for over-temperature alarm. Cleaned heat exchanger.,Completed
DISP-14515,EQ-7310,C-1462,07/04/2021,Maria Garcia,Software Update,6.1,732.0,<p>Replaced burnt fuse block. Test run completed successfully.</p>,COMPLETED
DISP-14516,EQ-5113,C-1163,2022/10/16,Carlos   Sanchez,Corrective Maintenance,11.4,1083.0,Calibrated inverter output. System operating within normal parameters.,COMPLETED
DISP-14517,EQ-7299,C-1458,10/17/2022,Carlos Sanchez,Emergency Repair,3.2,304.0,Emergency dispatch for over-temperature alarm. Cleaned heat exchanger.,Completed
DISP-14518,EQ-7398,C-1279,2021/12/05,David Lee,Software Update,1.9,180.5,Performed standard preventive check. Updated firmware to v4.2.1.,Completed
DISP-14519,EQ-6368,C-1024,09/10/2022,Maria Garcia,Installation,9.6,912.0,Calibrated inverter output. System operating within normal parameters.,In Progress
DISP-14520,EQ-7043,C-1309,07-23-2021,   Lisa Rodriguez,Software Update,8.6,1290.0,Replaced burnt fuse block. Test run completed successfully.,In Progress
DISP-14521,EQ-5965,C-1208,2022-05-07,Michael Brown,Software Update,10.1,959.5,Performed standard preventive check. Updated firmware to v4.2.1.,In Progress
DISP-14522,EQ-6059,C-1369,2024-01-24T00:00:00Z,Amanda Thompson,Installation,9.5,1425.0,Replaced faulty thermal sensor and verified system bus voltage.,Completed
DISP-14523,EQ-7177,C-1366,04/11/2023,Sarah Williams,Diagnostic,378.1,35919.5,Emergency dispatch for over-temperature alarm. Cleaned heat exchanger.,Cancelled
DISP-14524,EQ-5237,C-1386,12/04/2023,Amanda Thompson,Software Update,6.4,768.0,Calibrated inverter output. System operating within normal parameters.,Cancelled
DISP-14525,EQ-5886,C-1246,11/09/2022,David Lee,Diagnostic,8.4,1260.0,Replaced burnt fuse block. Test run completed successfully.,completed
DISP-14526,EQ-5213,C-1063,2024-01-04T00:00:00Z,Michael Brown,Preventive Maintenance,2.2,209.0,Emergency dispatch for over-temperature alarm. Cleaned heat exchanger.,In Progress
DISP-14527,EQ-7488,C-1360,2022/03/17,David Lee,Software Update,5.0,375.0,Replaced faulty thermal sensor and verified system bus voltage.,Pending
DISP-14528,EQ-6840,C-1483,2021-07-10T00:00:00Z,Carlos Sanchez,Warranty Replacement,8.5,1275.0,Calibrated inverter output. System operating within normal parameters.,Completed
DISP-14529,EQ-5585,C-1265,03-10-2024,Robert Martinez,Installation,10.4,988,Replaced burnt fuse block. Test run completed successfully.,completed
DISP-14530,EQ-7460,C-1161,2024-06-14T00:00:00Z,   ,Emergency Repair,11.1,1665.0,Emergency dispatch for over-temperature alarm. Cleaned heat exchanger.,completed
DISP-14531,EQ-5537,C-1090,02-01-2023,Amanda Thompson,Preventive Maintenance,10.8,1296.0,Emergency dispatch for over-temperature alarm. Cleaned heat exchanger.,COMPLETED
DISP-14532,EQ-6602,C-1161,10/09/2023,Michael   Brown,Installation,9.9,1188.0,Replaced faulty thermal sensor and verified system bus voltage.,completed
DISP-14533,EQ-6419,C-1298,03/20/2022,Amanda Thompson,Warranty Replacement,8.4,1008.0,Emergency dispatch for over-temperature alarm. Cleaned heat exchanger.,In Progress
DISP-14534,EQ-5705,C-1225,2021/12/06,Lisa Rodriguez,Installation,10.8,810.0,Calibrated inverter output. System operating within normal parameters.,completed
DISP-14535,EQ-6832,C-1487,2022-07-23,Sarah Williams,Installation,1.6,120.0,Replaced faulty thermal sensor and verified system bus voltage.,Completed
DISP-14536,EQ-5331,C-1436,2022-01-24,Jennifer Chen,Diagnostic,9.7,1455.0,Replaced burnt fuse block. Test run completed successfully.,Completed
DISP-14537,EQ-5094,C-1236,11/13/2022,Robert Martinez,Warranty Replacement,3.1,465.0,<strong>Replaced burnt fuse block. Test run completed successfully.</strong>,COMPLETED
DISP-14538,EQ-5938,C-1034,2022-02-16T00:00:00Z,Patricia Davis,Warranty Replacement,5.1,382.5,Performed standard preventive check. Updated firmware to v4.2.1.,Cancelled
DISP-14539,EQ-6786,C-1336,01/04/2022,NULL,Warranty Replacement,1.8,171.0,Calibrated inverter output. System operating within normal parameters.,Cancelled
DISP-14540,EQ-7081,C-1226,2022-03-15T00:00:00Z,David Lee,Installation,11.8,1121.0,Replaced faulty thermal sensor and verified system bus voltage.,completed
DISP-14541,EQ-6987,C-1158,09/15/2022,Lisa Rodriguez,Corrective Maintenance,7.0,840.0,Performed standard preventive check. Updated firmware to v4.2.1.,completed
DISP-14542,EQ-6003,C-1384,01/24/2023,Amanda Thompson,Emergency Repair,6.1,457.5,<html><body>Replaced burnt fuse block. Test run completed successfully.</body></html>,COMPLETED
DISP-14543,EQ-6228,C-1183,10-14-2021,Lisa Rodriguez,Warranty Replacement,6.0,720.0,Performed standard preventive check. Updated firmware to v4.2.1.,In Progress
DISP-14544,EQ-7443,C-1483,2021-07-11,Mike Johnson,Preventive Maintenance,2.9,275.5,Replaced burnt fuse block. Test run completed successfully.,Pending
DISP-14545,EQ-6838,C-1266,11/05/2021,Carlos Sanchez,Preventive Maintenance,1.4,168.0,Performed standard preventive check. Updated firmware to v4.2.1.,In Progress
DISP-14546,EQ-6558,C-1491,2023-05-13T00:00:00Z,Lisa Rodriguez,Diagnostic,6.1,732.0,Replaced faulty thermal sensor and verified system bus voltage.,Completed
DISP-14547,EQ-6892,C-1421,2021-07-24,Patricia Davis,Warranty Replacement,8.1,769.5,Replaced faulty thermal sensor and verified system bus voltage.,Pending
DISP-14548,EQ-5345,C-1154,07/11/2024,Patricia Davis,Corrective Maintenance,5.7,855.0,<html><body>Performed standard preventive check. Updated firmware to v4.2.1.</body></html>,Cancelled
DISP-14549,EQ-5843,C-1494,2022-01-24,Carlos Sanchez,Emergency Repair,5.4,810.0,Calibrated inverter output. System operating within normal parameters.,Pending
DISP-14550,EQ-6333,C-1495,09-02-2021,Sarah Williams,Software Update,9.7,921.5,Emergency dispatch for over-temperature alarm. Cleaned heat exchanger.,Pending
DISP-14551,EQ-5960,C-1080,2021-09-06T00:00:00Z,Robert Martinez,Corrective Maintenance,7.4,888.0,Replaced burnt fuse block. Test run completed successfully.,completed
DISP-14552,EQ-5700,C-1260,07/26/2023,Jennifer Chen,Software Update,2.4,228.0,Replaced burnt fuse block. Test run completed successfully.,In Progress
DISP-14553,EQ-7237,C-1354,2023-05-03T00:00:00Z,Lisa Rodriguez,Installation,4.9,465.5,<strong>Replaced burnt fuse block. Test run completed successfully.</strong>,Cancelled
DISP-14554,EQ-6529,C-1320,12-16-2023,Mike Johnson,Corrective Maintenance,8.5,1275.0,Replaced faulty thermal sensor and verified system bus voltage.,COMPLETED
DISP-14555,EQ-7449,C-1343,2022-05-20T00:00:00Z,,Software Update,475.5,45172.5,Performed standard preventive check. Updated firmware to v4.2.1.,In Progress
DISP-14556,EQ-7106,C-1511,06/24/2024,Mike Johnson,Preventive Maintenance,5.4,513.0,Replaced faulty thermal sensor and verified system bus voltage.,Cancelled
DISP-14557,EQ-5251,C-1034,07-09-2024,Lisa Rodriguez,Preventive Maintenance,5.5,825.0,Replaced burnt fuse block. Test run completed successfully.,Pending
DISP-14558,EQ-7254,C-1415,2023/05/03,Maria Garcia,Warranty Replacement,5.8,551.0,Replaced burnt fuse block. Test run completed successfully.,Pending
DISP-14559,EQ-6913,C-1106,2024/06/05,James Wilson,Installation,1.9,228.0,Replaced faulty thermal sensor and verified system bus voltage.,Completed
DISP-14560,EQ-6116,C-1328,05-17-2023,Patricia Davis,Software Update,5.1,765.0,Replaced burnt fuse block. Test run completed successfully.,completed
DISP-14561,EQ-6329,C-1303,2023-09-23T00:00:00Z,Mike Johnson,Corrective Maintenance,9.0,855.0,Performed standard preventive check. Updated firmware to v4.2.1.,completed
DISP-14562,EQ-5015,C-1321,2022-09-16,Jennifer Chen,Software Update,7.5,562.5,Calibrated inverter output. System operating within normal parameters.,completed
DISP-14563,EQ-5886,C-1246,03/05/2024,Amanda Thompson,Corrective Maintenance,10.9,817.5,Calibrated inverter output. System operating within normal parameters.,Pending
DISP-14564,EQ-5522,C-1021,05-27-2023,Maria Garcia,Warranty Replacement,11.3,847.5,Performed standard preventive check. Updated firmware to v4.2.1.,Pending
DISP-14565,EQ-6307,C-1124,2022-07-31T00:00:00Z,Sarah Williams,Preventive Maintenance,4.9,588.0,Replaced faulty thermal sensor and verified system bus voltage.,Pending
DISP-14566,EQ-6785,C-1348,03-22-2022,Robert Martinez,Corrective Maintenance,7.0,525.0,Emergency dispatch for over-temperature alarm. Cleaned heat exchanger.,Cancelled
DISP-14567,EQ-6618,C-1379,2021-08-04,Amanda Thompson,Diagnostic,9.1,1365.0,Emergency dispatch for over-temperature alarm. Cleaned heat exchanger.,Cancelled
DISP-14568,EQ-5502,C-1286,2023-08-24T00:00:00Z,  Jennifer Chen  ,Software Update,11.7,1755.0,Performed standard preventive check. Updated firmware to v4.2.1.,In Progress
DISP-14569,EQ-7295,C-1383,09/14/2023,Lisa Rodriguez,Software Update,4.1,307.5,Calibrated inverter output. System operating within normal parameters.,Pending
DISP-14570,EQ-7283,C-1238,12/04/2023,  Carlos Sanchez  ,Warranty Replacement,7.3,547.5,<div>Performed standard preventive check. Updated firmware to v4.2.1.</div>,Completed
DISP-14571,EQ-99124,C-99973,2023/06/12,Maria Garcia,Emergency Repair,11.5,1380.0,<html>Performed standard preventive check. Updated firmware to v4.2.1.</html>,Cancelled
DISP-14572,EQ-6897,C-1324,2024-05-21T00:00:00Z,Michael Brown,Warranty Replacement,9.1,1092.0,Performed standard preventive check. Updated firmware to v4.2.1.,Completed
DISP-14573,EQ-6930,C-1324,2022-05-11T00:00:00Z,  Sarah Williams  ,Preventive Maintenance,1.5,180.0,Performed standard preventive check. Updated firmware to v4.2.1.,Pending
DISP-14574,EQ-6253,C-1277,06-04-2022,Amanda Thompson,Corrective Maintenance,5.7,541.5,Replaced faulty thermal sensor and verified system bus voltage.,Pending
DISP-14575,EQ-5440,C-1343,11/08/2021,Lisa Rodriguez,Installation,3.1,465.0,Replaced faulty thermal sensor and verified system bus voltage.,Completed
DISP-14576,EQ-6267,C-1325,04-06-2023,Jennifer Chen,Installation,10.9,1308.0,<b>Replaced faulty thermal sensor and verified system bus voltage.</b>,Cancelled
DISP-14577,EQ-5419,C-1280,04-02-2024,Mike Johnson,Diagnostic,7.1,674.5,Emergency dispatch for over-temperature alarm. Cleaned heat exchanger.,Pending
DISP-14578,EQ-5117,C-1101,03-21-2024,Carlos Sanchez,Installation,6.8,646.0,Replaced faulty thermal sensor and verified system bus voltage.,COMPLETED
DISP-14579,EQ-6976,C-1465,03/25/2024,   Mike Johnson,Preventive Maintenance,5.1,765.0,Calibrated inverter output. System operating within normal parameters.,Cancelled
DISP-14580,EQ-5702,C-1441,2022/07/16,Robert Martinez,Warranty Replacement,10.6,1272.0,Performed standard preventive check. Updated firmware to v4.2.1.,Pending
DISP-14581,EQ-5271,C-1470,2022-10-30T00:00:00Z,Michael Brown,Corrective Maintenance,11.0,1045.0,Replaced faulty thermal sensor and verified system bus voltage.,Completed
DISP-14582,EQ-5359,C-1415,07/01/2022,Robert Martinez,Diagnostic,10.5,1260.0,Calibrated inverter output. System operating within normal parameters.,Completed
DISP-14583,EQ-7321,C-1319,2023-06-27T00:00:00Z,Patricia Davis,Diagnostic,5.6,840.0,Performed standard preventive check. Updated firmware to v4.2.1.,COMPLETED
DISP-14584,EQ-5778,C-1435,08-03-2024,Maria Garcia,Emergency Repair,1.8,135.0,Replaced faulty thermal sensor and verified system bus voltage.,Completed
DISP-14585,EQ-7160,C-1500,06/24/2022,Amanda Thompson,Corrective Maintenance,8.9,1335.0,<p>Replaced burnt fuse block. Test run completed successfully.</p>,Cancelled
DISP-14586,EQ-7084,C-1064,2022-09-02,Carlos Sanchez,Diagnostic,7.5,562.5,Replaced burnt fuse block. Test run completed successfully.,completed
DISP-14587,EQ-5239,C-1265,2023-09-29,Robert Martinez,Warranty Replacement,5.7,427.5,Calibrated inverter output. System operating within normal parameters.,COMPLETED
DISP-14588,EQ-6775,C-1027,2024-07-01T00:00:00Z,James Wilson,Installation,8.7,1305.0,Replaced faulty thermal sensor and verified system bus voltage.,Completed
DISP-14589,EQ-6622,C-1466,01/02/2022,Mike Johnson,Software Update,7.3,876.0,Replaced burnt fuse block. Test run completed successfully.,In Progress
DISP-14590,EQ-7050,C-1328,2021/09/20,David Lee,Corrective Maintenance,3.7,277.5,Replaced faulty thermal sensor and verified system bus voltage.,Completed
DISP-14591,EQ-5953,C-1280,10/20/2023,Sarah Williams,Corrective Maintenance,11.8,1121.0,Calibrated inverter output. System operating within normal parameters.,Cancelled
DISP-14592,EQ-7031,C-1094,09/27/2023,Patricia Davis,Corrective Maintenance,6.0,900.0,Calibrated inverter output. System operating within normal parameters.,Cancelled
DISP-14593,EQ-6839,C-1124,2021-11-25T00:00:00Z,Lisa Rodriguez,Preventive Maintenance,3.3,396.0,Performed standard preventive check. Updated firmware to v4.2.1.,COMPLETED
DISP-14594,EQ-6819,C-1454,03-20-2023,Carlos Sanchez,Corrective Maintenance,11.2,840.0,Calibrated inverter output. System operating within normal parameters.,Completed
DISP-14595,EQ-5541,C-1200,2022/09/17,Sarah Williams  ,Software Update,7.0,840.0,Calibrated inverter output. System operating within normal parameters.,Pending
DISP-14596,EQ-5446,C-1431,2021-10-31,Carlos Sanchez,Preventive Maintenance,1.2,114,Performed standard preventive check. Updated firmware to v4.2.1.,Pending
DISP-14597,EQ-7312,C-1287,2022/08/23,Carlos Sanchez,Installation,7.8,585.0,Performed standard preventive check. Updated firmware to v4.2.1.,Cancelled
DISP-14598,EQ-7456,C-1500,07-24-2023,Mike Johnson,Installation,2.2,165.0,Performed standard preventive check. Updated firmware to v4.2.1.,Completed
DISP-14599,EQ-5605,C-1041,2022-03-18T00:00:00Z,Jennifer Chen,Warranty Replacement,10.6,1007.0,Performed standard preventive check. Updated firmware to v4.2.1.,COMPLETED
DISP-14600,EQ-5098,C-1436,2024-07-07,Jennifer Chen,Warranty Replacement,11.2,1680.0,Calibrated inverter output. System operating within normal parameters.,Cancelled
DISP-14601,EQ-5321,C-1052,09/04/2021,Carlos Sanchez,Installation,6.8,646.0,Replaced burnt fuse block. Test run completed successfully.,completed
DISP-14602,EQ-7239,C-1243,2021-07-21T00:00:00Z,James Wilson,Corrective Maintenance,171.5,20580.0,Emergency dispatch for over-temperature alarm. Cleaned heat exchanger.,In Progress
DISP-14603,EQ-6578,C-1289,10-30-2022,David Lee,Installation,4.4,528.0,Emergency dispatch for over-temperature alarm. Cleaned heat exchanger.,Completed
DISP-14604,EQ-6109,C-1345,2023-05-31,Jennifer Chen,Installation,3.4,408.0,Calibrated inverter output. System operating within normal parameters.,In Progress
DISP-14605,EQ-6786,C-1336,05-19-2023,Maria Garcia,Preventive Maintenance,5.5,660.0,Replaced faulty thermal sensor and verified system bus voltage.,completed
DISP-14606,EQ-5217,C-1360,2022-04-04,Lisa Rodriguez  ,Software Update,4.6,345.0,Performed standard preventive check. Updated firmware to v4.2.1.,Completed
DISP-14607,EQ-7091,C-1454,01/16/2023,Lisa Rodriguez,Diagnostic,5.7,541.5,Replaced burnt fuse block. Test run completed successfully.,COMPLETED
DISP-14608,EQ-5041,C-1047,01/29/2022,Maria Garcia,Emergency Repair,7.7,731.5,Calibrated inverter output. System operating within normal parameters.,In Progress
DISP-14609,EQ-5667,C-1479,2024-02-08,  Maria Garcia  ,Diagnostic,5.1,612.0,Replaced faulty thermal sensor and verified system bus voltage.,Completed
DISP-14610,EQ-5792,C-1516,2022-10-05T00:00:00Z,NULL,Software Update,6.7,1005.0,Replaced burnt fuse block. Test run completed successfully.,Pending
DISP-14611,EQ-6611,C-1313,02/04/2024,Sarah Williams,Software Update,4.2,504.0,Replaced faulty thermal sensor and verified system bus voltage.,In Progress
DISP-14612,EQ-5576,C-1079,2024/03/05,Mike Johnson,Warranty Replacement,4.6,690.0,Performed standard preventive check. Updated firmware to v4.2.1.,completed
DISP-14613,EQ-6284,C-1043,03/05/2024,Robert Martinez,Corrective Maintenance,6.2,465.0,Performed standard preventive check. Updated firmware to v4.2.1.,completed
DISP-14614,EQ-7282,C-1090,2023-11-17T00:00:00Z,David Lee,Warranty Replacement,10.9,817.5,Performed standard preventive check. Updated firmware to v4.2.1.,Pending
DISP-14615,EQ-5479,C-1420,03/29/2022,Patricia Davis,Preventive Maintenance,7.4,703.0,Replaced faulty thermal sensor and verified system bus voltage.,Completed
DISP-14616,EQ-6284,C-1043,2024-01-24T00:00:00Z,Carlos Sanchez,Warranty Replacement,4.1,389.5,<p>Performed standard preventive check. Updated firmware to v4.2.1.</p>,Completed
DISP-14617,EQ-6396,C-1047,2021-11-22T00:00:00Z,Carlos Sanchez,Diagnostic,11.4,1710.0,Emergency dispatch for over-temperature alarm. Cleaned heat exchanger.,Pending
DISP-14618,EQ-5876,C-1129,2023-10-16,Sarah Williams,Installation,8.4,630.0,Performed standard preventive check. Updated firmware to v4.2.1.,completed
DISP-14619,EQ-5779,C-1467,2024-02-04,Amanda Thompson,Corrective Maintenance,2.4,288,Calibrated inverter output. System operating within normal parameters.,completed
DISP-14620,EQ-7207,C-1076,04/14/2023,Sarah Williams,Preventive Maintenance,5.8,870.0,<p>Replaced burnt fuse block. Test run completed successfully.</p>,Cancelled
DISP-14621,EQ-6411,C-1034,2022/02/02,   Patricia Davis,Warranty Replacement,7.2,1080.0,<html>Replaced burnt fuse block. Test run completed successfully.</html>,COMPLETED
DISP-14622,EQ-5330,C-1432,2022-03-26,Lisa Rodriguez,Corrective Maintenance,11.2,840.0,<strong>Replaced burnt fuse block. Test run completed successfully.</strong>,Cancelled
DISP-14623,EQ-5662,C-1420,01-20-2023,Mike Johnson,Corrective Maintenance,6.0,570.0,Calibrated inverter output. System operating within normal parameters.,Pending
DISP-14624,EQ-6501,C-1074,07/31/2022,Jennifer Chen,Corrective Maintenance,5.5,825.0,Performed standard preventive check. Updated firmware to v4.2.1.,In Progress
DISP-14625,EQ-6279,C-1342,08/29/2021,James Wilson,Software Update,8.5,807.5,Emergency dispatch for over-temperature alarm. Cleaned heat exchanger.,Cancelled
DISP-14626,EQ-6646,C-1178,2022-06-15T00:00:00Z,Lisa Rodriguez,Warranty Replacement,4.5,337.5,Replaced faulty thermal sensor and verified system bus voltage.,Pending
DISP-14627,EQ-5903,C-1420,10/18/2022,Mike Johnson,Installation,6.4,608.0,Replaced faulty thermal sensor and verified system bus voltage.,Pending
DISP-14628,EQ-5993,C-1077,06/03/2024,Patricia Davis,Corrective Maintenance,8.9,1068.0,Calibrated inverter output. System operating within normal parameters.,In Progress
DISP-14629,EQ-7329,C-1494,02-01-2022,   ,Warranty Replacement,3.5,332.5,Replaced faulty thermal sensor and verified system bus voltage.,Cancelled
DISP-14630,EQ-5758,C-1099,2022-04-13,Jennifer Chen  ,Diagnostic,1.9,142.5,Replaced burnt fuse block. Test run completed successfully.,completed
DISP-14631,EQ-7195,C-1427,05/04/2023,  Patricia Davis  ,Software Update,9.3,883.5,Performed standard preventive check. Updated firmware to v4.2.1.,In Progress
DISP-14632,EQ-5068,C-1046,07/05/2024,Maria Garcia,Installation,3.9,$468.00,Performed standard preventive check. Updated firmware to v4.2.1.,Pending
DISP-14633,EQ-5457,C-1284,2024/06/05,David Lee,Corrective Maintenance,7.9,1185.0,Emergency dispatch for over-temperature alarm. Cleaned heat exchanger.,completed
DISP-14634,EQ-5139,C-1263,2024-06-01,Michael Brown,Software Update,5.8,870.0,Calibrated inverter output. System operating within normal parameters.,In Progress
DISP-14635,EQ-7430,C-1271,01/31/2022,David Lee,Warranty Replacement,10.9,1635.0,Replaced burnt fuse block. Test run completed successfully.,completed
DISP-14636,EQ-99558,C-99656,11/21/2022,David Lee,Preventive Maintenance,8.5,1275.0,Replaced burnt fuse block. Test run completed successfully.,completed
DISP-14637,EQ-6703,C-1127,06/13/2023,David Lee,Warranty Replacement,8.8,836.0,Replaced burnt fuse block. Test run completed successfully.,Pending
DISP-14638,EQ-5301,C-1482,2022-12-11,Amanda Thompson,Emergency Repair,6.3,598.5,<html><body>Replaced burnt fuse block. Test run completed successfully.</body></html>,COMPLETED
DISP-14639,EQ-6079,C-1260,2021/10/10,James Wilson,Emergency Repair,6.0,570.0,Replaced faulty thermal sensor and verified system bus voltage.,Cancelled
DISP-14640,EQ-6126,C-1186,07/10/2024,Robert Martinez,Software Update,9.4,1410.0,Replaced burnt fuse block. Test run completed successfully.,In Progress
DISP-14641,EQ-6533,C-1412,06-17-2021,Amanda Thompson  ,Installation,5.4,513.0,Replaced burnt fuse block. Test run completed successfully.,Pending
DISP-14642,EQ-6201,C-1092,08/26/2023,Amanda Thompson,Installation,7.8,585.0,<html>Calibrated inverter output. System operating within normal parameters.</html>,Completed
DISP-14643,EQ-7075,C-1292,2022-08-23,James Wilson,Warranty Replacement,7.1,1065.0,Emergency dispatch for over-temperature alarm. Cleaned heat exchanger.,Pending
DISP-14644,EQ-7146,C-1208,2023/02/23,Robert Martinez,Corrective Maintenance,9.6,720.0,Replaced faulty thermal sensor and verified system bus voltage.,Pending
DISP-14645,EQ-7038,C-1202,2024-05-03T00:00:00Z,Carlos Sanchez,Preventive Maintenance,11.0,1045.0,Performed standard preventive check. Updated firmware to v4.2.1.,completed
DISP-14646,EQ-5837,C-1126,06/27/2021,James Wilson,Installation,3.4,510.0,<b>Replaced faulty thermal sensor and verified system bus voltage.</b>,completed
DISP-14647,EQ-7396,C-1050,10/25/2022,   David Lee,Corrective Maintenance,8.8,660.0,Replaced burnt fuse block. Test run completed successfully.,In Progress
DISP-14648,EQ-5293,C-1002,2022/09/25,Michael Brown,Warranty Replacement,6.3,945.0,Emergency dispatch for over-temperature alarm. Cleaned heat exchanger.,COMPLETED
DISP-14649,EQ-5264,C-1465,2023-02-14,Mike Johnson  ,Emergency Repair,1.2,114.0,Emergency dispatch for over-temperature alarm. Cleaned heat exchanger.,Completed
DISP-14650,EQ-5270,C-1236,02/15/2022,Carlos Sanchez,Software Update,10.4,988.0,Calibrated inverter output. System operating within normal parameters.,In Progress
DISP-14651,EQ-5842,C-1362,07/20/2024,Amanda Thompson,Diagnostic,1.5,225.0,Replaced burnt fuse block. Test run completed successfully.,Pending
DISP-14652,EQ-6940,C-1479,2024-01-25T00:00:00Z,Michael Brown  ,Corrective Maintenance,7.5,562.5,Replaced faulty thermal sensor and verified system bus voltage.,Completed
DISP-14653,EQ-6085,C-1354,05-10-2022,Michael Brown,Installation,1.9,$180.50,Replaced faulty thermal sensor and verified system bus voltage.,In Progress
DISP-14654,EQ-5286,C-1162,04/17/2022,Mike Johnson,Preventive Maintenance,6.6,627.0,Calibrated inverter output. System operating within normal parameters.,Pending
DISP-14655,EQ-7256,C-1516,02/03/2022,Patricia Davis,Diagnostic,7.8,936.0,<p>Calibrated inverter output. System operating within normal parameters.</p>,Pending
DISP-14656,EQ-6455,C-1475,2023-05-02T00:00:00Z,Carlos Sanchez,Corrective Maintenance,1.9,228.0,Calibrated inverter output. System operating within normal parameters.,In Progress
DISP-14657,EQ-6710,C-1403,12-18-2022,Amanda Thompson,Emergency Repair,1.1,104.5,Replaced faulty thermal sensor and verified system bus voltage.,completed
DISP-14658,EQ-7012,C-1363,01/01/2023,Michael Brown,Warranty Replacement,3.5,$262.50,Replaced burnt fuse block. Test run completed successfully.,Completed
DISP-14659,EQ-7138,C-1068,2023-08-05T00:00:00Z,Jennifer Chen  ,Corrective Maintenance,3.6,432.0,Calibrated inverter output. System operating within normal parameters.,Completed
DISP-14660,EQ-6778,C-1230,11-09-2023,David Lee  ,Diagnostic,8.3,1245.0,Replaced faulty thermal sensor and verified system bus voltage.,Completed
DISP-14661,EQ-6485,C-1292,2021-06-03,Robert Martinez,Corrective Maintenance,1.7,127.5,Replaced faulty thermal sensor and verified system bus voltage.,Completed
DISP-14662,EQ-5958,C-1311,2022-01-20T00:00:00Z,Patricia Davis,Warranty Replacement,9.2,1104.0,Replaced burnt fuse block. Test run completed successfully.,Cancelled
DISP-14663,EQ-7455,C-1456,2024/01/23,   Sarah Williams,Corrective Maintenance,6.0,900.0,Replaced burnt fuse block. Test run completed successfully.,COMPLETED
DISP-14664,EQ-7445,C-1478,2022/07/12,Amanda Thompson,Software Update,9.2,690.0,Emergency dispatch for over-temperature alarm. Cleaned heat exchanger.,completed
DISP-14665,EQ-6338,C-1343,01/22/2024,Amanda Thompson,Diagnostic,3.9,370.5,Emergency dispatch for over-temperature alarm. Cleaned heat exchanger.,In Progress
DISP-14666,EQ-7115,C-1154,03-24-2024,Amanda Thompson  ,Warranty Replacement,5.9,885.0,<html>Replaced faulty thermal sensor and verified system bus voltage.</html>,COMPLETED
DISP-14667,EQ-6499,C-1225,11/19/2021,Sarah Williams,Corrective Maintenance,10.5,787,Emergency dispatch for over-temperature alarm. Cleaned heat exchanger.,In Progress
DISP-14668,EQ-7427,C-1102,04-10-2022,Amanda Thompson,Diagnostic,0.6,72,Performed standard preventive check. Updated firmware to v4.2.1.,Completed
DISP-14669,EQ-5517,C-1142,2021/07/08,James Wilson,Warranty Replacement,6.9,828,Replaced faulty thermal sensor and verified system bus voltage.,In Progress
DISP-14670,EQ-5100,C-1457,08-26-2023,James Wilson,Preventive Maintenance,10.4,1248.0,Replaced faulty thermal sensor and verified system bus voltage.,Pending
DISP-14671,EQ-6612,C-1245,2024/03/21,Maria Garcia,Preventive Maintenance,3.0,450.0,Calibrated inverter output. System operating within normal parameters.,Cancelled
DISP-14672,EQ-7320,C-1437,11/25/2023,David Lee,Installation,5.5,522.5,Emergency dispatch for over-temperature alarm. Cleaned heat exchanger.,completed
DISP-14673,EQ-6906,C-1344,10/08/2022,Patricia Davis,Warranty Replacement,5.8,870.0,Replaced faulty thermal sensor and verified system bus voltage.,Completed
DISP-14674,EQ-6954,C-1442,2023-05-19T00:00:00Z,Lisa Rodriguez,Warranty Replacement,8.6,1032.0,Calibrated inverter output. System operating within normal parameters.,Pending
DISP-14675,EQ-6876,C-1170,2021-10-08T00:00:00Z,Carlos Sanchez,Warranty Replacement,4.4,330.0,Replaced burnt fuse block. Test run completed successfully.,completed
DISP-14676,EQ-5894,C-1231,09/05/2021,James Wilson,Diagnostic,10.2,765.0,Replaced burnt fuse block. Test run completed successfully.,completed
DISP-14677,EQ-5096,C-1057,2024/07/18,Jennifer Chen,Warranty Replacement,3.4,408.0,Replaced burnt fuse block. Test run completed successfully.,COMPLETED
DISP-14678,EQ-7097,C-1114,10/23/2021,Sarah Williams,Emergency Repair,10.0,1500.0,Emergency dispatch for over-temperature alarm. Cleaned heat exchanger.,In Progress
DISP-14679,EQ-7432,C-1452,2023/02/19,Jennifer Chen,Corrective Maintenance,2.0,150.0,Performed standard preventive check. Updated firmware to v4.2.1.,COMPLETED
DISP-14680,EQ-99124,C-99024,2021-08-16,James Wilson,Preventive Maintenance,5.0,475.0,Replaced burnt fuse block. Test run completed successfully.,Completed
DISP-14681,EQ-6424,C-1362,2024-07-14T00:00:00Z,Jennifer Chen,Diagnostic,7.6,722.0,Replaced faulty thermal sensor and verified system bus voltage.,completed
DISP-14682,EQ-7309,C-1507,2022/09/14,Robert Martinez,Preventive Maintenance,8.3,996.0,Performed standard preventive check. Updated firmware to v4.2.1.,COMPLETED
DISP-14683,EQ-7402,C-1225,2021-12-13,David Lee,Installation,7.8,741.0,<p>Performed standard preventive check. Updated firmware to v4.2.1.</p>,Pending
DISP-14684,EQ-7171,C-1357,06-05-2021,Michael Brown,Software Update,1.7,127.5,Calibrated inverter output. System operating within normal parameters.,In Progress
DISP-14685,EQ-7345,C-1431,2024-01-24T00:00:00Z,Mike Johnson,Emergency Repair,5.9,442.5,Calibrated inverter output. System operating within normal parameters.,Completed
DISP-14686,EQ-7176,C-1346,2023/10/10,Mike Johnson,Software Update,3.7,277.5,<p>Performed standard preventive check. Updated firmware to v4.2.1.</p>,COMPLETED
DISP-14687,EQ-5117,C-1101,11-19-2023,  Amanda Thompson  ,Preventive Maintenance,11.1,1665.0,Calibrated inverter output. System operating within normal parameters.,In Progress
DISP-14688,EQ-7481,C-1150,09/06/2023,James Wilson,Warranty Replacement,11.8,1121.0,Replaced burnt fuse block. Test run completed successfully.,Cancelled
DISP-14689,EQ-5444,C-1275,06/30/2023,Lisa Rodriguez,Emergency Repair,6.2,465.0,<p>Replaced burnt fuse block. Test run completed successfully.</p>,Completed
DISP-14690,EQ-5974,C-1100,12-24-2023,   Carlos Sanchez,Preventive Maintenance,3.7,444.0,Performed standard preventive check. Updated firmware to v4.2.1.,Pending
DISP-14691,EQ-6631,C-1309,06-26-2022,Carlos Sanchez  ,Installation,2.7,202.5,<html><body>Replaced burnt fuse block. Test run completed successfully.</body></html>,Pending
DISP-14692,EQ-6300,C-1115,2022-04-26,Sarah Williams,Corrective Maintenance,10.3,1545.0,Performed standard preventive check. Updated firmware to v4.2.1.,completed
DISP-14693,EQ-5998,C-1387,2022/11/01,Sarah Williams,Corrective Maintenance,1.9,180.5,Replaced burnt fuse block. Test run completed successfully.,Completed
DISP-14694,EQ-6418,C-1182,2024-01-31,Sarah Williams,Installation,0.7,84.0,Replaced burnt fuse block. Test run completed successfully.,Pending
DISP-14695,EQ-5389,C-1421,04/23/2023,Patricia Davis,Installation,10.8,810.0,Performed standard preventive check. Updated firmware to v4.2.1.,In Progress
DISP-14696,EQ-6160,C-1178,11/11/2021,Maria Garcia,Installation,4.5,675.0,<div>Replaced faulty thermal sensor and verified system bus voltage.</div>,Completed
DISP-14697,EQ-7093,C-1058,12-17-2022,Michael Brown,Emergency Repair,2.6,312.0,Performed standard preventive check. Updated firmware to v4.2.1.,Cancelled
DISP-14698,EQ-6914,C-1289,2022/02/18,Amanda Thompson,Warranty Replacement,3.0,450,Calibrated inverter output. System operating within normal parameters.,COMPLETED
DISP-14699,EQ-5817,C-1025,2023-08-02,Patricia Davis,Preventive Maintenance,0.8,60.0,Replaced faulty thermal sensor and verified system bus voltage.,Completed
DISP-14700,EQ-7307,C-1215,02/27/2023,Sarah Williams,Emergency Repair,4.3,408.5,Calibrated inverter output. System operating within normal parameters.,COMPLETED
DISP-14701,EQ-7171,C-1357,05-10-2022,NULL,Software Update,10.3,USD 1545.00,Replaced faulty thermal sensor and verified system bus voltage.,Pending
DISP-14702,EQ-5920,C-1128,2023-04-24,David Lee,Corrective Maintenance,4.3,408.5,Performed standard preventive check. Updated firmware to v4.2.1.,Cancelled
DISP-14703,EQ-5828,C-1444,08-07-2021,Amanda Thompson,Emergency Repair,3.3,396.0,Replaced faulty thermal sensor and verified system bus voltage.,Pending
DISP-14704,EQ-6989,C-1442,2023-04-05,Maria Garcia,Software Update,7.8,936.0,Replaced burnt fuse block. Test run completed successfully.,Cancelled
DISP-14705,EQ-7386,C-1454,2022/10/13,Patricia Davis,Diagnostic,5.8,USD 435.00,Replaced burnt fuse block. Test run completed successfully.,Completed
DISP-14706,EQ-5232,C-1244,08/22/2022,Robert Martinez,Emergency Repair,7.4,703.0,Emergency dispatch for over-temperature alarm. Cleaned heat exchanger.,Cancelled
DISP-14707,EQ-6709,C-1263,2021/06/21,Mike Johnson,Diagnostic,5.2,USD 780.00,Calibrated inverter output. System operating within normal parameters.,Cancelled
DISP-14708,EQ-6217,C-1451,2023-12-24T00:00:00Z,Amanda Thompson  ,Preventive Maintenance,3.6,270.0,Performed standard preventive check. Updated firmware to v4.2.1.,Pending
DISP-14709,EQ-6046,C-1434,2024/04/20,Jennifer Chen,Installation,9.7,727.5,Replaced burnt fuse block. Test run completed successfully.,Cancelled
DISP-14710,EQ-7273,C-1294,2021/07/24,David Lee,Corrective Maintenance,10.2,1224.0,Replaced burnt fuse block. Test run completed successfully.,COMPLETED
DISP-14711,EQ-5243,C-1373,09/04/2023,Robert Martinez,Diagnostic,2.6,195.0,Replaced faulty thermal sensor and verified system bus voltage.,completed
DISP-14712,EQ-6455,C-1475,2022-03-31,Amanda Thompson,Installation,4.8,456.0,Replaced faulty thermal sensor and verified system bus voltage.,In Progress
DISP-14713,EQ-6306,C-1516,09/16/2021,  Robert Martinez  ,Emergency Repair,8.7,1305.0,Replaced faulty thermal sensor and verified system bus voltage.,COMPLETED
DISP-14714,EQ-6048,C-1335,07/06/2023,Amanda Thompson,Emergency Repair,1.9,142.5,Emergency dispatch for over-temperature alarm. Cleaned heat exchanger.,COMPLETED
DISP-14715,EQ-6378,C-1495,10/16/2022,Lisa   Rodriguez,Installation,10.8,1026.0,Replaced faulty thermal sensor and verified system bus voltage.,In Progress
DISP-14716,EQ-5512,C-1227,2024-07-01T00:00:00Z,Mike Johnson,Warranty Replacement,8.4,1260.0,Performed standard preventive check. Updated firmware to v4.2.1.,completed
DISP-14717,EQ-6085,C-1354,2022-01-08,Carlos Sanchez,Software Update,7.3,547.5,Emergency dispatch for over-temperature alarm. Cleaned heat exchanger.,completed
DISP-14718,EQ-5593,C-1003,2023-03-24,Amanda Thompson,Installation,2.2,330.0,<html><body>Emergency dispatch for over-temperature alarm. Cleaned heat exchanger.</body></html>,Cancelled
DISP-14719,EQ-5138,C-1454,2021-12-14,Maria Garcia,Installation,7.2,1080.0,<html>Replaced burnt fuse block. Test run completed successfully.</html>,Pending
DISP-14720,EQ-5823,C-1292,10/19/2021,Maria   Garcia,Emergency Repair,4.9,588.0,Replaced faulty thermal sensor and verified system bus voltage.,COMPLETED
DISP-14721,EQ-5607,C-1511,2021/07/18,Maria Garcia,Preventive Maintenance,4.8,576.0,Calibrated inverter output. System operating within normal parameters.,In Progress
DISP-14722,EQ-5289,C-1034,02/23/2023,Sarah Williams,Emergency Repair,11.1,832.5,Emergency dispatch for over-temperature alarm. Cleaned heat exchanger.,Completed
DISP-14723,EQ-6852,C-1133,2022/10/31,Maria Garcia,Preventive Maintenance,9.6,720.0,Calibrated inverter output. System operating within normal parameters.,completed
DISP-14724,EQ-5125,C-1449,2023-02-14T00:00:00Z,Amanda Thompson,Emergency Repair,10.5,787.5,Replaced burnt fuse block. Test run completed successfully.,Cancelled
DISP-14725,EQ-7207,C-1076,2022-05-09,Sarah Williams,Software Update,11.3,1073.5,Performed standard preventive check. Updated firmware to v4.2.1.,COMPLETED
DISP-14726,EQ-5108,C-1157,2022-02-15T00:00:00Z,   Sarah Williams,Emergency Repair,6.2,465.0,Replaced burnt fuse block. Test run completed successfully.,completed
DISP-14727,EQ-6729,C-1419,11-20-2023,James Wilson,Diagnostic,7.4,555.0,Emergency dispatch for over-temperature alarm. Cleaned heat exchanger.,COMPLETED
DISP-14728,EQ-5938,C-1034,03/27/2022,Jennifer Chen,Warranty Replacement,9.9,940.5,Calibrated inverter output. System operating within normal parameters.,Pending
DISP-14729,EQ-6318,C-1511,02/20/2024,Maria Garcia,Preventive Maintenance,2.9,217.5,<html>Replaced faulty thermal sensor and verified system bus voltage.</html>,Pending
DISP-14730,EQ-5342,C-1358,09/04/2022,Robert Martinez  ,Diagnostic,10.5,997.5,Emergency dispatch for over-temperature alarm. Cleaned heat exchanger.,In Progress
DISP-14731,EQ-6097,C-1418,10-15-2022,Michael Brown,Corrective Maintenance,3.5,262.5,Performed standard preventive check. Updated firmware to v4.2.1.,completed
DISP-14732,EQ-6975,C-1009,07/08/2024,Jennifer Chen,Installation,11.1,1054.5,Performed standard preventive check. Updated firmware to v4.2.1.,Pending
DISP-14733,EQ-6154,C-1034,04/02/2024,James Wilson,Preventive Maintenance,4.1,492.0,Performed standard preventive check. Updated firmware to v4.2.1.,completed
DISP-14734,EQ-5083,C-1245,07/19/2022,Carlos Sanchez,Installation,9.8,931.0,<div>Replaced faulty thermal sensor and verified system bus voltage.</div>,completed
DISP-14735,EQ-5532,C-1440,09/14/2023,James Wilson,Diagnostic,5.7,USD 541.50,Replaced burnt fuse block. Test run completed successfully.,In Progress
DISP-14736,EQ-6363,C-1481,2022-10-12T00:00:00Z,Robert Martinez,Preventive Maintenance,5.7,684.0,Replaced faulty thermal sensor and verified system bus voltage.,Cancelled
DISP-14737,EQ-5670,C-1385,2024-07-12,Sarah Williams,Diagnostic,7.8,741.0,Performed standard preventive check. Updated firmware to v4.2.1.,Cancelled
DISP-14738,EQ-5125,C-1449,11/18/2023,Robert Martinez,Diagnostic,2.1,199.5,<div>Performed standard preventive check. Updated firmware to v4.2.1.</div>,completed
DISP-14739,EQ-5220,C-1309,08/10/2022,Jennifer Chen,Preventive Maintenance,4.7,705.0,Replaced faulty thermal sensor and verified system bus voltage.,COMPLETED
DISP-14740,EQ-7139,C-1339,03/02/2022,Maria Garcia,Installation,150.3,18036.0,Replaced burnt fuse block. Test run completed successfully.,Cancelled
DISP-14741,EQ-6943,C-1266,11/05/2023,Robert Martinez,Diagnostic,7.0,1050.0,Performed standard preventive check. Updated firmware to v4.2.1.,completed
DISP-14742,EQ-5387,C-1344,10/23/2022,Robert Martinez,Warranty Replacement,6.0,450.0,Replaced burnt fuse block. Test run completed successfully.,Pending
DISP-14743,EQ-6422,C-1503,05/13/2024,Michael Brown,Corrective Maintenance,1.6,240.0,Performed standard preventive check. Updated firmware to v4.2.1.,Pending
DISP-14744,EQ-5072,C-1041,2022-04-03,Carlos Sanchez,Emergency Repair,1.0,95.0,Performed standard preventive check. Updated firmware to v4.2.1.,Completed
DISP-14745,EQ-6823,C-1470,10/26/2022,Michael Brown,Diagnostic,3.7,444.0,Performed standard preventive check. Updated firmware to v4.2.1.,Cancelled
DISP-14746,EQ-6586,C-1047,2023/10/28,David Lee,Software Update,1.7,255.0,Calibrated inverter output. System operating within normal parameters.,Completed
DISP-14747,EQ-5300,C-1369,02/10/2023,Patricia Davis,Diagnostic,1.0,95.0,Replaced faulty thermal sensor and verified system bus voltage.,Completed
DISP-14748,EQ-5386,C-1049,08-16-2022,Mike Johnson,Installation,10.3,772.5,Calibrated inverter output. System operating within normal parameters.,COMPLETED
DISP-14749,EQ-5527,C-1362,01/10/2024,Mike Johnson,Emergency Repair,6.6,990.0,Performed standard preventive check. Updated firmware to v4.2.1.,completed
DISP-14750,EQ-5760,C-1028,2021-06-16T00:00:00Z,David Lee,Warranty Replacement,1.5,142.5,Replaced burnt fuse block. Test run completed successfully.,Completed
DISP-14751,EQ-5993,C-1077,2024-08-07T00:00:00Z,Sarah Williams,Warranty Replacement,3.4,510.0,<strong>Replaced burnt fuse block. Test run completed successfully.</strong>,completed
DISP-14752,EQ-7029,C-1389,2024-05-12,Maria Garcia,Installation,8.9,667.5,Calibrated inverter output. System operating within normal parameters.,Pending
DISP-14753,EQ-7005,C-1126,10/19/2021,,Installation,6.8,646.0,Emergency dispatch for over-temperature alarm. Cleaned heat exchanger.,Pending
DISP-14754,EQ-6201,C-1092,2023-09-13,Amanda Thompson,Installation,11.4,855.0,Emergency dispatch for over-temperature alarm. Cleaned heat exchanger.,Completed
DISP-14755,EQ-5162,C-1116,08-07-2022,David Lee,Diagnostic,11.0,1045.0,Calibrated inverter output. System operating within normal parameters.,Completed
DISP-14756,EQ-5978,C-1104,2022-12-30,Robert   Martinez,Diagnostic,0.7,52.5,Calibrated inverter output. System operating within normal parameters.,Cancelled
DISP-14757,EQ-6533,C-1412,04/27/2022,James Wilson,Preventive Maintenance,1.1,165.0,Replaced faulty thermal sensor and verified system bus voltage.,COMPLETED
DISP-14758,EQ-6683,C-1514,2022-10-13,   Carlos Sanchez,Installation,7.2,684.0,Calibrated inverter output. System operating within normal parameters.,In Progress
DISP-14759,EQ-7234,C-1033,06/16/2021,Amanda Thompson,Corrective Maintenance,8.0,600.0,Emergency dispatch for over-temperature alarm. Cleaned heat exchanger.,completed
DISP-14760,EQ-5078,C-1451,2024-08-05,David Lee  ,Diagnostic,6.8,510.0,Replaced faulty thermal sensor and verified system bus voltage.,Completed
DISP-14761,EQ-7444,C-1266,2024/07/31,Mike Johnson,Corrective Maintenance,7.8,"$1,170.00",Replaced burnt fuse block. Test run completed successfully.,Completed
DISP-14762,EQ-6641,C-1154,2022-04-16T00:00:00Z,   Maria Garcia,Corrective Maintenance,7.5,1125.0,Replaced faulty thermal sensor and verified system bus voltage.,Cancelled
DISP-14763,EQ-7061,C-1286,01/27/2023,Lisa Rodriguez,Installation,6.6,990.0,Emergency dispatch for over-temperature alarm. Cleaned heat exchanger.,Completed
DISP-14764,EQ-6310,C-1457,12-18-2023,Robert Martinez,Diagnostic,7.2,1080.0,Performed standard preventive check. Updated firmware to v4.2.1.,COMPLETED
DISP-14765,EQ-5673,C-1436,2023-07-30,Amanda Thompson,Software Update,6.5,975.0,<html>Replaced faulty thermal sensor and verified system bus voltage.</html>,Cancelled
DISP-14766,EQ-6290,C-1291,2024-06-27T00:00:00Z,Robert Martinez,Diagnostic,1.0,120.0,Emergency dispatch for over-temperature alarm. Cleaned heat exchanger.,Completed
DISP-14767,EQ-7166,C-1003,08/10/2024,Amanda Thompson,Diagnostic,6.0,900.0,Emergency dispatch for over-temperature alarm. Cleaned heat exchanger.,COMPLETED
DISP-14768,EQ-7036,C-1300,05/27/2022,Michael Brown,Preventive Maintenance,1.1,165.0,Replaced burnt fuse block. Test run completed successfully.,In Progress
DISP-14769,EQ-6081,C-1237,2023/04/02,Jennifer Chen,Diagnostic,3.0,285.0,Replaced faulty thermal sensor and verified system bus voltage.,completed
DISP-14770,EQ-5304,C-1475,2024-07-19T00:00:00Z,Robert Martinez,Software Update,11.7,1755.0,Replaced burnt fuse block. Test run completed successfully.,Pending
DISP-14771,EQ-5448,C-1356,2024-07-04,Carlos Sanchez,Preventive Maintenance,6.0,720.0,Performed standard preventive check. Updated firmware to v4.2.1.,Cancelled
DISP-14772,EQ-7380,C-1237,06-10-2024,James Wilson,Preventive Maintenance,4.4,418.0,Emergency dispatch for over-temperature alarm. Cleaned heat exchanger.,Completed
DISP-14773,EQ-5080,C-1453,2024-02-07T00:00:00Z,,Diagnostic,6.5,487.5,Performed standard preventive check. Updated firmware to v4.2.1.,Pending
DISP-14774,EQ-5326,C-1263,11-08-2023,Sarah Williams,Installation,10.4,988.0,Replaced burnt fuse block. Test run completed successfully.,Completed
DISP-14775,EQ-6370,C-1353,2024/01/02,Jennifer Chen,Corrective Maintenance,1.3,156.0,Replaced burnt fuse block. Test run completed successfully.,Completed
DISP-14776,EQ-6047,C-1156,2021-07-21T00:00:00Z,NULL,Emergency Repair,7.0,525.0,Calibrated inverter output. System operating within normal parameters.,completed
DISP-14777,EQ-6260,C-1121,07/19/2024,Robert Martinez,Preventive Maintenance,11.2,1344.0,Emergency dispatch for over-temperature alarm. Cleaned heat exchanger.,Pending
DISP-14778,EQ-5561,C-1141,03-21-2024,David Lee,Warranty Replacement,9.2,874.0,Calibrated inverter output. System operating within normal parameters.,completed
DISP-14779,EQ-7246,C-1112,2022/07/12,Michael Brown  ,Installation,9.9,1485.0,Replaced faulty thermal sensor and verified system bus voltage.,Completed
DISP-14780,EQ-6531,C-1236,09-26-2021,James Wilson,Installation,2.3,218.5,Performed standard preventive check. Updated firmware to v4.2.1.,Cancelled
DISP-14781,EQ-5468,C-1007,2021-09-21,Amanda Thompson,Diagnostic,9.2,874.0,Emergency dispatch for over-temperature alarm. Cleaned heat exchanger.,COMPLETED
DISP-14782,EQ-5232,C-1244,07-03-2024,Carlos Sanchez,Diagnostic,2.6,312.0,Replaced burnt fuse block. Test run completed successfully.,Pending
DISP-14783,EQ-6310,C-1457,2023-07-06T00:00:00Z,Lisa Rodriguez,Emergency Repair,6.7,636.5,Calibrated inverter output. System operating within normal parameters.,completed
DISP-14784,EQ-5189,C-1456,03/29/2023,Carlos Sanchez,Software Update,8.7,1305.0,<html>Emergency dispatch for over-temperature alarm. Cleaned heat exchanger.</html>,Completed
DISP-14785,EQ-6683,C-1514,11/09/2023,Mike Johnson,Warranty Replacement,9.4,1410.0,Emergency dispatch for over-temperature alarm. Cleaned heat exchanger.,Completed
DISP-14786,EQ-7436,C-1431,07/19/2022,Jennifer Chen,Warranty Replacement,10.7,802.5,Calibrated inverter output. System operating within normal parameters.,completed
DISP-14787,EQ-7100,C-1058,2022-01-21T00:00:00Z,Mike Johnson,Emergency Repair,3.6,$432.00,Calibrated inverter output. System operating within normal parameters.,In Progress
DISP-14788,EQ-7262,C-1040,08/23/2021,Patricia Davis,Corrective Maintenance,1.6,120.0,Calibrated inverter output. System operating within normal parameters.,Completed
DISP-14789,EQ-6606,C-1391,05/08/2024,Michael Brown,Software Update,11.8,1121.0,Replaced burnt fuse block. Test run completed successfully.,Cancelled
DISP-14790,EQ-7329,C-1494,2023-05-29T00:00:00Z,Carlos Sanchez,Installation,11.4,855.0,Performed standard preventive check. Updated firmware to v4.2.1.,Cancelled
DISP-14791,EQ-6903,C-1016,2024/04/02,Amanda Thompson,Warranty Replacement,2.5,375.0,<strong>Replaced burnt fuse block. Test run completed successfully.</strong>,COMPLETED
DISP-14792,EQ-6860,C-1044,2024/02/15,Maria Garcia,Corrective Maintenance,0.6,72.0,Performed standard preventive check. Updated firmware to v4.2.1.,COMPLETED
DISP-14793,EQ-6632,C-1004,2021-06-22,Maria Garcia,Diagnostic,11.0,1320.0,Emergency dispatch for over-temperature alarm. Cleaned heat exchanger.,Cancelled
DISP-14794,EQ-6358,C-1444,10/20/2021,Maria Garcia,Installation,7.7,731.5,Calibrated inverter output. System operating within normal parameters.,completed
DISP-14795,EQ-6328,C-1284,04/03/2022,NULL,Preventive Maintenance,9.6,720.0,Calibrated inverter output. System operating within normal parameters.,COMPLETED
DISP-14796,EQ-7146,C-1208,02/13/2024,Sarah Williams,Installation,9.4,705.0,Emergency dispatch for over-temperature alarm. Cleaned heat exchanger.,Completed
DISP-14797,EQ-6211,C-1188,2023-03-27T00:00:00Z,Jennifer Chen,Corrective Maintenance,11.2,1680.0,Replaced burnt fuse block. Test run completed successfully.,completed
DISP-14798,EQ-6982,C-1001,2024-02-12T00:00:00Z,Carlos Sanchez,Installation,11.0,1320.0,Replaced faulty thermal sensor and verified system bus voltage.,In Progress
DISP-14799,EQ-5045,C-1085,01-28-2022,Michael Brown,Installation,10.6,1590.0,Replaced faulty thermal sensor and verified system bus voltage.,Cancelled
DISP-14800,EQ-6150,C-1418,2023-12-21T00:00:00Z,Lisa   Rodriguez,Installation,0.7,52.5,Emergency dispatch for over-temperature alarm. Cleaned heat exchanger.,COMPLETED
DISP-14801,EQ-5624,C-1042,10/26/2022,Carlos Sanchez,Diagnostic,10.7,1605.0,Performed standard preventive check. Updated firmware to v4.2.1.,Completed
DISP-14802,EQ-6343,C-1241,2024-01-22T00:00:00Z,Patricia Davis,Corrective Maintenance,9.3,697.5,Calibrated inverter output. System operating within normal parameters.,Pending
DISP-14803,EQ-6686,C-1298,2022-06-02,Carlos Sanchez,Diagnostic,3.3,495.0,Emergency dispatch for over-temperature alarm. Cleaned heat exchanger.,In Progress
DISP-14804,EQ-6645,C-1361,2023-12-30,  Maria Garcia  ,Preventive Maintenance,5.6,672.0,Replaced faulty thermal sensor and verified system bus voltage.,Cancelled
DISP-14805,EQ-6303,C-1159,2022-10-20,  David Lee  ,Installation,11.3,847.5,<strong>Emergency dispatch for over-temperature alarm. Cleaned heat exchanger.</strong>,Completed
DISP-14806,EQ-99523,C-99231,2024-03-29,Robert Martinez,Warranty Replacement,5.2,780.0,Replaced burnt fuse block. Test run completed successfully.,COMPLETED
DISP-14807,EQ-7031,C-1094,2024-04-20T00:00:00Z,James Wilson  ,Emergency Repair,3.8,$570.00,Calibrated inverter output. System operating within normal parameters.,In Progress
DISP-14808,EQ-6033,C-1184,08-06-2021,Lisa Rodriguez,Software Update,8.9,1068.0,Performed standard preventive check. Updated firmware to v4.2.1.,Completed
DISP-14809,EQ-5012,C-1126,2023-08-29,   ,Emergency Repair,5.4,648.0,Replaced burnt fuse block. Test run completed successfully.,completed
DISP-14810,EQ-6633,C-1475,10/24/2022,Jennifer Chen,Emergency Repair,7.2,$684.00,Replaced burnt fuse block. Test run completed successfully.,Completed
DISP-14811,EQ-6432,C-1169,2021-06-23T00:00:00Z,Jennifer Chen,Diagnostic,7.9,750.5,Emergency dispatch for over-temperature alarm. Cleaned heat exchanger.,Cancelled
DISP-14812,EQ-5991,C-1268,08-06-2021,David Lee,Warranty Replacement,5.9,560.5,Emergency dispatch for over-temperature alarm. Cleaned heat exchanger.,completed
DISP-14813,EQ-5197,C-1211,2023-12-28,Mike Johnson,Warranty Replacement,6.0,450.0,Performed standard preventive check. Updated firmware to v4.2.1.,In Progress
DISP-14814,EQ-5175,C-1054,2024-06-16T00:00:00Z,Michael Brown,Installation,8.4,798.0,Replaced faulty thermal sensor and verified system bus voltage.,In Progress
DISP-14815,EQ-7321,C-1319,2022/05/05,James Wilson,Software Update,3.9,468.0,Emergency dispatch for over-temperature alarm. Cleaned heat exchanger.,completed
DISP-14816,EQ-6108,C-1175,2023/01/29,Robert Martinez,Diagnostic,6.1,579.5,Replaced faulty thermal sensor and verified system bus voltage.,In Progress
DISP-14817,EQ-7350,C-1474,02-23-2023,Robert Martinez,Installation,1.0,$95.00,Replaced faulty thermal sensor and verified system bus voltage.,In Progress
DISP-14818,EQ-5682,C-1090,2022-03-28T00:00:00Z,   ,Software Update,2.4,360.0,Replaced burnt fuse block. Test run completed successfully.,Pending
DISP-14819,EQ-7212,C-1035,2024/06/11,Jennifer Chen,Installation,11.4,1710.0,Replaced faulty thermal sensor and verified system bus voltage.,Pending
DISP-14820,EQ-6957,C-1019,2024-06-15T00:00:00Z,Maria Garcia,Corrective Maintenance,6.6,990.0,Performed standard preventive check. Updated firmware to v4.2.1.,Pending
DISP-14821,EQ-5764,C-1165,05-09-2024,Sarah Williams,Corrective Maintenance,2.5,300.0,Replaced burnt fuse block. Test run completed successfully.,Pending
DISP-14822,EQ-5619,C-1186,09-25-2021,Maria Garcia,Diagnostic,8.6,1032.0,<strong>Replaced burnt fuse block. Test run completed successfully.</strong>,Completed
DISP-14823,EQ-6502,C-1267,2023-04-16T00:00:00Z,Robert Martinez,Emergency Repair,9.6,720.0,Calibrated inverter output. System operating within normal parameters.,completed
DISP-14824,EQ-5479,C-1420,2021/08/06,Carlos Sanchez,Installation,0.9,135.0,Performed standard preventive check. Updated firmware to v4.2.1.,Pending
DISP-14825,EQ-7131,C-1222,2021/08/22,Amanda Thompson,Preventive Maintenance,7.3,693,Replaced faulty thermal sensor and verified system bus voltage.,completed
DISP-14826,EQ-5960,C-1080,10-06-2021,  Maria Garcia  ,Installation,4.0,600.0,Calibrated inverter output. System operating within normal parameters.,In Progress
DISP-14827,EQ-5773,C-1295,2022-10-01T00:00:00Z,James Wilson,Software Update,9.9,940.5,<b>Replaced burnt fuse block. Test run completed successfully.</b>,In Progress
DISP-14828,EQ-5100,C-1457,09/17/2023,David   Lee,Diagnostic,2.6,247.0,Replaced faulty thermal sensor and verified system bus voltage.,COMPLETED
DISP-14829,EQ-6269,C-1481,03/14/2022,Amanda Thompson,Preventive Maintenance,3.6,540.0,Performed standard preventive check. Updated firmware to v4.2.1.,Pending
DISP-14830,EQ-5167,C-1307,05/30/2023,Patricia Davis,Warranty Replacement,2.6,390.0,Replaced faulty thermal sensor and verified system bus voltage.,Pending
DISP-14831,EQ-5250,C-1128,06/27/2024,  Jennifer Chen  ,Warranty Replacement,2.3,276.0,Performed standard preventive check. Updated firmware to v4.2.1.,Completed
DISP-14832,EQ-5478,C-1149,02/21/2022,Carlos Sanchez,Software Update,9.6,720.0,Replaced faulty thermal sensor and verified system bus voltage.,Pending
DISP-14833,EQ-5335,C-1250,2021/12/11,Sarah Williams,Corrective Maintenance,9.7,921.5,Replaced burnt fuse block. Test run completed successfully.,COMPLETED
DISP-14834,EQ-5410,C-1450,08-28-2022,Maria Garcia,Emergency Repair,2.2,209.0,<b>Performed standard preventive check. Updated firmware to v4.2.1.</b>,Cancelled
DISP-14835,EQ-5062,C-1148,2023/09/30,James Wilson,Preventive Maintenance,3.1,294.5,Calibrated inverter output. System operating within normal parameters.,Pending
DISP-14836,EQ-5493,C-1188,05/20/2022,Mike Johnson,Installation,5.6,532.0,Calibrated inverter output. System operating within normal parameters.,Pending
DISP-14837,EQ-6594,C-1164,2024/07/27,James   Wilson,Emergency Repair,5.4,648.0,Replaced faulty thermal sensor and verified system bus voltage.,Completed
DISP-14838,EQ-5239,C-1265,02/22/2023,Sarah   Williams,Corrective Maintenance,10.3,1236.0,Performed standard preventive check. Updated firmware to v4.2.1.,Pending
DISP-14839,EQ-5049,C-1124,03/13/2022,  Robert Martinez  ,Software Update,2.9,435.0,<html><body>Replaced burnt fuse block. Test run completed successfully.</body></html>,Completed
DISP-14840,EQ-5021,C-1430,01-06-2024,Carlos Sanchez,Emergency Repair,2.0,190.0,Calibrated inverter output. System operating within normal parameters.,In Progress
DISP-14841,EQ-7048,C-1242,12/04/2021,Jennifer Chen,Corrective Maintenance,2.2,209.0,Calibrated inverter output. System operating within normal parameters.,Cancelled
DISP-14842,EQ-5558,C-1304,06/02/2021,Jennifer Chen,Corrective Maintenance,3.4,323.0,Performed standard preventive check. Updated firmware to v4.2.1.,completed
DISP-14843,EQ-5939,C-1307,10-20-2022,Amanda Thompson,Preventive Maintenance,2.8,266.0,Emergency dispatch for over-temperature alarm. Cleaned heat exchanger.,In Progress
DISP-14844,EQ-7290,C-1354,12/17/2023,Patricia Davis,Corrective Maintenance,1.6,$152.00,<b>Calibrated inverter output. System operating within normal parameters.</b>,completed
DISP-14845,EQ-5585,C-1265,2024-04-18,David Lee,Installation,11.4,1083.0,Calibrated inverter output. System operating within normal parameters.,Pending
DISP-14846,EQ-5880,C-1240,01-08-2024,Michael Brown,Diagnostic,5.8,435.0,Calibrated inverter output. System operating within normal parameters.,Completed
DISP-14847,EQ-5810,C-1482,2022-09-21,Lisa Rodriguez,Installation,10.6,1007.0,Replaced burnt fuse block. Test run completed successfully.,In Progress
DISP-14848,EQ-5163,C-1207,02-02-2024,Carlos Sanchez,Corrective Maintenance,8.5,807.5,Emergency dispatch for over-temperature alarm. Cleaned heat exchanger.,Cancelled
DISP-14849,EQ-5676,C-1302,2023/11/24,Michael Brown,Preventive Maintenance,5.2,624.0,Performed standard preventive check. Updated firmware to v4.2.1.,In Progress
DISP-14850,EQ-5207,C-1133,2024-03-20,Jennifer Chen,Warranty Replacement,8.8,1056.0,Replaced burnt fuse block. Test run completed successfully.,COMPLETED
DISP-14851,EQ-5437,C-1344,07/25/2021,David Lee,Preventive Maintenance,4.9,367.5,Replaced burnt fuse block. Test run completed successfully.,Pending
DISP-14852,EQ-7428,C-1317,2024-07-12,Jennifer Chen,Software Update,8.3,622.5,Replaced burnt fuse block. Test run completed successfully.,COMPLETED
DISP-14853,EQ-6668,C-1328,11/19/2022,Robert Martinez,Diagnostic,6.1,732.0,Performed standard preventive check. Updated firmware to v4.2.1.,In Progress
DISP-14854,EQ-5070,C-1384,04/27/2022,Maria Garcia,Corrective Maintenance,9.9,1188.0,Performed standard preventive check. Updated firmware to v4.2.1.,Pending
DISP-14855,EQ-6171,C-1263,03/11/2023,   David Lee,Preventive Maintenance,10.7,802.5,Calibrated inverter output. System operating within normal parameters.,Completed
DISP-14856,EQ-6727,C-1253,2022-01-12,David Lee,Preventive Maintenance,5.9,708.0,<b>Performed standard preventive check. Updated firmware to v4.2.1.</b>,COMPLETED
DISP-14857,EQ-5660,C-1276,04/02/2023,Robert Martinez,Installation,1.2,114.0,Replaced faulty thermal sensor and verified system bus voltage.,completed
DISP-14858,EQ-5844,C-1242,2023-12-15T00:00:00Z,  Sarah Williams  ,Software Update,7.8,741.0,Performed standard preventive check. Updated firmware to v4.2.1.,In Progress
DISP-14859,EQ-6925,C-1199,2021-12-17,Maria Garcia,Installation,0.7,66.5,Emergency dispatch for over-temperature alarm. Cleaned heat exchanger.,completed
DISP-14860,EQ-7204,C-1273,2021-11-18,Patricia Davis,Emergency Repair,7.9,750.5,Replaced faulty thermal sensor and verified system bus voltage.,Pending
DISP-14861,EQ-5570,C-1476,2023-10-21,James Wilson,Warranty Replacement,1.9,142.5,Performed standard preventive check. Updated firmware to v4.2.1.,Pending
DISP-14862,EQ-6013,C-1344,03-04-2023,Sarah Williams,Software Update,2.9,217,Emergency dispatch for over-temperature alarm. Cleaned heat exchanger.,Pending
DISP-14863,EQ-5014,C-1378,08-22-2022,James Wilson,Diagnostic,3.0,360.0,<html>Emergency dispatch for over-temperature alarm. Cleaned heat exchanger.</html>,Pending
DISP-14864,EQ-7257,C-1025,2021-09-07T00:00:00Z,Amanda Thompson  ,Preventive Maintenance,11.1,1054,Replaced faulty thermal sensor and verified system bus voltage.,completed
DISP-14865,EQ-5240,C-1353,11-21-2022,Robert Martinez,Emergency Repair,1.3,97.5,Replaced burnt fuse block. Test run completed successfully.,In Progress
DISP-14866,EQ-7084,C-1064,2023-02-18T00:00:00Z,Mike Johnson,Software Update,4.0,300.0,<div>Emergency dispatch for over-temperature alarm. Cleaned heat exchanger.</div>,In Progress
DISP-14867,EQ-7310,C-1462,2022/07/21,James Wilson,Diagnostic,9.2,874.0,Replaced faulty thermal sensor and verified system bus voltage.,Completed
DISP-14868,EQ-5655,C-1496,10/14/2022,Patricia   Davis,Installation,11.0,1650.0,Calibrated inverter output. System operating within normal parameters.,Pending
DISP-14869,EQ-5871,C-1276,11/02/2022,Amanda Thompson,Software Update,11.8,1770.0,Replaced burnt fuse block. Test run completed successfully.,Cancelled
DISP-14870,EQ-7439,C-1386,04/27/2022,,Corrective Maintenance,4.3,645.0,Replaced faulty thermal sensor and verified system bus voltage.,In Progress
DISP-14871,EQ-5141,C-1284,2023-06-14,Patricia Davis,Installation,11.2,1064.0,Calibrated inverter output. System operating within normal parameters.,COMPLETED
DISP-14872,EQ-6406,C-1449,2024-03-04,Michael Brown,Software Update,5.2,494.0,<html>Calibrated inverter output. System operating within normal parameters.</html>,Cancelled
DISP-14873,EQ-6821,C-1331,2022-06-07T00:00:00Z,Mike Johnson,Preventive Maintenance,9.9,1485.0,Calibrated inverter output. System operating within normal parameters.,Completed
DISP-14874,EQ-5466,C-1415,05-24-2022,Amanda Thompson,Installation,9.1,682.5,Replaced burnt fuse block. Test run completed successfully.,Completed
DISP-14875,EQ-7052,C-1170,2023-12-27,Maria Garcia,Warranty Replacement,3.8,570.0,Replaced faulty thermal sensor and verified system bus voltage.,COMPLETED
DISP-14876,EQ-6751,C-1012,2021/08/29,Michael Brown,Warranty Replacement,8.3,1245.0,Replaced burnt fuse block. Test run completed successfully.,Cancelled
DISP-14877,EQ-7468,C-1263,2021-11-17,Maria Garcia,Software Update,0.9,67.5,Replaced burnt fuse block. Test run completed successfully.,In Progress
DISP-14878,EQ-5004,C-1055,2022-01-15T00:00:00Z,Lisa Rodriguez,Corrective Maintenance,2.9,275.5,Performed standard preventive check. Updated firmware to v4.2.1.,Pending
DISP-14879,EQ-99071,C-99609,2022-11-18,   Sarah Williams,Software Update,4.5,427.5,Replaced faulty thermal sensor and verified system bus voltage.,In Progress
DISP-14880,EQ-6096,C-1518,07/17/2023,Amanda Thompson,Software Update,2.3,345.0,Replaced faulty thermal sensor and verified system bus voltage.,completed
DISP-14881,EQ-5483,C-1078,04/10/2023,,Diagnostic,3.5,262.5,Calibrated inverter output. System operating within normal parameters.,Completed
DISP-14882,EQ-6025,C-1069,09/04/2022,Lisa Rodriguez,Emergency Repair,10.6,795.0,Replaced faulty thermal sensor and verified system bus voltage.,Completed
DISP-14883,EQ-7399,C-1101,2024-06-26T00:00:00Z,Mike Johnson,Warranty Replacement,7.0,840.0,Emergency dispatch for over-temperature alarm. Cleaned heat exchanger.,Cancelled
DISP-14884,EQ-5637,C-1073,2023-06-04,Lisa Rodriguez,Installation,5.7,541,Replaced burnt fuse block. Test run completed successfully.,Completed
DISP-14885,EQ-5355,C-1208,2022/08/14,Maria Garcia,Preventive Maintenance,10.8,1620.0,<strong>Replaced burnt fuse block. Test run completed successfully.</strong>,completed
DISP-14886,EQ-5251,C-1034,2024-01-07,Carlos Sanchez,Installation,8.6,645.0,Replaced burnt fuse block. Test run completed successfully.,Completed
DISP-14887,EQ-5607,C-1511,12-15-2022,Carlos Sanchez,Diagnostic,3.3,$313.50,Performed standard preventive check. Updated firmware to v4.2.1.,Cancelled
DISP-14888,EQ-7288,C-1239,02/12/2024,Carlos Sanchez  ,Preventive Maintenance,10.4,1248.0,Replaced faulty thermal sensor and verified system bus voltage.,completed
DISP-14889,EQ-5108,C-1157,10-18-2023,James Wilson,Software Update,5.6,532.0,<html><body>Emergency dispatch for over-temperature alarm. Cleaned heat exchanger.</body></html>,Completed
DISP-14890,EQ-5560,C-1125,11/16/2023,Sarah Williams,Emergency Repair,10.3,1236.0,Performed standard preventive check. Updated firmware to v4.2.1.,COMPLETED
DISP-14891,EQ-5182,C-1293,06-12-2021,Carlos Sanchez,Warranty Replacement,4.9,735.0,Calibrated inverter output. System operating within normal parameters.,Completed
DISP-14892,EQ-7359,C-1463,2024-04-27,Maria Garcia,Installation,7.8,936.0,Emergency dispatch for over-temperature alarm. Cleaned heat exchanger.,completed
DISP-14893,EQ-6523,C-1182,08/07/2021,Robert Martinez,Corrective Maintenance,1.7,127.5,Performed standard preventive check. Updated firmware to v4.2.1.,In Progress
DISP-14894,EQ-6975,C-1009,2022-11-14,Jennifer Chen,Emergency Repair,8.2,779.0,Replaced burnt fuse block. Test run completed successfully.,COMPLETED
DISP-14895,EQ-6519,C-1247,10/05/2022,Jennifer Chen,Software Update,10.2,969.0,Performed standard preventive check. Updated firmware to v4.2.1.,COMPLETED
DISP-14896,EQ-5287,C-1387,05/08/2024,   Michael Brown,Warranty Replacement,7.1,674.5,Replaced burnt fuse block. Test run completed successfully.,Completed
DISP-14897,EQ-5854,C-1056,2022/04/07,Patricia Davis,Emergency Repair,9.0,1080.0,Emergency dispatch for over-temperature alarm. Cleaned heat exchanger.,Pending
DISP-14898,EQ-6070,C-1207,2022/07/23,Robert Martinez,Diagnostic,3.1,465.0,Replaced burnt fuse block. Test run completed successfully.,Completed
DISP-14899,EQ-5300,C-1369,2022/10/18,  Sarah Williams  ,Software Update,8.6,645.0,Emergency dispatch for over-temperature alarm. Cleaned heat exchanger.,COMPLETED
DISP-14900,EQ-5152,C-1071,2021/12/13,Jennifer Chen,Preventive Maintenance,10.8,1620.0,Emergency dispatch for over-temperature alarm. Cleaned heat exchanger.,In Progress
DISP-14901,EQ-6511,C-1496,2023-07-26T00:00:00Z,Robert Martinez,Installation,10.4,1248.0,Replaced faulty thermal sensor and verified system bus voltage.,Completed
DISP-14902,EQ-5714,C-1018,2023-09-11T00:00:00Z,David Lee,Diagnostic,7.9,1185.0,Emergency dispatch for over-temperature alarm. Cleaned heat exchanger.,In Progress
DISP-14903,EQ-6159,C-1442,2023/11/27,Maria Garcia,Preventive Maintenance,9.4,1128.0,Calibrated inverter output. System operating within normal parameters.,Pending
DISP-14904,EQ-6997,C-1154,10/31/2022,Amanda   Thompson,Diagnostic,11.7,1404.0,Replaced faulty thermal sensor and verified system bus voltage.,Cancelled
DISP-14905,EQ-6853,C-1479,07/04/2022,Amanda Thompson,Emergency Repair,7.2,864.0,Replaced faulty thermal sensor and verified system bus voltage.,Cancelled
DISP-14906,EQ-6708,C-1199,2022-02-09T00:00:00Z,   Mike Johnson,Software Update,6.2,930.0,Emergency dispatch for over-temperature alarm. Cleaned heat exchanger.,Pending
DISP-14907,EQ-6085,C-1354,2024/06/21,Jennifer Chen,Installation,4.0,300.0,Performed standard preventive check. Updated firmware to v4.2.1.,COMPLETED
DISP-14908,EQ-6881,C-1325,2023/10/26,Amanda Thompson,Corrective Maintenance,3.7,555.0,Performed standard preventive check. Updated firmware to v4.2.1.,In Progress
DISP-14909,EQ-6066,C-1262,03-24-2023,Mike Johnson,Corrective Maintenance,11.5,1380.0,<p>Replaced burnt fuse block. Test run completed successfully.</p>,Pending
DISP-14910,EQ-6926,C-1090,2022/02/04,  Robert Martinez  ,Emergency Repair,1.0,150.0,Calibrated inverter output. System operating within normal parameters.,Pending
DISP-14911,EQ-6945,C-1203,01/15/2023,Carlos Sanchez,Preventive Maintenance,8.7,652.5,Replaced faulty thermal sensor and verified system bus voltage.,COMPLETED
DISP-14912,EQ-5623,C-1371,01-16-2022,David Lee,Corrective Maintenance,4.3,322.5,Calibrated inverter output. System operating within normal parameters.,completed
DISP-14913,EQ-5400,C-1268,05/27/2024,Carlos Sanchez,Diagnostic,7.2,684.0,Emergency dispatch for over-temperature alarm. Cleaned heat exchanger.,In Progress
DISP-14914,EQ-6335,C-1133,08/22/2022,Amanda Thompson,Diagnostic,10.4,1248.0,Replaced burnt fuse block. Test run completed successfully.,completed
DISP-14915,EQ-7461,C-1260,2022/11/15,Mike Johnson,Installation,4.5,540.0,Calibrated inverter output. System operating within normal parameters.,In Progress
DISP-14916,EQ-7472,C-1101,2021/12/10,  Patricia Davis  ,Installation,1.8,216.0,Calibrated inverter output. System operating within normal parameters.,COMPLETED
DISP-14917,EQ-5961,C-1099,2022-12-17,Michael Brown,Preventive Maintenance,2.5,375.0,<strong>Emergency dispatch for over-temperature alarm. Cleaned heat exchanger.</strong>,completed
DISP-14918,EQ-7088,C-1423,2022-03-14T00:00:00Z,Patricia Davis,Warranty Replacement,4.4,$528.00,Replaced burnt fuse block. Test run completed successfully.,Completed
DISP-14919,EQ-5699,C-1515,2022/08/06,Jennifer Chen,Software Update,11.3,1695.0,Emergency dispatch for over-temperature alarm. Cleaned heat exchanger.,Cancelled
DISP-14920,EQ-6116,C-1328,03/29/2024,David Lee,Preventive Maintenance,4.8,576.0,Performed standard preventive check. Updated firmware to v4.2.1.,COMPLETED
DISP-14921,EQ-5862,C-1380,05/26/2024,Carlos Sanchez,Diagnostic,3.1,294.5,Replaced burnt fuse block. Test run completed successfully.,Completed
DISP-14922,EQ-5366,C-1319,11-17-2023,David Lee,Software Update,1.8,216.0,Emergency dispatch for over-temperature alarm. Cleaned heat exchanger.,COMPLETED
DISP-14923,EQ-7356,C-1229,12/03/2021,James Wilson,Software Update,1.8,216.0,Replaced burnt fuse block. Test run completed successfully.,COMPLETED
DISP-14924,EQ-6834,C-1447,2021-06-02T00:00:00Z,Patricia Davis,Installation,1.3,156.0,Replaced burnt fuse block. Test run completed successfully.,Cancelled
DISP-14925,EQ-5377,C-1301,12-26-2021,   Maria Garcia,Installation,11.6,870.0,Replaced faulty thermal sensor and verified system bus voltage.,completed
DISP-14926,EQ-6899,C-1237,04/10/2023,Mike Johnson,Software Update,8.6,645.0,Replaced burnt fuse block. Test run completed successfully.,Completed
DISP-14927,EQ-7300,C-1456,2024-04-18,Robert Martinez,Corrective Maintenance,11.6,1740.0,Calibrated inverter output. System operating within normal parameters.,Cancelled
DISP-14928,EQ-5461,C-1242,2023-06-12,Robert Martinez,Corrective Maintenance,10.5,787.5,Calibrated inverter output. System operating within normal parameters.,Pending
DISP-14929,EQ-6465,C-1154,04/21/2024,Sarah Williams,Emergency Repair,8.3,996.0,<b>Replaced faulty thermal sensor and verified system bus voltage.</b>,Pending
DISP-14930,EQ-6862,C-1370,07-03-2022,Michael Brown,Warranty Replacement,8.0,USD 1200.00,Replaced faulty thermal sensor and verified system bus voltage.,completed
DISP-14931,EQ-5456,C-1457,2022-04-05T00:00:00Z,Sarah Williams,Emergency Repair,6.1,457.5,<p>Calibrated inverter output. System operating within normal parameters.</p>,Pending
DISP-14932,EQ-6000,C-1048,2024-07-25T00:00:00Z,David Lee,Preventive Maintenance,5.3,795.0,Replaced faulty thermal sensor and verified system bus voltage.,Pending
DISP-14933,EQ-6099,C-1433,2024/03/25,Patricia Davis,Emergency Repair,9.8,735.0,<div>Replaced burnt fuse block. Test run completed successfully.</div>,Cancelled
DISP-14934,EQ-5116,C-1371,2022/10/28,Carlos Sanchez,Emergency Repair,5.2,USD 390.00,<div>Emergency dispatch for over-temperature alarm. Cleaned heat exchanger.</div>,COMPLETED
DISP-14935,EQ-5548,C-1001,2024/03/21,Amanda Thompson,Installation,6.6,495.0,Emergency dispatch for over-temperature alarm. Cleaned heat exchanger.,Cancelled
DISP-14936,EQ-7199,C-1318,2023/03/14,David Lee,Corrective Maintenance,11.6,870.0,Performed standard preventive check. Updated firmware to v4.2.1.,In Progress
DISP-14937,EQ-7329,C-1494,2024-06-10,Michael Brown,Installation,1.9,142.5,Performed standard preventive check. Updated firmware to v4.2.1.,In Progress
DISP-14938,EQ-5103,C-1074,12/10/2021,Robert Martinez,Emergency Repair,7.6,912.0,Emergency dispatch for over-temperature alarm. Cleaned heat exchanger.,Cancelled
DISP-14939,EQ-7114,C-1503,03/21/2022,Maria Garcia,Software Update,5.3,397.5,Calibrated inverter output. System operating within normal parameters.,Pending
DISP-14940,EQ-7321,C-1319,2021-11-26T00:00:00Z,Amanda Thompson,Emergency Repair,8.3,996.0,Performed standard preventive check. Updated firmware to v4.2.1.,Cancelled
DISP-14941,EQ-7218,C-1474,05/08/2022,Robert Martinez,Diagnostic,0.6,90.0,Performed standard preventive check. Updated firmware to v4.2.1.,COMPLETED
DISP-14942,EQ-7069,C-1069,2021-12-22T00:00:00Z,Sarah Williams,Software Update,4.3,322.5,Performed standard preventive check. Updated firmware to v4.2.1.,Completed
DISP-14943,EQ-6083,C-1136,10-02-2023,Robert Martinez,Installation,9.9,1485.0,Performed standard preventive check. Updated firmware to v4.2.1.,Cancelled
DISP-14944,EQ-6124,C-1247,2022-07-26,Sarah Williams,Preventive Maintenance,1.1,USD 104.50,Emergency dispatch for over-temperature alarm. Cleaned heat exchanger.,Completed
DISP-14945,EQ-5615,C-1486,10-22-2022,Carlos Sanchez,Preventive Maintenance,7.4,1110.0,Replaced faulty thermal sensor and verified system bus voltage.,In Progress
DISP-14946,EQ-6053,C-1245,2023-04-06,Michael Brown,Warranty Replacement,10.7,802.5,Emergency dispatch for over-temperature alarm. Cleaned heat exchanger.,Cancelled
DISP-14947,EQ-6921,C-1481,2022-07-31,Sarah Williams,Preventive Maintenance,5.5,825.0,Replaced burnt fuse block. Test run completed successfully.,completed
DISP-14948,EQ-6082,C-1186,2023-01-30T00:00:00Z,Mike Johnson,Preventive Maintenance,0.7,84.0,Calibrated inverter output. System operating within normal parameters.,In Progress
DISP-14949,EQ-5219,C-1124,09/06/2022,Sarah Williams,Warranty Replacement,6.4,960.0,Calibrated inverter output. System operating within normal parameters.,COMPLETED
DISP-14950,EQ-6440,C-1047,10/31/2021,Michael Brown,Installation,4.8,720.0,<html><body>Emergency dispatch for over-temperature alarm. Cleaned heat exchanger.</body></html>,completed
DISP-14951,EQ-5582,C-1252,2022-08-14T00:00:00Z,Mike Johnson,Installation,6.0,900.0,Calibrated inverter output. System operating within normal parameters.,In Progress
DISP-14952,EQ-5019,C-1210,12/23/2023,Lisa Rodriguez,Preventive Maintenance,3.7,555.0,Replaced faulty thermal sensor and verified system bus voltage.,In Progress
DISP-14953,EQ-5644,C-1019,2023/03/05,Amanda Thompson,Corrective Maintenance,2.7,324.0,Performed standard preventive check. Updated firmware to v4.2.1.,Cancelled
DISP-14954,EQ-6684,C-1455,04/14/2024,Lisa Rodriguez,Software Update,11.8,1416.0,Performed standard preventive check. Updated firmware to v4.2.1.,Cancelled
DISP-14955,EQ-7450,C-1217,2021/10/13,   ,Installation,3.8,361.0,Performed standard preventive check. Updated firmware to v4.2.1.,Completed
DISP-14956,EQ-5370,C-1009,09-23-2021,Patricia Davis,Corrective Maintenance,3.3,247.5,Replaced faulty thermal sensor and verified system bus voltage.,Completed
DISP-14957,EQ-5610,C-1384,2022/08/05,Maria Garcia,Emergency Repair,5.4,648.0,Performed standard preventive check. Updated firmware to v4.2.1.,COMPLETED
DISP-14958,EQ-5839,C-1429,2021-08-18T00:00:00Z,   ,Corrective Maintenance,4.8,$456.00,Calibrated inverter output. System operating within normal parameters.,COMPLETED
DISP-14959,EQ-5914,C-1323,08/23/2022,David Lee,Software Update,1.6,120.0,Performed standard preventive check. Updated firmware to v4.2.1.,completed
DISP-14960,EQ-6225,C-1293,08-02-2021,Amanda Thompson,Installation,11.3,1356.0,Replaced faulty thermal sensor and verified system bus voltage.,In Progress
DISP-14961,EQ-5696,C-1049,09/24/2021,Patricia Davis,Installation,6.2,744.0,<strong>Replaced burnt fuse block. Test run completed successfully.</strong>,Completed
DISP-14962,EQ-5573,C-1509,2022/11/21,Patricia Davis,Diagnostic,6.6,495,<b>Replaced burnt fuse block. Test run completed successfully.</b>,completed
DISP-14963,EQ-6914,C-1289,09/16/2022,Maria Garcia,Diagnostic,4.3,408.5,<b>Replaced burnt fuse block. Test run completed successfully.</b>,Pending
DISP-14964,EQ-5088,C-1182,2023-02-17,Lisa Rodriguez,Software Update,5.7,684.0,Replaced burnt fuse block. Test run completed successfully.,Pending
DISP-14965,EQ-5421,C-1048,2022-07-22,Lisa Rodriguez,Preventive Maintenance,9.0,855.0,Emergency dispatch for over-temperature alarm. Cleaned heat exchanger.,COMPLETED
DISP-14966,EQ-6322,C-1340,2024-07-27T00:00:00Z,Lisa Rodriguez,Preventive Maintenance,8.7,826.5,Performed standard preventive check. Updated firmware to v4.2.1.,Completed
DISP-14967,EQ-5328,C-1441,01/18/2023,Amanda Thompson,Corrective Maintenance,8.0,760.0,Emergency dispatch for over-temperature alarm. Cleaned heat exchanger.,completed
DISP-14968,EQ-6304,C-1479,2024-03-05,Lisa Rodriguez,Preventive Maintenance,1.0,75.0,Performed standard preventive check. Updated firmware to v4.2.1.,In Progress
DISP-14969,EQ-7268,C-1239,2022/03/29,Mike Johnson,Diagnostic,6.2,744.0,Replaced burnt fuse block. Test run completed successfully.,COMPLETED
DISP-14970,EQ-5491,C-1226,2022-06-24,NULL,Corrective Maintenance,4.1,307.5,Emergency dispatch for over-temperature alarm. Cleaned heat exchanger.,completed
DISP-14971,EQ-7468,C-1263,10-24-2022,Jennifer Chen,Software Update,7.5,562.5,Replaced faulty thermal sensor and verified system bus voltage.,Completed
DISP-14972,EQ-5945,C-1247,12/01/2023,Carlos Sanchez,Emergency Repair,2.0,190.0,Performed standard preventive check. Updated firmware to v4.2.1.,Pending
DISP-14973,EQ-7330,C-1178,2024-05-15T00:00:00Z,Mike Johnson,Warranty Replacement,4.8,456.0,Emergency dispatch for over-temperature alarm. Cleaned heat exchanger.,COMPLETED
DISP-14974,EQ-6346,C-1128,2023-07-07,   Lisa Rodriguez,Installation,3.2,384.0,Replaced faulty thermal sensor and verified system bus voltage.,COMPLETED
DISP-14975,EQ-5227,C-1268,03/17/2022,Amanda Thompson,Emergency Repair,7.5,1125.0,Emergency dispatch for over-temperature alarm. Cleaned heat exchanger.,Pending
DISP-14976,EQ-5940,C-1458,2023-09-04,Robert Martinez,Diagnostic,7.5,712.5,Performed standard preventive check. Updated firmware to v4.2.1.,Pending
DISP-14977,EQ-7427,C-1102,2024-04-07,Robert Martinez,Installation,3.7,277.5,Calibrated inverter output. System operating within normal parameters.,In Progress
DISP-14978,EQ-7284,C-1171,01-23-2023,Lisa Rodriguez,Preventive Maintenance,9.2,874.0,Emergency dispatch for over-temperature alarm. Cleaned heat exchanger.,In Progress
DISP-14979,EQ-5845,C-1514,02/09/2024,Sarah Williams,Emergency Repair,2.5,300.0,Performed standard preventive check. Updated firmware to v4.2.1.,In Progress
DISP-14980,EQ-6168,C-1242,06-14-2022,   Amanda Thompson,Preventive Maintenance,6.9,1035.0,Replaced faulty thermal sensor and verified system bus voltage.,In Progress
DISP-14981,EQ-5625,C-1140,09/17/2021,Lisa Rodriguez,Diagnostic,4.5,USD 540.00,Calibrated inverter output. System operating within normal parameters.,Completed
DISP-14982,EQ-6618,C-1379,2022-05-31T00:00:00Z,Mike Johnson,Corrective Maintenance,0.7,$84.00,Performed standard preventive check. Updated firmware to v4.2.1.,completed
DISP-14983,EQ-6207,C-1282,07-05-2024,Patricia Davis,Software Update,10.4,780.0,Replaced faulty thermal sensor and verified system bus voltage.,completed
DISP-14984,EQ-6406,C-1449,2022/06/30,Maria Garcia,Corrective Maintenance,10.4,988.0,Performed standard preventive check. Updated firmware to v4.2.1.,In Progress
DISP-14985,EQ-6281,C-1149,2021-06-27T00:00:00Z,Michael Brown,Installation,7.9,1185.0,Emergency dispatch for over-temperature alarm. Cleaned heat exchanger.,Completed
DISP-14986,EQ-6648,C-1046,09/08/2023,   Robert Martinez,Emergency Repair,3.3,495.0,Emergency dispatch for over-temperature alarm. Cleaned heat exchanger.,COMPLETED
DISP-14987,EQ-5555,C-1033,2023-02-22,Mike Johnson,Warranty Replacement,9.3,1395.0,Emergency dispatch for over-temperature alarm. Cleaned heat exchanger.,completed
DISP-14988,EQ-5586,C-1293,02/25/2022,Michael Brown,Warranty Replacement,3.5,525.0,Calibrated inverter output. System operating within normal parameters.,Cancelled
DISP-14989,EQ-5661,C-1092,01-27-2024,James Wilson,Preventive Maintenance,6.8,510.0,Emergency dispatch for over-temperature alarm. Cleaned heat exchanger.,Completed
DISP-14990,EQ-5696,C-1049,09/15/2023,Carlos Sanchez,Emergency Repair,10.8,1296.0,<div>Performed standard preventive check. Updated firmware to v4.2.1.</div>,Pending
DISP-14991,EQ-6028,C-1422,2024/02/04,Amanda Thompson,Preventive Maintenance,1.6,152.0,<strong>Calibrated inverter output. System operating within normal parameters.</strong>,Cancelled
DISP-14992,EQ-7221,C-1072,2021-11-16,Maria Garcia,Software Update,5.1,765.0,<p>Emergency dispatch for over-temperature alarm. Cleaned heat exchanger.</p>,completed
DISP-14993,EQ-6270,C-1467,2022-09-05,Jennifer Chen,Diagnostic,4.0,380.0,Replaced faulty thermal sensor and verified system bus voltage.,Cancelled
DISP-14994,EQ-7365,C-1352,05/25/2024,Michael Brown,Emergency Repair,12.0,1440.0,<html>Replaced burnt fuse block. Test run completed successfully.</html>,completed
DISP-14995,EQ-6338,C-1343,2022/08/29,Mike Johnson,Warranty Replacement,9.3,697.5,<html>Replaced burnt fuse block. Test run completed successfully.</html>,completed
DISP-14996,EQ-99931,C-99655,2023-05-18,Carlos Sanchez,Installation,3.0,225.0,Calibrated inverter output. System operating within normal parameters.,Cancelled
DISP-14997,EQ-5647,C-1432,2021-11-08T00:00:00Z,Amanda Thompson,Diagnostic,4.7,564.0,Replaced faulty thermal sensor and verified system bus voltage.,completed
DISP-14998,EQ-7273,C-1294,05/24/2023,James Wilson,Software Update,4.9,367.5,Emergency dispatch for over-temperature alarm. Cleaned heat exchanger.,Pending
DISP-14999,EQ-7419,C-1494,2022-09-10,Robert Martinez,Preventive Maintenance,3.0,225.0,Calibrated inverter output. System operating within normal parameters.,In Progress
DISP-15000,EQ-5247,C-1072,02/01/2023,James Wilson,Preventive Maintenance,3.0,285.0,Calibrated inverter output. System operating within normal parameters.,In Progress
