equipment_id,customer_id,model,serial_number,install_date,capacity_kw,voltage,warranty_expiration,status,location_notes
EQ-7326,C-1128,X-3000,SN-X3000-68449,2024/01/31,100,120V,01/30/2025,In Service,Rooftop solar coupler
EQ-7276,C-1294,X-12000,SN-X12000-42342,2022-04-13T00:00:00Z,1500,600V,2025-04-12T00:00:00Z,In Service,
EQ-5682,C-1090,X-12000,SN-X12000-83174,2024/05/22,1500,600V,05/22/2027,IN SERVICE,Underground vault 4
EQ-6395,C-1269,X-12000,SN-X12000-24104,2023-10-31,1500,600V,2025/10/30,Standby,NULL
EQ-6788,C-1106,X-5000,SN-X5000-93317,2022/12/05,250,240V,12/05/2023,IN SERVICE,Primary power grid node
EQ-5182,C-1293,X-9000,SN-X9000-44953,09-18-2021,1000,480V,2023-09-18T00:00:00Z,Standby,NULL
EQ-6720,C-1120,X-3000,SN-X3000-40782,06/22/2024,100,120V,2026-06-22T00:00:00Z,Maintenance,<b>Underground vault 4</b>
EQ-5500,C-1448,X-12000,SN-X12000-58067,03/18/2023,1500,600V,03/17/2026,Maintenance,<strong>Primary power grid node</strong>
EQ-6502,C-1267,X-7000,SN-X7000-49713,09-22-2022,500,480V,09/21/2025,Standby,Backup unit near loading dock
EQ-6974,C-1028,X-5000,SN-X5000-82040,02/11/2022,250,240V,2023-02-11,decommissioned,Underground vault 4
EQ-7480,C-1211,X-7000,SN-X7000-78748,08-04-2023,500,480V,2024/08/03,Decommissioned,Rooftop solar coupler
EQ-5052,C-1287,X-12000,SN-X12000-36546,04-15-2023,1500,600V,2026-04-14T00:00:00Z,In Service,<html>Rooftop solar coupler</html>
EQ-5819,C-1026,X-9000,SN-X9000-58066,11-19-2022,1000,480V,2024/11/18,Standby,Backup unit near loading dock
EQ-7266,C-1226,X-12000,SN-X12000-97070,08/26/2022,1500,600V,08-26-2023,Maintenance,Underground vault 4
EQ-6645,C-1361,X-12000,SN-X12000-50901,04/20/2021,1500,600V,04-20-2023,In Service,Underground vault 4
EQ-7002,C-1373,X-12000,SN-X12000-36046,03/28/2024,1500,600V,2026-03-28T00:00:00Z,Maintenance,Substation B switchgear bay
EQ-6348,C-1120,X-7000,SN-X7000-35438,09/22/2021,500,480V,2024/09/21,Standby,Backup unit near loading dock
EQ-6015,C-1270,X-5000,SN-X5000-86215,12/27/2022,250,240V,12/26/2025,Maintenance,<p>Underground vault 4</p>
EQ-6951,C-1126,X-12000,SN-X12000-47769,01/31/2022,1500,600V,2023-01-31,IN SERVICE,<b>Backup unit near loading dock</b>
EQ-5855,C-1016,X-3000,SN-X3000-48217,2024-06-05,100,120V,2025/06/05,In Service,Rooftop solar coupler
EQ-6481,C-1265,X-7000,,07-18-2023,500,480V,07-17-2026,Maintenance,Substation B switchgear bay
EQ-7202,C-1295,X-5000,SN-X5000-57730,2023-04-18T00:00:00Z,250,240V,04-17-2024,Maintenance,Rooftop solar coupler
EQ-5763,C-1263,X-9000,SN-X9000-62120,2023-10-19,1000,480V,2024-10-18,IN SERVICE,Rooftop solar coupler
EQ-5105,C-1448,X-9000,SN-X9000-42580,2023/03/19,1000,480V,2024-03-18,IN SERVICE,High humidity bay installation
EQ-6822,C-1210,X-9000,SN-X9000-21605,2022/01/05,1000,480V,2025-01-04,IN SERVICE,<html>Backup unit near loading dock</html>
EQ-5234,C-1438,X-5000,SN-X5000-20714,2023-08-07,250,240V,2024-08-06T00:00:00Z,Decommissioned,<html>Substation B switchgear bay</html>
EQ-7235,C-1106,X-12000,SN-X12000-80513,01/10/2023,1500,600V,01-10-2024,Maintenance,Rooftop solar coupler
EQ-6230,C-1055,X-5000,SN-X5000-61420,04/12/2022,250,240V,2025-04-11,Decommissioned,Substation B switchgear bay
EQ-6793,C-1311,X-3000,SN-X3000-96870,2024-03-07,100,120V,03-07-2027,Decommissioned,Rooftop solar coupler
EQ-5618,C-1281,X-5000,SN-X5000-95809,2022/09/14,250,240V,09-13-2024,Standby,<div>Substation B switchgear bay</div>
EQ-6776,C-1346,X-7000,SN-X7000-15227,02-14-2022,500,480V,2023-02-14T00:00:00Z,Standby,Rooftop solar coupler
EQ-5669,C-1165,X-7000,SN-X7000-37409,2023/04/13,500,480V,2026-04-12T00:00:00Z,in service,Underground vault 4
EQ-7065,C-1304,X-5000,SN-X5000-43186,03/30/2022,250,240V,2023-03-30T00:00:00Z,decommissioned,High humidity bay installation
EQ-5676,C-1302,X-12000,SN-X12000-56014,2022-02-10,1500,600V,2025-02-09T00:00:00Z,Maintenance,Backup unit near loading dock
EQ-5909,C-1455,X-12000,SN-X12000-48115,2023-07-07T00:00:00Z,1500,600V,07-06-2026,IN SERVICE,Backup unit near loading dock
EQ-6235,C-1409,X-12000,SN-X12000-10270,07/29/2021,1500,600V,07-28-2024,In Service,Backup unit near loading dock
EQ-6279,C-1342,X-3000,SN-X3000-51934,12/14/2021,100,120V,2024-12-13,in service,High humidity bay installation
EQ-5922,C-1241,X-7000,SN-X7000-44040,2021-04-13T00:00:00Z,500,480V,04/13/2023,In Service,Underground vault 4
EQ-6482,C-1468,X-7000,SN-X7000-85305,01/27/2023,500,480V,01-26-2026,Maintenance,High humidity bay installation
EQ-6654,C-1455,X-3000,SN-X3000-47830,2021-05-14T00:00:00Z,100,120V,2022/05/14,in service,Rooftop solar coupler
EQ-5871,C-1276,X-5000,SN-X5000-39805,04/05/2023,250,240V,04-04-2026,IN SERVICE,
EQ-5856,C-1380,X-12000,SN-X12000-61516,12-18-2021,1500,600V,2022-12-18T00:00:00Z,in service,Backup unit near loading dock
EQ-6930,C-1324,X-9000,SN-X9000-78439,05-13-2024,1000,480V,2026-05-13T00:00:00Z,Maintenance,<div>Backup unit near loading dock</div>
EQ-5193,C-1054,X-12000,SN-X12000-15596,2023/03/24,1500,600V,2025/03/23,Maintenance,Rooftop solar coupler
EQ-7130,C-1362,X-3000,SN-X3000-94776,10/20/2021,100,120V,2024-10-19T00:00:00Z,in service,<p>Underground vault 4</p>
EQ-6828,C-1077,X-3000,SN-X3000-19188,06/19/2022,100,120V,06/19/2023,in service,Rooftop solar coupler
EQ-6774,C-1151,X-3000,SN-X3000-63786,08/17/2023,100,120V,08-16-2026,Decommissioned,Substation B switchgear bay
EQ-6377,C-1137,X-3000,SN-X3000-53231,2022-07-01,100,120V,2024/06/30,In Service,Primary power grid node
EQ-6224,C-1101,X-9000,SN-X9000-93905,2023/06/24,1000,480V,06/23/2025,in service,High humidity bay installation
EQ-5290,C-1138,X-5000,SN-X5000-61951,08-14-2022,250,240V,2023/08/14,In Service,Backup unit near loading dock
EQ-7476,C-1163,X-7000,SN-X7000-75771,2023-04-09T00:00:00Z,500,480V,2025-04-08T00:00:00Z,in service,High humidity bay installation
EQ-5825,C-1410,X-3000,SN-X3000-28705,2023-12-23T00:00:00Z,100,120V,2025-12-22,IN SERVICE,Rooftop solar coupler
EQ-6972,C-1442,X-3000,SN-X3000-78860,2022/06/22,100,120V,06/21/2024,Decommissioned,Rooftop solar coupler
EQ-5699,C-1515,X-7000,SN-X7000-40562,2021-12-12,500,480V,12-12-2022,In Service,Backup unit near loading dock
EQ-5624,C-1042,X-9000,SN-X9000-94426,2021-05-10T00:00:00Z,1000,480V,2023-05-10,Decommissioned,<div>Rooftop solar coupler</div>
EQ-7456,C-1500,X-9000,SN-X9000-31113,06/08/2024,1000,480V,2027/06/08,IN SERVICE,Underground vault 4
EQ-7414,C-1455,X-12000,SN-X12000-85986,2023-12-22T00:00:00Z,1500,600V,12/21/2026,in service,Substation B switchgear bay
EQ-5958,C-1311,X-12000,SN-X12000-52026,09/13/2023,1500,600V,2026-09-12,Maintenance,Backup unit near loading dock
EQ-5346,C-1463,X-5000,SN-X5000-87433,2023-07-22,250,240V,07/21/2026,in service,High humidity bay installation
EQ-7257,C-1025,X-12000,SN-X12000-79365,01/01/2022,1500,600V,2024/12/31,Decommissioned,Substation B switchgear bay
EQ-5581,C-1201,X-9000,SN-X9000-47848,08-05-2021,1000,480V,08/04/2024,IN SERVICE,Substation B switchgear bay
EQ-6093,C-1077,X-9000,SN-X9000-36388,06/18/2023,1000,480V,2024/06/17,In Service,<div>Substation B switchgear bay</div>
EQ-6952,C-1492,X-12000,SN-X12000-43835,07/08/2022,1500,600V,2025-07-07,In Service,   
EQ-7043,C-1309,X-9000,SN-X9000-36678,2023/05/04,1000,480V,2026/05/03,Maintenance,Underground vault 4
EQ-6800,C-1223,X-7000,SN-X7000-32738,05/01/2022,500,480V,2025-04-30,IN SERVICE,<p>Rooftop solar coupler</p>
EQ-5180,C-1359,X-3000,SN-X3000-91811,04/22/2021,100,120V,2024/04/21,Decommissioned,   
EQ-6247,C-1086,X-9000,SN-X9000-26621,12/07/2023,1000,480V,2026-12-06T00:00:00Z,Standby,High humidity bay installation
EQ-7021,C-1425,X-3000,SN-X3000-57396,2022-02-20T00:00:00Z,100,120V,2023-02-20T00:00:00Z,Standby,Primary power grid node
EQ-7256,C-1516,X-7000,SN-X7000-86823,2023-09-10,500,480V,2025/09/09,in service,High humidity bay installation
EQ-6538,C-1214,X-3000,SN-X3000-99479,07-18-2021,100,120V,2022-07-18T00:00:00Z,Decommissioned,Primary power grid node
EQ-6561,C-1038,X-5000,SN-X5000-36439,03/02/2022,250,240V,2023-03-02,IN SERVICE,Underground vault 4
EQ-5462,C-1395,X-9000,SN-X9000-52830,02-01-2023,1000,480V,2024-02-01T00:00:00Z,In Service,Backup unit near loading dock
EQ-6489,C-1107,X-12000,SN-X12000-50017,2022-03-09T00:00:00Z,1500,600V,03/08/2024,Maintenance,Rooftop solar coupler
EQ-5077,C-1473,X-9000,SN-X9000-62620,2024-06-21,1000,480V,2026-06-21,In Service,Substation B switchgear bay
EQ-6339,C-1394,X-5000,SN-X5000-14096,2023-08-04,250,240V,2024/08/03,Maintenance,Backup unit near loading dock
EQ-6381,C-1050,X-5000,SN-X5000-74268,12-11-2021,250,240V,2022/12/11,in service,Substation B switchgear bay
EQ-5474,C-1097,X-7000,SN-X7000-19121,2024-03-12,500,480V,03/12/2025,IN SERVICE,Underground vault 4
EQ-6506,C-1140,X-12000,SN-X12000-41508,08/25/2021,1500,600V,08/24/2024,in service,Underground vault 4
EQ-6709,C-1263,X-12000,SN-X12000-62673,2021-06-22T00:00:00Z,1500,600V,2022-06-22,In Service,
EQ-5876,C-1129,X-7000,SN-X7000-11511,01/15/2024,500,480V,01/14/2027,Maintenance,Rooftop solar coupler
EQ-5998,C-1387,X-3000,SN-X3000-80618,2021-11-15,100,120V,2023/11/15,Maintenance,Substation B switchgear bay
EQ-5060,C-1416,X-5000,SN-X5000-10854,2023-01-14,250,240V,2026/01/13,Maintenance,Rooftop solar coupler
EQ-7306,C-1285,X-5000,SN-X5000-59849,06/02/2024,250,240V,06/02/2025,IN SERVICE,Backup unit near loading dock
EQ-6967,C-1276,X-12000,SN-X12000-13734,10/06/2021,1500,600V,10-06-2022,In Service,Underground vault 4
EQ-6038,C-1067,X-7000,SN-X7000-50862,11/27/2021,500,480V,2024-11-26T00:00:00Z,in service,Primary power grid node
EQ-5431,C-1434,X-9000,SN-X9000-31098,06-01-2024,1000,480V,2027-06-01,Decommissioned,Primary power grid node
EQ-6385,C-1141,X-5000,SN-X5000-61375,03/22/2024,250,240V,03/22/2025,Standby,Primary power grid node
EQ-6021,C-1268,X-3000,SN-X3000-10579,08/15/2021,100,120V,08/15/2023,in service,Primary power grid node
EQ-5069,C-1150,X-7000,SN-X7000-47255,11/14/2021,500,480V,2023/11/14,IN SERVICE,Underground vault 4
EQ-5367,C-1402,X-5000,SN-X5000-15925,2022/04/03,250,240V,2023-04-03,IN SERVICE,Backup unit near loading dock
EQ-6880,C-1466,X-12000,SN-X12000-68556,2022-10-08,1500,600V,10/07/2024,Maintenance,Substation B switchgear bay
EQ-7109,C-1034,X-9000,SN-X9000-40427,07/27/2022,1000,480V,2024-07-26,in service,Backup unit near loading dock
EQ-6698,C-1077,X-3000,SN-X3000-95746,03/19/2024,100,120V,03-19-2025,In Service,Underground vault 4
EQ-6634,C-1165,X-9000,SN-X9000-29041,2023-02-19,1000,480V,2024-02-19,Maintenance,High humidity bay installation
EQ-7153,C-1065,X-7000,SN-X7000-54124,10-24-2021,500,480V,2022-10-24T00:00:00Z,IN SERVICE,<p>Underground vault 4</p>
EQ-7103,C-1209,X-12000,SN-X12000-93750,11/25/2023,1500,600V,11/24/2024,in service,<html><body>Substation B switchgear bay</body></html>
EQ-7182,C-1195,X-7000,SN-X7000-66807,12-15-2021,500,480V,2023-12-15T00:00:00Z,in service,Rooftop solar coupler
EQ-6445,C-1214,X-7000,SN-X7000-41933,06/11/2022,500,480V,06/10/2025,Decommissioned,Primary power grid node
EQ-7432,C-1452,X-9000,SN-X9000-85280,09-30-2021,1000,480V,2022/09/30,Maintenance,Underground vault 4
EQ-5314,C-1055,X-9000,SN-X9000-63723,2021-12-08T00:00:00Z,1000,480V,12-07-2024,Standby,Underground vault 4
EQ-6116,C-1328,X-12000,SN-X12000-17291,05/05/2024,1500,600V,05-05-2026,decommissioned,<div>Rooftop solar coupler</div>
EQ-6133,C-1051,X-9000,SN-X9000-49080,2021-05-15T00:00:00Z,1000,480V,05-15-2022,Maintenance,Backup unit near loading dock
EQ-7185,C-1404,X-12000,SN-X12000-96149,09/08/2022,1500,600V,2025-09-07,Standby,Primary power grid node
EQ-6537,C-1513,X-5000,SN-X5000-60712,2022/08/26,250,240V,08/25/2025,In Service,<p>Substation B switchgear bay</p>
EQ-5543,C-1300,X-3000,SN-X3000-43907,2024-04-07T00:00:00Z,100,120V,04/07/2027,Decommissioned,<div>Underground vault 4</div>
EQ-6723,C-1343,X-7000,SN-X7000-49022,2023-10-13,500,480V,10/12/2025,Decommissioned,Primary power grid node
EQ-5218,C-1365,X-5000,SN-X5000-53841,05-06-2022,250,240V,2024/05/05,in service,<html>Rooftop solar coupler</html>
EQ-7371,C-1466,X-7000,SN-X7000-51478,04/10/2021,500,480V,04-10-2023,IN SERVICE,Substation B switchgear bay
EQ-5086,C-1442,X-7000,SN-X7000-28446,08/23/2022,500,480V,08/23/2023,Decommissioned,Primary power grid node
EQ-7391,C-1256,X-7000,SN-X7000-37266,08/26/2022,500,480V,08-25-2025,In Service,Substation B switchgear bay
EQ-6974,C-1028,X-5000,SN-X5000-82040,02/11/2022,250,240V,2023-02-11,IN SERVICE,Underground vault 4
EQ-7184,C-1423,X-7000,SN-X7000-13820,11/06/2023,500,480V,2024/11/05,IN SERVICE,High humidity bay installation
EQ-6557,C-1515,X-9000,SN-X9000-95190,2023/07/15,1000,480V,2024-07-14T00:00:00Z,IN SERVICE,Substation B switchgear bay
EQ-6451,C-1488,X-3000,SN-X3000-98790,2021-09-03T00:00:00Z,100,120V,2022-09-03,Decommissioned,Rooftop solar coupler
EQ-6802,C-1057,X-5000,SN-X5000-68741,2021-05-17,250,240V,05/17/2023,Standby,Backup unit near loading dock
EQ-5385,C-1249,X-3000,SN-X3000-37252,2022-08-06T00:00:00Z,100,120V,08-05-2024,Decommissioned,   
EQ-6595,C-1068,X-5000,SN-X5000-53248,03/16/2024,250,240V,03/16/2027,in service,Rooftop solar coupler
EQ-6231,C-1030,X-12000,SN-X12000-27173,05/25/2021,1500,600V,2023-05-25,In Service,Rooftop solar coupler
EQ-5442,C-1463,X-5000,SN-X5000-77931,01/26/2022,250,240V,2023-01-26,in service,Primary power grid node
EQ-6004,C-1365,X-12000,SN-X12000-94093,2023-11-13T00:00:00Z,1500,600V,2026-11-12,in service,Primary power grid node
EQ-6259,C-1239,X-5000,SN-X5000-84368,2022/10/05,250,240V,2024/10/04,In Service,Underground vault 4
EQ-5832,C-1112,X-9000,SN-X9000-72245,2023-10-08,1000,480V,2024-10-07T00:00:00Z,in service,<b>Primary power grid node</b>
EQ-6591,C-1038,X-5000,SN-X5000-31992,07/10/2023,250,240V,07-09-2025,Standby,Underground vault 4
EQ-6840,C-1483,X-5000,SN-X5000-71357,2023/02/16,250,240V,02/15/2026,Standby,Primary power grid node
EQ-6897,C-1324,X-7000,SN-X7000-20577,2021/06/01,500,480V,06/01/2022,in service,Primary power grid node
EQ-7016,C-1491,X-7000,SN-X7000-79587,2022-10-03T00:00:00Z,500,480V,10-02-2025,IN SERVICE,Primary power grid node
EQ-5575,C-1275,X-9000,SN-X9000-45945,2023-10-08,1000,480V,2026-10-07,IN SERVICE,High humidity bay installation
EQ-6921,C-1481,X-3000,SN-X3000-49675,12/08/2021,100,120V,12-08-2023,Decommissioned,Substation B switchgear bay
EQ-7459,C-1478,X-12000,SN-X12000-97148,05/19/2024,1500,600V,2027-05-19,Decommissioned,Backup unit near loading dock
EQ-5014,C-1378,X-3000,SN-X3000-20831,2023/03/11,100,120V,2026-03-10,Standby,Primary power grid node
EQ-5051,C-1363,X-7000,SN-X7000-95196,05/09/2022,500,480V,2024-05-08,Maintenance,Rooftop solar coupler
EQ-7327,C-1428,X-12000,SN-X12000-33529,01-16-2023,1500,600V,01/16/2024,in service,Backup unit near loading dock
EQ-5058,C-1327,X-12000,SN-X12000-10064,08/29/2022,1500,600V,08-28-2024,Decommissioned,High humidity bay installation
EQ-7139,C-1339,X-3000,SN-X3000-29339,2022-08-29,100,120V,08/28/2024,IN SERVICE,Rooftop solar coupler
EQ-6464,C-1244,X-12000,SN-X12000-10508,04/23/2021,1500,600V,04/23/2023,Decommissioned,Backup unit near loading dock
EQ-6655,C-1260,X-12000,SN-X12000-93306,2024-02-27,1500,600V,2027/02/26,in service,<html><body>Substation B switchgear bay</body></html>
EQ-5030,C-1330,X-12000,SN-X12000-92756,2023-12-23T00:00:00Z,1500,600V,12-22-2026,in service,Primary power grid node
EQ-5604,C-1149,X-3000,SN-X3000-43610,09-25-2021,100,120V,09/24/2024,Decommissioned,High humidity bay installation
EQ-6865,C-1148,X-12000,SN-X12000-57081,2023-07-10,1500,600V,07/09/2026,Maintenance,Substation B switchgear bay
EQ-7108,C-1482,X-3000,SN-X3000-82759,2023/12/06,100,120V,2026-12-05T00:00:00Z,IN SERVICE,Primary power grid node
EQ-5751,C-1506,X-12000,SN-X12000-79578,01-30-2023,1500,600V,01-29-2025,Decommissioned,Substation B switchgear bay
EQ-6000,C-1048,X-12000,SN-X12000-95727,2024/02/11,1500,600V,2025-02-10,in service,<b>Primary power grid node</b>
EQ-7472,C-1101,X-9000,SN-X9000-77010,2023/05/14,1000,480V,05/13/2026,Maintenance,Underground vault 4
EQ-6932,C-1201,X-9000,SN-X9000-32022,11/12/2021,1000,480V,2022-11-12,Decommissioned,Rooftop solar coupler
EQ-6779,C-1104,X-7000,SN-X7000-86529,08-21-2022,500,480V,08/20/2024,In Service,Rooftop solar coupler
EQ-6516,C-1222,X-9000,SN-X9000-79337,01/01/2023,1000,480V,12/31/2024,Standby,<p>Primary power grid node</p>
EQ-7070,C-1331,X-3000,SN-X3000-57661,02-04-2022,100,120V,2023/02/04,Decommissioned,Primary power grid node
EQ-5194,C-1048,X-5000,SN-X5000-60536,08/08/2023,250,240V,08/07/2024,IN SERVICE,   
EQ-6551,C-1242,X-9000,SN-X9000-75519,09-23-2022,1000,480V,2024-09-22T00:00:00Z,In Service,Primary power grid node
EQ-5702,C-1441,X-9000,SN-X9000-21668,2023-08-08,1000,480V,08-07-2024,Maintenance,
EQ-5387,C-1344,X-12000,SN-X12000-44289,2022/09/12,1500,600V,09/11/2025,IN SERVICE,Substation B switchgear bay
EQ-5906,C-1120,X-12000,SN-X12000-30518,2022-10-30T00:00:00Z,1500,600V,2023-10-30T00:00:00Z,Standby,Underground vault 4
EQ-5329,C-1197,X-5000,SN-X5000-69151,2023-02-21,250,240V,2024/02/21,Decommissioned,Substation B switchgear bay
EQ-5780,C-1289,X-9000,SN-X9000-23346,03-30-2023,1000,480V,2026/03/29,IN SERVICE,Primary power grid node
EQ-5293,C-1002,X-12000,SN-X12000-11449,2021-10-25,1500,600V,2022-10-25,Standby,Underground vault 4
EQ-7427,C-1102,X-3000,SN-X3000-97535,10-22-2022,100,120V,10/22/2023,IN SERVICE,Rooftop solar coupler
EQ-7466,C-1401,X-7000,SN-X7000-66075,11/09/2022,500,480V,11-08-2025,Maintenance,<div>Rooftop solar coupler</div>
EQ-5652,C-1456,X-7000,SN-X7000-17922,2022-12-12,500,480V,2025/12/11,in service,High humidity bay installation
EQ-6795,C-1027,X-3000,SN-X3000-20386,2022/06/26,100,120V,2025-06-25,IN SERVICE,Substation B switchgear bay
EQ-7048,C-1242,X-7000,SN-X7000-32703,2021-06-29T00:00:00Z,500,480V,06/29/2022,Maintenance,High humidity bay installation
EQ-7066,C-1183,X-3000,SN-X3000-27994,2021-07-13,100,120V,2022-07-13T00:00:00Z,in service,Primary power grid node
EQ-5240,C-1353,X-12000,SN-X12000-93259,06-25-2021,1500,600V,2024-06-24,Maintenance,Primary power grid node
EQ-6407,C-1305,X-9000,SN-X9000-98257,03/30/2022,1000,480V,03/29/2025,Standby,Backup unit near loading dock
EQ-6061,C-1289,X-9000,SN-X9000-48840,2023/10/07,1000,480V,2026-10-06,IN SERVICE,Rooftop solar coupler
EQ-6511,C-1496,X-5000,SN-X5000-31973,08/02/2022,250,240V,08-02-2023,Standby,Underground vault 4
EQ-7448,C-1153,X-7000,SN-X7000-61444,2023/09/21,500,480V,09-20-2026,IN SERVICE,Underground vault 4
EQ-6493,C-1289,X-7000,SN-X7000-92967,01/08/2022,500,480V,01/08/2024,IN SERVICE,Primary power grid node
EQ-5245,C-1016,X-3000,SN-X3000-32795,10-13-2023,100,120V,2025/10/12,IN SERVICE,<strong>Primary power grid node</strong>
EQ-6848,C-1334,X-3000,SN-X3000-64273,2024-04-08,100,120V,04/08/2026,In Service,   
EQ-7465,C-1175,X-12000,SN-X12000-23661,10/28/2021,1500,600V,10/28/2022,in service,Underground vault 4
EQ-6993,C-1239,X-12000,SN-X12000-30572,12-28-2023,1500,600V,12-27-2025,In Service,Primary power grid node
EQ-7212,C-1035,X-3000,SN-X3000-61044,2023-02-18T00:00:00Z,100,120V,2026/02/17,in service,NULL
EQ-6434,C-1143,X-5000,SN-X5000-17785,07-29-2021,250,240V,07/29/2022,Standby,<div>Underground vault 4</div>
EQ-5203,C-1016,X-3000,SN-X3000-70645,09-27-2022,100,120V,09/27/2023,Maintenance,Rooftop solar coupler
EQ-7482,C-1362,X-7000,SN-X7000-33211,2024/03/02,500,480V,03/02/2027,Standby,Underground vault 4
EQ-6057,C-1171,X-5000,SN-X5000-51814,11-07-2022,250,240V,11-06-2025,Decommissioned,Substation B switchgear bay
EQ-6981,C-1089,X-9000,SN-X9000-85941,03/18/2023,1000,480V,03-17-2025,Standby,Substation B switchgear bay
EQ-6016,C-1093,X-12000,SN-X12000-34185,2022/03/06,1500,600V,2024/03/05,Decommissioned,Substation B switchgear bay
EQ-7392,C-1395,X-3000,SN-X3000-16622,01-12-2022,100,120V,01/12/2024,Decommissioned,   
EQ-6667,C-1007,X-5000,SN-X5000-13210,06-15-2023,250,240V,06-14-2026,Decommissioned,Substation B switchgear bay
EQ-5803,C-1072,X-12000,SN-X12000-72874,07/11/2022,1500,600V,07/10/2025,In Service,Substation B switchgear bay
EQ-6486,C-1249,X-7000,SN-X7000-56608,2023-01-12,500,480V,2024-01-12T00:00:00Z,in service,Underground vault 4
EQ-6454,C-1466,X-5000,SN-X5000-89726,2023-04-28,250,240V,2026-04-27T00:00:00Z,Maintenance,Underground vault 4
EQ-7152,C-1267,X-3000,SN-X3000-85864,04/05/2023,100,120V,04-04-2024,Decommissioned,High humidity bay installation
EQ-7316,C-1162,X-5000,SN-X5000-48153,2021/04/10,250,240V,2024-04-09,Decommissioned,Backup unit near loading dock
EQ-6394,C-1237,X-3000,SN-X3000-96717,12/18/2022,100,120V,12-17-2024,Decommissioned,   
EQ-6829,C-1402,X-5000,SN-X5000-66497,06/26/2023,250,240V,06/25/2025,In Service,High humidity bay installation
EQ-6904,C-1470,X-9000,SN-X9000-59829,05-11-2023,1000,480V,05/10/2024,Standby,Underground vault 4
EQ-7209,C-1273,X-7000,SN-X7000-69823,02/03/2024,500,480V,2025-02-02,IN SERVICE,Rooftop solar coupler
EQ-7403,C-1476,X-3000,SN-X3000-75812,2023-11-19,100,120V,2025-11-18,Decommissioned,Underground vault 4
EQ-5732,C-1043,X-5000,SN-X5000-92434,01-29-2022,250,240V,2024-01-29T00:00:00Z,Decommissioned,<html>Primary power grid node</html>
EQ-7297,C-1267,X-5000,SN-X5000-22134,09/26/2022,250,240V,09-25-2024,in service,Rooftop solar coupler
EQ-6196,C-1199,X-9000,SN-X9000-36644,2022-01-02,1000,480V,01/01/2025,In Service,Substation B switchgear bay
EQ-5168,C-1375,X-9000,SN-X9000-91735,07/24/2023,1000,480V,07/23/2024,IN SERVICE,Backup unit near loading dock
EQ-5597,C-1300,X-12000,SN-X12000-10378,2024-06-27,1500,600V,06/27/2025,IN SERVICE,High humidity bay installation
EQ-6673,C-1488,X-12000,SN-X12000-97295,05/09/2023,1500,600V,05/08/2026,Decommissioned,Primary power grid node
EQ-7186,C-1520,X-12000,SN-X12000-70822,2023-09-23T00:00:00Z,1500,600V,2026-09-22T00:00:00Z,Decommissioned,Underground vault 4
EQ-5397,C-1385,X-12000,SN-X12000-89489,05/12/2022,1500,600V,2023/05/12,Decommissioned,Primary power grid node
EQ-7029,C-1389,X-7000,SN-X7000-86923,03-29-2023,500,480V,03-28-2024,Decommissioned,High humidity bay installation
EQ-5016,C-1199,X-7000,SN-X7000-89119,2023-10-10T00:00:00Z,500,480V,10-09-2026,in service,<strong>Rooftop solar coupler</strong>
EQ-6943,C-1266,X-7000,SN-X7000-28216,03-10-2024,500,480V,03/10/2027,Maintenance,Primary power grid node
EQ-5284,C-1187,X-5000,SN-X5000-77272,05/13/2021,250,240V,2024-05-12,Decommissioned,Primary power grid node
EQ-6192,C-1514,X-3000,SN-X3000-16233,2022-12-30T00:00:00Z,100,120V,2025/12/29,IN SERVICE,Primary power grid node
EQ-5692,C-1191,X-9000,SN-X9000-87454,01/18/2023,1000,480V,2025-01-17,Decommissioned,NULL
EQ-5670,C-1385,X-9000,SN-X9000-24736,01/14/2024,1000,480V,2025-01-13,Standby,Backup unit near loading dock
EQ-6177,C-1121,X-9000,SN-X9000-91958,04/25/2024,1000,480V,04-25-2025,in service,High humidity bay installation
EQ-6475,C-1365,X-3000,SN-X3000-78295,01/21/2023,100,120V,2026-01-20T00:00:00Z,IN SERVICE,   
EQ-5623,C-1371,X-5000,SN-X5000-55365,2022-08-12,250,240V,08-11-2024,Standby,
EQ-5814,C-1250,X-12000,SN-X12000-11367,08-23-2022,1500,600V,08/22/2025,IN SERVICE,Substation B switchgear bay
EQ-7259,C-1276,X-12000,SN-X12000-99055,07-20-2022,1500,600V,2025-07-19,Decommissioned,<div>Rooftop solar coupler</div>
EQ-5269,C-1211,X-12000,SN-X12000-11291,2021/11/15,1500,600V,11/15/2023,Decommissioned,Underground vault 4
EQ-5173,C-1488,X-7000,SN-X7000-23303,2024-05-25T00:00:00Z,500,480V,2025-05-25T00:00:00Z,IN SERVICE,Backup unit near loading dock
EQ-5368,C-1154,X-5000,SN-X5000-25450,2022/05/24,250,240V,05/23/2024,Standby,High humidity bay installation
EQ-5749,C-1508,X-5000,SN-X5000-94196,09/19/2021,250,240V,2022-09-19,IN SERVICE,Primary power grid node
EQ-5370,C-1009,X-5000,SN-X5000-24213,2023-09-08T00:00:00Z,250,240V,09/07/2024,Standby,Backup unit near loading dock
EQ-6726,C-1406,X-12000,SN-X12000-59599,12/03/2023,1500,600V,2026-12-02,in service,Backup unit near loading dock
EQ-7305,C-1431,X-7000,SN-X7000-79386,01/30/2023,500,480V,2025/01/29,Decommissioned,Backup unit near loading dock
EQ-6075,C-1356,X-7000,SN-X7000-53025,2022-10-03,500,480V,2025/10/02,in service,Backup unit near loading dock
EQ-6255,C-1505,X-7000,SN-X7000-28151,08/28/2021,500,480V,08-28-2022,Decommissioned,Primary power grid node
EQ-5613,C-1242,X-12000,SN-X12000-52539,11/06/2021,1500,600V,2022-11-06,Maintenance,Underground vault 4
EQ-5388,C-1508,X-5000,SN-X5000-62390,10/01/2022,250,240V,2023/10/01,IN SERVICE,Underground vault 4
EQ-5390,C-1259,X-12000,SN-X12000-38032,2021-10-31,1500,600V,2023/10/31,in service,Primary power grid node
EQ-5872,C-1499,X-3000,SN-X3000-91232,2021-10-11,100,120V,2024-10-10T00:00:00Z,IN SERVICE,<div>Substation B switchgear bay</div>
EQ-5829,C-1394,X-7000,SN-X7000-27797,2024-01-01,500,480V,12/31/2024,Maintenance,High humidity bay installation
EQ-6839,C-1124,X-3000,SN-X3000-54255,2024-03-30T00:00:00Z,100,120V,03/30/2026,in service,High humidity bay installation
EQ-5891,C-1305,X-12000,SN-X12000-10549,08/04/2022,1500,600V,2024-08-03T00:00:00Z,IN SERVICE,Primary power grid node
EQ-7245,C-1167,X-7000,SN-X7000-42443,2023-09-29,500,480V,09/28/2024,In Service,High humidity bay installation
EQ-6116,C-1328,X-12000,SN-X12000-17291,05/05/2024,1500,600V,05-05-2026,Maintenance,<div>Rooftop solar coupler</div>
EQ-6352,C-1322,X-12000,SN-X12000-30543,2021-10-18,1500,600V,10-17-2024,Decommissioned,Backup unit near loading dock
EQ-5866,C-1441,X-12000,SN-X12000-29671,05/08/2021,1500,600V,2022-05-08,In Service,<strong>High humidity bay installation</strong>
EQ-5199,C-1345,X-12000,SN-X12000-79420,10/30/2022,1500,600V,10-29-2024,Standby,High humidity bay installation
EQ-5071,C-1228,X-12000,SN-X12000-12864,01-13-2022,1500,600V,2023/01/13,Standby,Underground vault 4
EQ-6631,C-1309,X-9000,SN-X9000-11728,05/20/2022,1000,480V,2024-05-19,IN SERVICE,NULL
EQ-5869,C-1030,X-3000,SN-X3000-80657,10/05/2021,100,120V,10/04/2024,Decommissioned,Backup unit near loading dock
EQ-5619,C-1186,X-9000,SN-X9000-26926,11/06/2023,1000,480V,11/05/2026,Decommissioned,Primary power grid node
EQ-7330,C-1178,X-7000,SN-X7000-79155,2022/09/14,500,480V,2025/09/13,in service,Backup unit near loading dock
EQ-5094,C-1236,X-9000,SN-X9000-27263,02/01/2023,1000,480V,2025-01-31,in service,Underground vault 4
EQ-5509,C-1119,X-12000,SN-X12000-15076,2022-05-30,1500,600V,2023/05/30,Standby,Rooftop solar coupler
EQ-5165,C-1339,X-9000,SN-X9000-92116,2023/03/24,1000,480V,03/23/2024,Maintenance,Rooftop solar coupler
EQ-7419,C-1494,X-5000,SN-X5000-64162,04/22/2022,250,240V,04-21-2024,Maintenance,Rooftop solar coupler
EQ-5313,C-1018,X-3000,SN-X3000-24113,10-07-2023,100,120V,10/06/2024,IN SERVICE,Underground vault 4
EQ-6092,C-1292,X-9000,SN-X9000-91727,2022-10-04T00:00:00Z,1000,480V,10/03/2025,Maintenance,Backup unit near loading dock
EQ-5730,C-1056,X-9000,SN-X9000-96580,2024/04/24,1000,480V,04/24/2026,Standby,Primary power grid node
EQ-7122,C-1498,X-9000,SN-X9000-31151,05-28-2023,1000,480V,2024/05/27,in service,NULL
EQ-6731,C-1336,X-7000,SN-X7000-47321,10/10/2023,500,480V,10/09/2024,in service,Substation B switchgear bay
EQ-5129,C-1200,X-5000,SN-X5000-83394,2023/10/06,250,240V,10/05/2026,Standby,Primary power grid node
EQ-6568,C-1306,X-12000,SN-X12000-13593,04/05/2022,1500,600V,04/05/2023,IN SERVICE,Underground vault 4
EQ-5921,C-1518,X-9000,SN-X9000-63272,2021-06-01T00:00:00Z,1000,480V,06/01/2023,Decommissioned,
EQ-6188,C-1205,X-12000,SN-X12000-24888,07/01/2023,1500,600V,2026-06-30T00:00:00Z,IN SERVICE,<b>Substation B switchgear bay</b>
EQ-5031,C-1276,X-9000,SN-X9000-13875,2022-02-14T00:00:00Z,1000,480V,2025/02/13,Decommissioned,Backup unit near loading dock
EQ-6154,C-1034,X-3000,SN-X3000-99998,2023-12-14,100,120V,2025-12-13,Decommissioned,Backup unit near loading dock
EQ-5577,C-1351,X-5000,SN-X5000-84450,2021/10/29,250,240V,2022-10-29,In Service,Underground vault 4
EQ-5691,C-1406,X-7000,SN-X7000-20157,2024-06-03,500,480V,2027-06-03T00:00:00Z,in service,High humidity bay installation
EQ-6570,C-1149,X-9000,SN-X9000-30903,02/28/2024,1000,480V,02-27-2026,IN SERVICE,Underground vault 4
EQ-5429,C-1183,X-3000,SN-X3000-38902,2022-10-26T00:00:00Z,100,120V,10-25-2024,In Service,
EQ-5348,C-1391,X-3000,SN-X3000-27360,2021-06-22,100,120V,06/22/2022,IN SERVICE,Underground vault 4
EQ-6736,C-1466,X-9000,SN-X9000-30161,03/12/2022,1000,480V,03/12/2023,Decommissioned,<div>Underground vault 4</div>
EQ-5006,C-1196,X-12000,SN-X12000-84447,2022-01-11,1500,600V,2023-01-11,Standby,High humidity bay installation
EQ-5626,C-1258,X-5000,SN-X5000-50207,2023/05/08,250,240V,2024/05/07,In Service,Primary power grid node
EQ-5718,C-1100,X-7000,SN-X7000-34968,07/14/2023,500,480V,07/13/2024,Standby,Underground vault 4
EQ-6658,C-1224,X-3000,SN-X3000-46442,2021-05-19,100,120V,05-19-2022,In Service,High humidity bay installation
EQ-7262,C-1040,X-7000,SN-X7000-79701,01/23/2023,500,480V,01/22/2025,Decommissioned,Rooftop solar coupler
EQ-7422,C-1019,X-7000,SN-X7000-99589,2022-07-14T00:00:00Z,500,480V,07/13/2024,Maintenance,NULL
EQ-6882,C-1144,X-9000,SN-X9000-55260,2022-03-18T00:00:00Z,1000,480V,03/17/2024,Maintenance,Backup unit near loading dock
EQ-7442,C-1016,X-7000,SN-X7000-47617,05-02-2022,500,480V,05-01-2025,Maintenance,Rooftop solar coupler
EQ-5164,C-1101,X-7000,SN-X7000-58244,2021/05/13,500,480V,05/13/2023,in service,Backup unit near loading dock
EQ-7458,C-1275,X-5000,SN-X5000-20181,2023/11/19,250,240V,2026/11/18,Maintenance,Primary power grid node
EQ-6274,C-1435,X-7000,SN-X7000-43499,2023/04/01,500,480V,03-31-2026,Decommissioned,Primary power grid node
EQ-6810,C-1238,X-5000,SN-X5000-75378,10-04-2021,250,240V,2023/10/04,IN SERVICE,   
EQ-6030,C-1213,X-5000,SN-X5000-19604,2024-01-12T00:00:00Z,250,240V,01/11/2026,In Service,   
EQ-5444,C-1275,X-9000,SN-X9000-44722,07/09/2023,1000,480V,07/08/2026,IN SERVICE,<html>Underground vault 4</html>
EQ-7436,C-1431,X-7000,SN-X7000-14451,2021/10/03,500,480V,10/02/2024,in service,Substation B switchgear bay
EQ-5712,C-1207,X-3000,SN-X3000-15682,12-07-2023,100,120V,12/06/2025,in service,Substation B switchgear bay
EQ-5333,C-1162,X-9000,SN-X9000-39720,01-08-2024,1000,480V,01/07/2027,Maintenance,NULL
EQ-6617,C-1116,X-3000,SN-X3000-41860,2024/05/11,100,120V,05/11/2027,In Service,Rooftop solar coupler
EQ-5859,C-1379,X-7000,   ,2022/06/21,500,480V,06/21/2023,In Service,Primary power grid node
EQ-7129,C-1494,X-7000,SN-X7000-28412,2024/02/25,500,480V,02/24/2026,Decommissioned,Primary power grid node
EQ-7032,C-1293,X-12000,SN-X12000-86703,2021-11-22T00:00:00Z,1500,600V,11/21/2024,in service,Underground vault 4
EQ-6270,C-1467,X-9000,SN-X9000-14730,10/04/2021,1000,480V,2024-10-03,In Service,Backup unit near loading dock
EQ-6107,C-1077,X-7000,SN-X7000-15356,2022/07/10,500,480V,2023/07/10,Decommissioned,Underground vault 4
EQ-6548,C-1328,X-5000,SN-X5000-60486,2024/05/19,250,240V,2026/05/19,In Service,Substation B switchgear bay
EQ-6495,C-1519,X-12000,SN-X12000-15580,03/16/2022,1500,600V,03/16/2023,in service,High humidity bay installation
EQ-7355,C-1102,X-9000,SN-X9000-42987,2023-06-03T00:00:00Z,1000,480V,2025/06/02,IN SERVICE,Substation B switchgear bay
EQ-7014,C-1146,X-9000,SN-X9000-53839,2024-01-30,1000,480V,01/29/2025,Maintenance,Substation B switchgear bay
EQ-6642,C-1383,X-5000,SN-X5000-10839,2023-05-25,250,240V,2024-05-24T00:00:00Z,In Service,High humidity bay installation
EQ-5096,C-1057,X-9000,SN-X9000-34608,06-26-2024,1000,480V,2026-06-26T00:00:00Z,Maintenance,Backup unit near loading dock
EQ-5108,C-1157,X-7000,SN-X7000-60004,09/06/2022,500,480V,09/06/2023,Standby,Rooftop solar coupler
EQ-6258,C-1296,X-12000,SN-X12000-22269,11/21/2022,1500,600V,11/20/2024,Decommissioned,Underground vault 4
EQ-7044,C-1432,X-12000,,12/09/2022,1500,600V,2025-12-08,Decommissioned,NULL
EQ-6769,C-1328,X-12000,SN-X12000-59718,2024-03-28,1500,600V,2025-03-28T00:00:00Z,Standby,Underground vault 4
EQ-5208,C-1292,X-12000,SN-X12000-51168,2021-11-07T00:00:00Z,1500,600V,2023/11/07,Maintenance,High humidity bay installation
EQ-6600,C-1269,X-7000,SN-X7000-94056,08/23/2022,500,480V,08/23/2023,Maintenance,
EQ-5592,C-1221,X-5000,SN-X5000-11925,2022-12-11T00:00:00Z,250,240V,12-11-2023,Decommissioned,Primary power grid node
EQ-6832,C-1487,X-12000,SN-X12000-66342,2021/05/27,1500,600V,2023/05/27,In Service,High humidity bay installation
EQ-5771,C-1055,X-7000,SN-X7000-92349,2021-04-19T00:00:00Z,500,480V,2023-04-19T00:00:00Z,Standby,<p>High humidity bay installation</p>
EQ-5966,C-1090,X-12000,SN-X12000-60111,2021-04-12T00:00:00Z,1500,600V,04/11/2024,In Service,Rooftop solar coupler
EQ-5331,C-1436,X-3000,SN-X3000-31271,2022-01-24T00:00:00Z,100,120V,01/24/2024,IN SERVICE,Substation B switchgear bay
EQ-5207,C-1133,X-3000,SN-X3000-95411,08/12/2023,100,120V,2024/08/11,in service,Rooftop solar coupler
EQ-5894,C-1231,X-9000,SN-X9000-87292,11/12/2023,1000,480V,2026-11-11,Decommissioned,Rooftop solar coupler
EQ-7255,C-1397,X-7000,SN-X7000-66757,2023-05-29,500,480V,2025-05-28T00:00:00Z,in service,   
EQ-5178,C-1449,X-7000,SN-X7000-77295,10/26/2022,500,480V,2025-10-25,In Service,Rooftop solar coupler
EQ-5343,C-1226,X-5000,SN-X5000-53786,2022-03-11,250,240V,03/11/2023,Standby,Substation B switchgear bay
EQ-6101,C-1451,X-3000,SN-X3000-13984,2022-10-22T00:00:00Z,100,120V,2025-10-21,In Service,Backup unit near loading dock
EQ-6413,C-1216,X-3000,SN-X3000-87583,2023/02/26,100,120V,02/25/2025,IN SERVICE,Substation B switchgear bay
EQ-7028,C-1129,X-3000,SN-X3000-21094,04/02/2024,100,120V,2025-04-02T00:00:00Z,Maintenance,Backup unit near loading dock
EQ-7194,C-1350,X-7000,SN-X7000-83470,2022-09-26,500,480V,2025-09-25,IN SERVICE,High humidity bay installation
EQ-6846,C-1280,X-5000,SN-X5000-73017,06-28-2023,250,240V,2024-06-27,In Service,High humidity bay installation
EQ-6440,C-1047,X-7000,SN-X7000-68809,2023/08/19,500,480V,2024-08-18T00:00:00Z,Decommissioned,   
EQ-6899,C-1237,X-12000,SN-X12000-42324,2022-01-17,1500,600V,01/16/2025,Decommissioned,<html>High humidity bay installation</html>
EQ-5339,C-1197,X-7000,SN-X7000-22472,09/24/2022,500,480V,2024-09-23T00:00:00Z,in service,Primary power grid node
EQ-6571,C-1381,X-5000,SN-X5000-72113,2024-06-26,250,240V,06/26/2026,in service,High humidity bay installation
EQ-5151,C-1242,X-7000,SN-X7000-95634,2022/10/11,500,480V,2024/10/10,Standby,Primary power grid node
EQ-6166,C-1251,X-3000,SN-X3000-24925,2022-05-31T00:00:00Z,100,120V,2024-05-30,Decommissioned,High humidity bay installation
EQ-6563,C-1178,X-5000,SN-X5000-62275,2023-03-06T00:00:00Z,250,240V,2026/03/05,IN SERVICE,Backup unit near loading dock
EQ-6619,C-1101,X-12000,NULL,12/07/2023,1500,600V,2024/12/06,Decommissioned,   
EQ-7393,C-1449,X-5000,SN-X5000-42701,04/22/2022,250,240V,2025-04-21,In Service,Backup unit near loading dock
EQ-6342,C-1080,X-9000,SN-X9000-30943,04/29/2021,1000,480V,2024-04-28,Decommissioned,Primary power grid node
EQ-6219,C-1289,X-5000,SN-X5000-88153,06-23-2024,250,240V,2025/06/23,in service,High humidity bay installation
EQ-5996,C-1277,X-12000,SN-X12000-68935,05-25-2021,1500,600V,2023-05-25T00:00:00Z,Decommissioned,
EQ-6324,C-1277,X-12000,SN-X12000-56391,2024-02-17T00:00:00Z,1500,600V,02/16/2025,Standby,Underground vault 4
EQ-6304,C-1479,X-7000,SN-X7000-19653,09/28/2021,500,480V,09/28/2022,in service,Underground vault 4
EQ-6053,C-1245,X-3000,SN-X3000-11435,06/18/2022,100,120V,2025-06-17,Maintenance,Substation B switchgear bay
EQ-6463,C-1054,X-9000,SN-X9000-95247,2023-05-21,1000,480V,2026-05-20T00:00:00Z,Decommissioned,Rooftop solar coupler
EQ-5550,C-1239,X-7000,SN-X7000-59674,12/21/2023,500,480V,2024-12-20T00:00:00Z,In Service,Primary power grid node
EQ-7106,C-1511,X-5000,SN-X5000-20519,2022/05/15,250,240V,05/15/2023,Standby,Rooftop solar coupler
EQ-5725,C-1261,X-5000,SN-X5000-43244,2023-07-16,250,240V,07/15/2025,Maintenance,Primary power grid node
EQ-6748,C-1053,X-9000,SN-X9000-81762,01/23/2022,1000,480V,01/23/2023,Maintenance,Backup unit near loading dock
EQ-5570,C-1476,X-3000,SN-X3000-61948,2023-09-20,100,120V,2025/09/19,Decommissioned,High humidity bay installation
EQ-5995,C-1507,X-5000,SN-X5000-98417,2022-07-31T00:00:00Z,250,240V,07/30/2024,in service,<p>Underground vault 4</p>
EQ-5065,C-1135,X-9000,SN-X9000-10743,07/07/2023,1000,480V,2024/07/06,Maintenance,   
EQ-6400,C-1428,X-7000,SN-X7000-88764,2022-12-22,500,480V,2024-12-21,Maintenance,High humidity bay installation
EQ-6790,C-1359,X-3000,   ,09/04/2021,100,120V,2022-09-04T00:00:00Z,Decommissioned,Underground vault 4
EQ-5125,C-1449,X-12000,SN-X12000-64044,2022/04/17,1500,600V,04/16/2025,Decommissioned,Rooftop solar coupler
EQ-6067,C-1229,X-5000,SN-X5000-89596,2024/01/09,250,240V,2026-01-08T00:00:00Z,Standby,Underground vault 4
EQ-7206,C-1335,X-9000,SN-X9000-36383,12-11-2021,1000,480V,2024-12-10,Maintenance,Primary power grid node
EQ-7213,C-1392,X-3000,SN-X3000-10858,01/04/2022,100,120V,2025-01-03,IN SERVICE,Substation B switchgear bay
EQ-5241,C-1168,X-9000,SN-X9000-65404,2023/03/20,1000,480V,2026-03-19,Maintenance,Primary power grid node
EQ-5886,C-1246,X-3000,SN-X3000-96497,2022-10-19,100,120V,10/18/2024,Standby,Primary power grid node
EQ-5905,C-1180,X-9000,SN-X9000-29030,06/05/2023,1000,480V,06/04/2024,In Service,Rooftop solar coupler
EQ-5128,C-1423,X-12000,SN-X12000-70986,2022/10/04,1500,600V,2025-10-03T00:00:00Z,In Service,Rooftop solar coupler
EQ-6983,C-1025,X-12000,SN-X12000-33234,2023/12/28,1500,600V,2025/12/27,Maintenance,Rooftop solar coupler
EQ-5272,C-1485,X-9000,SN-X9000-41722,10-29-2023,1000,480V,2026-10-28,IN SERVICE,<html><body>Backup unit near loading dock</body></html>
EQ-6550,C-1364,X-9000,SN-X9000-20489,11-24-2023,1000,480V,2024-11-23T00:00:00Z,In Service,Backup unit near loading dock
EQ-5109,C-1118,X-7000,SN-X7000-78529,10-29-2021,500,480V,10/29/2022,Standby,Substation B switchgear bay
EQ-5532,C-1440,X-12000,SN-X12000-40059,11-28-2021,1500,600V,2023/11/28,In Service,<html>Substation B switchgear bay</html>
EQ-5727,C-1326,X-7000,SN-X7000-17346,09-08-2021,500,480V,2022/09/08,IN SERVICE,
EQ-6183,C-1298,X-5000,SN-X5000-94206,10/22/2022,250,240V,10/22/2023,Standby,Substation B switchgear bay
EQ-5340,C-1427,X-7000,SN-X7000-82116,04/13/2024,500,480V,2025-04-13T00:00:00Z,Standby,Substation B switchgear bay
EQ-5696,C-1049,X-12000,SN-X12000-27282,2023/09/14,1500,600V,09-13-2026,Maintenance,Underground vault 4
EQ-5552,C-1217,X-9000,SN-X9000-63799,07-12-2021,1000,480V,07-12-2023,Maintenance,High humidity bay installation
EQ-5798,C-1121,X-9000,SN-X9000-11263,2022-11-06,1000,480V,11-05-2025,Maintenance,Backup unit near loading dock
EQ-6628,C-1395,X-9000,SN-X9000-58650,2022-11-01,1000,480V,10/31/2025,Maintenance,
EQ-5782,C-1336,X-3000,SN-X3000-79575,2023-11-23,100,120V,2024-11-22,Maintenance,Underground vault 4
EQ-5078,C-1451,X-7000,SN-X7000-86595,2023-01-29T00:00:00Z,500,480V,01-28-2026,Maintenance,Underground vault 4
EQ-6881,C-1325,X-5000,SN-X5000-34366,09/13/2023,250,240V,2024-09-12,Maintenance,Substation B switchgear bay
EQ-5615,C-1486,X-9000,SN-X9000-17075,2022-03-29T00:00:00Z,1000,480V,03-29-2023,Standby,Primary power grid node
EQ-6690,C-1519,X-5000,SN-X5000-82825,2022-11-19,250,240V,2025-11-18T00:00:00Z,IN SERVICE,<div>Backup unit near loading dock</div>
EQ-6909,C-1372,X-12000,SN-X12000-88573,05/11/2022,1500,600V,05/10/2024,In Service,Rooftop solar coupler
EQ-5007,C-1446,X-7000,SN-X7000-61903,03/05/2022,500,480V,03-04-2024,In Service,Underground vault 4
EQ-7490,C-1092,X-12000,SN-X12000-36116,02/11/2024,1500,600V,2027/02/10,Decommissioned,Primary power grid node
EQ-5775,C-1050,X-9000,SN-X9000-59914,11-21-2022,1000,480V,2025-11-20,Decommissioned,Primary power grid node
EQ-5270,C-1236,X-12000,SN-X12000-82432,03-26-2023,1500,600V,03/25/2024,IN SERVICE,Primary power grid node
EQ-5332,C-1268,X-7000,SN-X7000-54588,2023/06/07,500,480V,06/06/2025,In Service,Substation B switchgear bay
EQ-5141,C-1284,X-12000,SN-X12000-69594,2024-04-27,1500,600V,04-27-2026,Maintenance,Primary power grid node
EQ-5262,C-1204,X-7000,SN-X7000-46506,2022-09-23T00:00:00Z,500,480V,09/22/2025,Maintenance,Underground vault 4
EQ-7005,C-1126,X-12000,SN-X12000-79856,10-13-2023,1500,600V,2026/10/12,Decommissioned,Rooftop solar coupler
EQ-6346,C-1128,X-5000,SN-X5000-49030,04/21/2023,250,240V,04/20/2024,Standby,<p>Backup unit near loading dock</p>
EQ-6108,C-1175,X-7000,SN-X7000-24900,12/24/2022,500,480V,2023-12-24T00:00:00Z,Decommissioned,Rooftop solar coupler
EQ-6297,C-1323,X-7000,SN-X7000-37324,01/19/2022,500,480V,01/19/2024,In Service,<html><body>Rooftop solar coupler</body></html>
EQ-7111,C-1098,X-5000,SN-X5000-58285,12/07/2021,250,240V,12/07/2023,In Service,Substation B switchgear bay
EQ-6672,C-1226,X-7000,SN-X7000-28260,2021-09-27T00:00:00Z,500,480V,2022-09-27T00:00:00Z,In Service,Primary power grid node
EQ-5740,C-1031,X-9000,SN-X9000-49941,01-24-2024,1000,480V,2027-01-23,Maintenance,NULL
EQ-6847,C-1071,X-7000,SN-X7000-20416,04-28-2023,500,480V,04/27/2025,IN SERVICE,Substation B switchgear bay
EQ-5247,C-1072,X-5000,SN-X5000-99526,2024-01-06,250,240V,2025-01-05,Standby,Rooftop solar coupler
EQ-6490,C-1282,X-3000,SN-X3000-93069,02/01/2024,100,120V,01-31-2025,in service,
EQ-7236,C-1259,X-3000,SN-X3000-44861,03/31/2023,100,120V,03-30-2026,Standby,Substation B switchgear bay
EQ-7195,C-1427,X-7000,SN-X7000-45407,01-16-2022,500,480V,01-16-2024,Standby,Primary power grid node
EQ-6953,C-1170,X-9000,SN-X9000-39156,2022/09/26,1000,480V,2025/09/25,IN SERVICE,Underground vault 4
EQ-7095,C-1497,X-9000,SN-X9000-26865,2023-05-25T00:00:00Z,1000,480V,2026-05-24,In Service,   
EQ-6237,C-1450,X-9000,SN-X9000-39740,04/01/2021,1000,480V,04/01/2023,in service,Underground vault 4
EQ-5802,C-1206,X-9000,SN-X9000-44339,2023-03-01,1000,480V,02/29/2024,Decommissioned,<b>Substation B switchgear bay</b>
EQ-7399,C-1101,X-3000,SN-X3000-59052,2024-04-23T00:00:00Z,100,120V,2025-04-23T00:00:00Z,Decommissioned,High humidity bay installation
EQ-5005,C-1403,X-5000,SN-X5000-24136,2023-08-11,250,240V,08/10/2025,in service,Substation B switchgear bay
EQ-5582,C-1252,X-12000,SN-X12000-16208,12/15/2023,1500,600V,12-14-2025,Maintenance,Substation B switchgear bay
EQ-6084,C-1035,X-12000,SN-X12000-88401,2021-09-06,1500,600V,2023-09-06T00:00:00Z,Decommissioned,Underground vault 4
EQ-5563,C-1303,X-12000,SN-X12000-50601,12/18/2021,1500,600V,2022-12-18T00:00:00Z,Standby,Substation B switchgear bay
EQ-7006,C-1477,X-7000,SN-X7000-66607,06/16/2021,500,480V,2022-06-16T00:00:00Z,IN SERVICE,Backup unit near loading dock
EQ-6949,C-1436,X-9000,SN-X9000-69325,04/04/2022,1000,480V,2023-04-04,in service,Primary power grid node
EQ-6468,C-1156,X-3000,SN-X3000-92805,2024-02-21T00:00:00Z,100,120V,2026-02-20,In Service,Rooftop solar coupler
EQ-6926,C-1090,X-12000,SN-X12000-85548,07/23/2023,1500,600V,2026/07/22,Maintenance,<b>Primary power grid node</b>
EQ-7365,C-1352,X-12000,SN-X12000-28482,2023/05/02,1500,600V,2024-05-01T00:00:00Z,Maintenance,Substation B switchgear bay
EQ-7268,C-1239,X-5000,SN-X5000-61555,04-04-2024,250,240V,2026-04-04,IN SERVICE,Rooftop solar coupler
EQ-6404,C-1236,X-7000,SN-X7000-33755,06/27/2024,500,480V,06/27/2027,IN SERVICE,Primary power grid node
EQ-7000,C-1213,X-9000,SN-X9000-88710,04/12/2021,1000,480V,2024-04-11T00:00:00Z,Standby,High humidity bay installation
EQ-6014,C-1247,X-5000,SN-X5000-66084,2021-06-18T00:00:00Z,250,240V,2023-06-18T00:00:00Z,Maintenance,Rooftop solar coupler
EQ-6032,C-1091,X-7000,,2023/10/06,500,480V,2025/10/05,Decommissioned,<html><body>Substation B switchgear bay</body></html>
EQ-6325,C-1379,X-5000,SN-X5000-95840,2024/04/25,250,240V,04/25/2026,Standby,Backup unit near loading dock
EQ-6079,C-1260,X-5000,SN-X5000-14528,02-16-2023,250,240V,02/15/2026,in service,Backup unit near loading dock
EQ-6414,C-1415,X-12000,SN-X12000-97420,2023-05-13T00:00:00Z,1500,600V,2026-05-12T00:00:00Z,Maintenance,Rooftop solar coupler
EQ-7145,C-1143,X-12000,SN-X12000-87794,03/31/2022,1500,600V,03/30/2024,Maintenance,Underground vault 4
EQ-5613,C-1242,X-12000,SN-X12000-52539,11/06/2021,1500,600V,2022-11-06,In Service,Underground vault 4
EQ-6173,C-1325,X-12000,SN-X12000-91210,08-02-2023,1500,600V,08/01/2025,in service,Primary power grid node
EQ-6073,C-1386,X-7000,SN-X7000-18553,08/15/2023,500,480V,2026-08-14T00:00:00Z,IN SERVICE,Backup unit near loading dock
EQ-5080,C-1453,X-12000,SN-X12000-19078,01-31-2023,1500,600V,01/30/2025,IN SERVICE,Underground vault 4
EQ-5423,C-1036,X-5000,SN-X5000-83635,12/13/2023,250,240V,12/12/2025,In Service,Underground vault 4
EQ-5701,C-1411,X-12000,SN-X12000-61857,2022/12/19,1500,600V,2024/12/18,Decommissioned,Underground vault 4
EQ-6764,C-1303,X-5000,SN-X5000-14295,2021/09/15,250,240V,09-15-2022,In Service,Backup unit near loading dock
EQ-5098,C-1436,X-7000,SN-X7000-57896,08/22/2023,500,480V,2026/08/21,In Service,Substation B switchgear bay
EQ-5064,C-1488,X-9000,SN-X9000-58600,01/22/2022,1000,480V,01-22-2024,in service,Underground vault 4
EQ-6851,C-1196,X-3000,SN-X3000-48019,10-11-2022,100,120V,2025-10-10T00:00:00Z,Standby,High humidity bay installation
EQ-7013,C-1307,X-7000,SN-X7000-88410,03/02/2024,500,480V,03/02/2026,Standby,Primary power grid node
EQ-6826,C-1337,X-12000,SN-X12000-83463,2021-06-10,1500,600V,2022-06-10T00:00:00Z,Decommissioned,Substation B switchgear bay
EQ-6160,C-1178,X-9000,SN-X9000-28715,08/25/2023,1000,480V,2026-08-24,Standby,Backup unit near loading dock
EQ-5427,C-1385,X-3000,SN-X3000-18679,2023-05-09,100,120V,05-08-2026,In Service,   
EQ-6295,C-1274,X-5000,SN-X5000-97793,12/20/2021,250,240V,12/20/2023,In Service,Primary power grid node
EQ-5558,C-1304,X-12000,   ,2024-02-23,1500,600V,2027-02-22,Maintenance,Primary power grid node
EQ-5979,C-1220,X-5000,SN-X5000-79944,2021/09/07,250,240V,09/07/2023,Standby,Rooftop solar coupler
EQ-5224,C-1152,X-5000,NULL,2021-09-03,250,240V,09-03-2023,Maintenance,Underground vault 4
EQ-7136,C-1425,X-5000,SN-X5000-42413,2023-05-30,250,240V,2025/05/29,Standby,High humidity bay installation
EQ-6876,C-1170,X-3000,SN-X3000-64645,09/08/2023,100,120V,2026-09-07,IN SERVICE,Backup unit near loading dock
EQ-5844,C-1242,X-3000,SN-X3000-80849,2023-05-20,100,120V,05/19/2026,In Service,Underground vault 4
EQ-5468,C-1007,X-7000,SN-X7000-87112,08-13-2023,500,480V,08/12/2025,in service,Underground vault 4
EQ-5145,C-1149,X-7000,SN-X7000-89909,06/06/2023,500,480V,2025-06-05,Maintenance,NULL
EQ-6276,C-1495,X-5000,SN-X5000-71358,12-14-2023,250,240V,2025-12-13T00:00:00Z,Decommissioned,Primary power grid node
EQ-5411,C-1328,X-3000,SN-X3000-35437,2023-03-03T00:00:00Z,100,120V,03/02/2025,IN SERVICE,Rooftop solar coupler
EQ-6412,C-1097,X-7000,SN-X7000-52299,2021/10/14,500,480V,2023-10-14,Maintenance,High humidity bay installation
EQ-6163,C-1224,X-9000,SN-X9000-23513,2023-01-06T00:00:00Z,1000,480V,01/06/2024,in service,<div>High humidity bay installation</div>
EQ-5926,C-1095,X-5000,SN-X5000-17816,2022-03-27,250,240V,2023-03-27,Standby,Backup unit near loading dock
EQ-6049,C-1007,X-3000,SN-X3000-41965,2024/06/24,100,120V,06/24/2026,Maintenance,Rooftop solar coupler
EQ-5902,C-1448,X-7000,SN-X7000-27688,2022-06-11,500,480V,2024/06/10,IN SERVICE,Backup unit near loading dock
EQ-6917,C-1154,X-9000,SN-X9000-40819,2024-01-29,1000,480V,01/28/2026,In Service,Primary power grid node
EQ-6760,C-1022,X-3000,SN-X3000-32354,2021-06-20,100,120V,2023/06/20,Maintenance,NULL
EQ-6184,C-1124,X-7000,SN-X7000-36884,2022-04-27T00:00:00Z,500,480V,2025-04-26T00:00:00Z,In Service,Rooftop solar coupler
EQ-5827,C-1277,X-3000,SN-X3000-74919,07/03/2023,100,120V,07/02/2025,Standby,Underground vault 4
EQ-5377,C-1301,X-9000,SN-X9000-52184,10-31-2023,1000,480V,2024-10-30,Standby,<b>High humidity bay installation</b>
EQ-6070,C-1207,X-5000,SN-X5000-37879,2021-12-29,250,240V,12/29/2022,Decommissioned,Rooftop solar coupler
EQ-5847,C-1365,X-5000,,01/21/2022,250,240V,01/21/2023,Standby,Rooftop solar coupler
EQ-6396,C-1047,X-5000,SN-X5000-35180,2023-08-27,250,240V,2025/08/26,In Service,Rooftop solar coupler
EQ-7001,C-1120,X-5000,SN-X5000-53616,2021-05-26,250,240V,2022/05/26,Maintenance,High humidity bay installation
EQ-6890,C-1019,X-3000,SN-X3000-57192,12/24/2023,100,120V,2026/12/23,Standby,<html>Primary power grid node</html>
EQ-7457,C-1027,X-9000,SN-X9000-76820,03-08-2022,1000,480V,2023-03-08T00:00:00Z,Maintenance,<p>Primary power grid node</p>
EQ-5629,C-1174,X-12000,SN-X12000-38683,06/28/2022,1500,600V,2024-06-27,in service,Primary power grid node
EQ-7225,C-1417,X-7000,SN-X7000-70325,04/09/2023,500,480V,2025-04-08,Decommissioned,Primary power grid node
EQ-6751,C-1012,X-7000,SN-X7000-30398,2022/09/09,500,480V,2024-09-08T00:00:00Z,IN SERVICE,High humidity bay installation
EQ-5987,C-1468,X-12000,SN-X12000-20653,2021/05/04,1500,600V,05-03-2024,Maintenance,Substation B switchgear bay
EQ-7247,C-1226,X-9000,SN-X9000-34439,09-10-2021,1000,480V,2023-09-10,Maintenance,Underground vault 4
EQ-6132,C-1418,X-7000,SN-X7000-65882,2024-02-14T00:00:00Z,500,480V,02-13-2026,in service,<strong>Rooftop solar coupler</strong>
EQ-6686,C-1298,X-5000,SN-X5000-76678,11-30-2022,250,240V,11-30-2023,Decommissioned,Primary power grid node
EQ-7157,C-1387,X-12000,SN-X12000-15182,2022-05-12T00:00:00Z,1500,600V,2025-05-11,IN SERVICE,Backup unit near loading dock
EQ-5425,C-1268,X-3000,SN-X3000-31527,2023-12-06T00:00:00Z,100,120V,2024/12/05,In Service,Primary power grid node
EQ-6574,C-1022,X-7000,SN-X7000-45597,08/15/2021,500,480V,08/15/2023,in service,
EQ-6063,C-1152,X-3000,SN-X3000-75149,2021/10/10,100,120V,2023-10-10T00:00:00Z,Maintenance,<strong>Primary power grid node</strong>
EQ-5305,C-1370,X-5000,SN-X5000-74469,06/21/2023,250,240V,06-20-2026,IN SERVICE,Rooftop solar coupler
EQ-5556,C-1336,X-5000,SN-X5000-32925,2022/02/06,250,240V,02/06/2024,decommissioned,Rooftop solar coupler
EQ-5023,C-1330,X-12000,SN-X12000-54272,12/10/2022,1500,600V,12-09-2024,Maintenance,Primary power grid node
EQ-5286,C-1162,X-3000,SN-X3000-59469,2022/01/04,100,120V,01/04/2023,in service,Rooftop solar coupler
EQ-5522,C-1021,X-3000,SN-X3000-72900,06-13-2024,100,120V,2026/06/13,IN SERVICE,Backup unit near loading dock
EQ-7384,C-1279,X-9000,SN-X9000-12852,2022/10/08,1000,480V,10/08/2023,Decommissioned,High humidity bay installation
EQ-7218,C-1474,X-9000,SN-X9000-38387,2024-01-13,1000,480V,2025-01-12,in service,   
EQ-7434,C-1389,X-3000,SN-X3000-83757,12/16/2022,100,120V,12/15/2025,in service,Substation B switchgear bay
EQ-6750,C-1298,X-12000,SN-X12000-28003,2022/10/07,1500,600V,10/06/2024,Maintenance,Primary power grid node
EQ-7461,C-1260,X-3000,SN-X3000-67397,12/28/2023,100,120V,12/27/2026,Maintenance,Primary power grid node
EQ-5736,C-1228,X-9000,SN-X9000-14725,2022-07-06T00:00:00Z,1000,480V,2025-07-05T00:00:00Z,IN SERVICE,High humidity bay installation
EQ-5752,C-1481,X-3000,SN-X3000-60890,2022-03-30T00:00:00Z,100,120V,2025/03/29,Decommissioned,Rooftop solar coupler
EQ-6940,C-1479,X-12000,SN-X12000-99686,04-23-2024,1500,600V,04/23/2026,Decommissioned,Underground vault 4
EQ-5430,C-1289,X-5000,NULL,12/23/2021,250,240V,2024/12/22,IN SERVICE,High humidity bay installation
EQ-7279,C-1150,X-3000,SN-X3000-26682,09-26-2023,100,120V,2025-09-25T00:00:00Z,Maintenance,Backup unit near loading dock
EQ-5925,C-1255,X-3000,SN-X3000-79070,2022/09/14,100,120V,09/14/2023,IN SERVICE,Rooftop solar coupler
EQ-6656,C-1514,X-3000,SN-X3000-17019,10/21/2023,100,120V,10/20/2025,In Service,Primary power grid node
EQ-5816,C-1112,X-3000,SN-X3000-52957,08/03/2021,100,120V,2022/08/03,in service,<p>Backup unit near loading dock</p>
EQ-6122,C-1093,X-12000,SN-X12000-95939,2021/10/19,1500,600V,2024-10-18,IN SERVICE,Primary power grid node
EQ-6066,C-1262,X-3000,SN-X3000-66980,12-07-2022,100,120V,2025/12/06,Maintenance,Substation B switchgear bay
EQ-5147,C-1176,X-9000,SN-X9000-78679,04/01/2022,1000,480V,2025-03-31,in service,Underground vault 4
EQ-5306,C-1499,X-7000,SN-X7000-88378,2023-01-30,500,480V,01/29/2026,Maintenance,<html>Primary power grid node</html>
EQ-6299,C-1518,X-12000,SN-X12000-78986,07/25/2022,1500,600V,2023-07-25,Decommissioned,Rooftop solar coupler
EQ-6251,C-1475,X-9000,SN-X9000-60581,11-18-2023,1000,480V,2025-11-17T00:00:00Z,in service,Substation B switchgear bay
EQ-6199,C-1443,X-9000,SN-X9000-89324,08/25/2021,1000,480V,2022/08/25,Decommissioned,Primary power grid node
EQ-6541,C-1252,X-12000,SN-X12000-69702,2023-04-22T00:00:00Z,1500,600V,04/21/2025,Decommissioned,Primary power grid node
EQ-7105,C-1421,X-12000,SN-X12000-38332,2024-04-04T00:00:00Z,1500,600V,2025/04/04,in service,Rooftop solar coupler
EQ-5074,C-1226,X-3000,SN-X3000-14205,01-28-2024,100,120V,01/27/2026,Decommissioned,<b>Rooftop solar coupler</b>
EQ-5325,C-1198,X-7000,SN-X7000-75095,2022-06-12,500,480V,06/11/2025,Standby,Substation B switchgear bay
EQ-5551,C-1151,X-12000,SN-X12000-33452,07-06-2021,1500,600V,07/06/2023,Maintenance,Rooftop solar coupler
EQ-5257,C-1019,X-5000,SN-X5000-72831,2024-02-08T00:00:00Z,250,240V,2026-02-07T00:00:00Z,Standby,Underground vault 4
EQ-5857,C-1238,X-3000,SN-X3000-30672,11-27-2021,100,120V,2022/11/27,Decommissioned,Substation B switchgear bay
EQ-5350,C-1126,X-9000,SN-X9000-29265,2021-12-09T00:00:00Z,1000,480V,12/09/2023,in service,Rooftop solar coupler
EQ-5539,C-1309,X-3000,SN-X3000-24804,08/22/2022,100,120V,08/21/2024,Standby,Substation B switchgear bay
EQ-6860,C-1044,X-3000,SN-X3000-64382,2021/08/15,100,120V,2024-08-14T00:00:00Z,Maintenance,Backup unit near loading dock
EQ-7309,C-1507,X-9000,SN-X9000-81676,2021-07-08T00:00:00Z,1000,480V,2023/07/08,Decommissioned,Rooftop solar coupler
EQ-6129,C-1097,X-12000,SN-X12000-23719,2021-09-04,1500,600V,09/04/2023,In Service,High humidity bay installation
EQ-7468,C-1263,X-3000,SN-X3000-73552,01/16/2023,100,120V,01-15-2026,Maintenance,Primary power grid node
EQ-5190,C-1409,X-3000,SN-X3000-18229,2024/01/07,100,120V,2026-01-06,Standby,Primary power grid node
EQ-5054,C-1287,X-5000,SN-X5000-69777,2022-03-30,250,240V,03/30/2023,Decommissioned,High humidity bay installation
EQ-5393,C-1444,X-12000,SN-X12000-12948,07/07/2022,1500,600V,2025-07-06T00:00:00Z,In Service,High humidity bay installation
EQ-7380,C-1237,X-12000,SN-X12000-52959,02/26/2022,1500,600V,2023-02-26T00:00:00Z,Decommissioned,Rooftop solar coupler
EQ-5858,C-1099,X-3000,SN-X3000-18640,03/07/2022,100,120V,03/07/2023,Standby,Underground vault 4
EQ-6362,C-1482,X-9000,SN-X9000-59856,04-26-2021,1000,480V,04/26/2023,Standby,Substation B switchgear bay
EQ-7281,C-1166,X-5000,SN-X5000-33492,11-04-2023,250,240V,2026-11-03,In Service,Backup unit near loading dock
EQ-5171,C-1511,X-12000,NULL,10-16-2021,1500,600V,2022-10-16,In Service,Primary power grid node
EQ-5214,C-1207,X-5000,SN-X5000-15556,06/26/2021,250,240V,2022-06-26T00:00:00Z,IN SERVICE,Backup unit near loading dock
EQ-5745,C-1496,X-7000,SN-X7000-38621,06/26/2021,500,480V,06/26/2022,Decommissioned,High humidity bay installation
EQ-5045,C-1085,X-5000,SN-X5000-54884,11/26/2022,250,240V,11-25-2025,Maintenance,High humidity bay installation
EQ-7423,C-1343,X-12000,SN-X12000-66264,02/04/2023,1500,600V,2026-02-03,Standby,Rooftop solar coupler
EQ-6289,C-1154,X-7000,SN-X7000-93956,2021-11-21,500,480V,2022-11-21,in service,<html><body>Primary power grid node</body></html>
EQ-6638,C-1349,X-12000,SN-X12000-86507,05/15/2024,1500,600V,2026/05/15,IN SERVICE,Rooftop solar coupler
EQ-6864,C-1102,X-7000,SN-X7000-91987,2022-08-16T00:00:00Z,500,480V,08/15/2024,Standby,High humidity bay installation
EQ-6028,C-1422,X-7000,SN-X7000-30045,11-16-2022,500,480V,2023/11/16,in service,Backup unit near loading dock
EQ-5136,C-1130,X-5000,SN-X5000-94833,2021-09-15,250,240V,2023-09-15T00:00:00Z,Maintenance,
EQ-6151,C-1140,X-9000,SN-X9000-22147,2022-12-03T00:00:00Z,1000,480V,12-02-2025,In Service,<strong>Primary power grid node</strong>
EQ-5754,C-1335,X-5000,SN-X5000-96311,2022/04/05,250,240V,04/05/2023,Decommissioned,Backup unit near loading dock
EQ-5726,C-1289,X-7000,SN-X7000-67349,08-23-2023,500,480V,08/22/2024,Maintenance,
EQ-6284,C-1043,X-9000,SN-X9000-22312,2023/08/23,1000,480V,2024-08-22,Standby,Substation B switchgear bay
EQ-7282,C-1090,X-7000,SN-X7000-93438,2022-08-25T00:00:00Z,500,480V,08/24/2025,In Service,Rooftop solar coupler
EQ-6044,C-1099,X-3000,SN-X3000-15377,11/27/2021,100,120V,11/26/2024,Maintenance,Substation B switchgear bay
EQ-5877,C-1079,X-7000,SN-X7000-16029,2022/12/17,500,480V,12/16/2025,IN SERVICE,Backup unit near loading dock
EQ-5898,C-1239,X-9000,SN-X9000-39713,2023-11-15T00:00:00Z,1000,480V,11/14/2024,In Service,Primary power grid node
EQ-6781,C-1182,X-5000,SN-X5000-65551,2023-10-01T00:00:00Z,250,240V,2025/09/30,Decommissioned,Substation B switchgear bay
EQ-7379,C-1282,X-3000,SN-X3000-96464,2024-01-03T00:00:00Z,100,120V,01/02/2026,IN SERVICE,Backup unit near loading dock
EQ-5593,C-1003,X-9000,SN-X9000-53989,02-10-2024,1000,480V,02/09/2026,In Service,<html><body>Rooftop solar coupler</body></html>
EQ-5895,C-1440,X-5000,SN-X5000-99619,07/14/2021,250,240V,07-13-2024,Decommissioned,High humidity bay installation
EQ-6685,C-1046,X-7000,SN-X7000-40851,11/15/2023,500,480V,2024/11/14,In Service,NULL
EQ-7431,C-1351,X-12000,SN-X12000-76542,2024-01-25,1500,600V,01-24-2025,In Service,Underground vault 4
EQ-6007,C-1079,X-12000,SN-X12000-92603,04/12/2022,1500,600V,2025/04/11,in service,High humidity bay installation
EQ-5478,C-1149,X-7000,SN-X7000-27782,2023-05-17T00:00:00Z,500,480V,2024-05-16,Decommissioned,Primary power grid node
EQ-6608,C-1081,X-7000,SN-X7000-20314,02/15/2022,500,480V,2024-02-15T00:00:00Z,in service,
EQ-7446,C-1338,X-12000,SN-X12000-77591,2021/07/15,1500,600V,2023-07-15,In Service,Primary power grid node
EQ-6144,C-1177,X-9000,SN-X9000-25279,2024-05-17,1000,480V,2025-05-17T00:00:00Z,Maintenance,Rooftop solar coupler
EQ-6496,C-1217,X-3000,SN-X3000-69505,02/26/2023,100,120V,2025/02/25,Decommissioned,Backup unit near loading dock
EQ-7342,C-1358,X-5000,SN-X5000-42975,03/18/2023,250,240V,2024/03/17,in service,Rooftop solar coupler
EQ-6552,C-1068,X-9000,,04-13-2024,1000,480V,04/13/2025,in service,Rooftop solar coupler
EQ-5287,C-1387,X-9000,SN-X9000-94849,02/29/2024,1000,480V,2026/02/28,Decommissioned,Substation B switchgear bay
EQ-6824,C-1313,X-12000,SN-X12000-33055,2023/11/02,1500,600V,11/01/2025,Decommissioned,Rooftop solar coupler
EQ-5317,C-1365,X-12000,SN-X12000-10975,03-03-2022,1500,600V,03/02/2024,Maintenance,<strong>Primary power grid node</strong>
EQ-5950,C-1048,X-3000,   ,2023-08-20T00:00:00Z,100,120V,08/19/2024,Maintenance,Backup unit near loading dock
EQ-6261,C-1472,X-5000,SN-X5000-16423,02-25-2024,250,240V,2026-02-24T00:00:00Z,Decommissioned,High humidity bay installation
EQ-5761,C-1113,X-9000,SN-X9000-41990,2022-07-10T00:00:00Z,1000,480V,2023-07-10T00:00:00Z,Decommissioned,Backup unit near loading dock
EQ-5177,C-1173,X-7000,SN-X7000-20888,2023-03-28T00:00:00Z,500,480V,2026/03/27,Maintenance,Primary power grid node
EQ-5758,C-1099,X-3000,SN-X3000-10279,2021-08-06T00:00:00Z,100,120V,08-06-2022,in service,Backup unit near loading dock
EQ-5464,C-1112,X-3000,SN-X3000-21421,2021-06-12T00:00:00Z,100,120V,2023-06-12,IN SERVICE,Rooftop solar coupler
EQ-5883,C-1036,X-7000,SN-X7000-14784,2023/07/25,500,480V,07-24-2024,Decommissioned,High humidity bay installation
EQ-7374,C-1024,X-3000,SN-X3000-48137,12-22-2021,100,120V,12/22/2023,IN SERVICE,Underground vault 4
EQ-5666,C-1239,X-12000,SN-X12000-42481,02-17-2022,1500,600V,02/17/2024,In Service,   
EQ-6401,C-1069,X-3000,SN-X3000-64595,10-14-2022,100,120V,2023/10/14,Decommissioned,Substation B switchgear bay
EQ-6386,C-1087,X-9000,SN-X9000-55620,04/22/2022,1000,480V,04/21/2025,Standby,Backup unit near loading dock
EQ-5432,C-1140,X-12000,SN-X12000-18802,05/05/2022,1500,600V,05-05-2023,IN SERVICE,Rooftop solar coupler
EQ-7183,C-1431,X-3000,SN-X3000-25397,01/24/2024,100,120V,01-23-2026,Maintenance,
EQ-7118,C-1166,X-7000,SN-X7000-23913,2021/08/02,500,480V,08/01/2024,In Service,Primary power grid node
EQ-7274,C-1493,X-12000,SN-X12000-46243,04-30-2021,1500,600V,2022-04-30T00:00:00Z,In Service,Underground vault 4
EQ-6523,C-1182,X-7000,SN-X7000-97738,07-30-2023,500,480V,07/29/2024,Standby,   
EQ-5238,C-1189,X-5000,SN-X5000-35035,05/19/2021,250,240V,05/19/2022,In Service,<p>High humidity bay installation</p>
EQ-7050,C-1328,X-12000,SN-X12000-77994,03/14/2022,1500,600V,2025-03-13T00:00:00Z,In Service,Substation B switchgear bay
EQ-5693,C-1071,X-3000,SN-X3000-32115,09/08/2023,100,120V,2024/09/07,Standby,<html><body>Primary power grid node</body></html>
EQ-5158,C-1340,X-3000,SN-X3000-59811,02/08/2022,100,120V,02/08/2024,Decommissioned,Primary power grid node
EQ-5957,C-1083,X-12000,SN-X12000-66792,10-16-2022,1500,600V,10/16/2023,Decommissioned,High humidity bay installation
EQ-7227,C-1485,X-3000,SN-X3000-13148,2021/07/06,100,120V,07/06/2023,Decommissioned,Underground vault 4
EQ-5770,C-1010,X-3000,SN-X3000-52424,2023-10-05T00:00:00Z,100,120V,10/04/2024,in service,Substation B switchgear bay
EQ-7308,C-1071,X-5000,SN-X5000-93628,08-28-2022,250,240V,2024-08-27,Maintenance,Rooftop solar coupler
EQ-5259,C-1461,X-9000,SN-X9000-49779,2024/04/01,1000,480V,2027-04-01T00:00:00Z,in service,High humidity bay installation
EQ-5391,C-1165,X-9000,SN-X9000-56488,05/06/2023,1000,480V,05/05/2025,In Service,Backup unit near loading dock
EQ-6465,C-1154,X-7000,SN-X7000-26974,12/28/2021,500,480V,12/27/2024,Standby,   
EQ-5056,C-1067,X-3000,SN-X3000-93087,2021/08/28,100,120V,08/28/2022,Maintenance,<html>Primary power grid node</html>
EQ-6499,C-1225,X-7000,SN-X7000-18981,2022-02-08,500,480V,02-07-2025,Standby,Underground vault 4
EQ-6518,C-1059,X-7000,SN-X7000-15960,2023-12-28T00:00:00Z,500,480V,12/27/2024,Maintenance,Backup unit near loading dock
EQ-6477,C-1383,X-3000,SN-X3000-72158,06/15/2022,100,120V,06/14/2025,In Service,Substation B switchgear bay
EQ-6727,C-1253,X-5000,SN-X5000-68046,2021-10-18,250,240V,10/17/2024,Maintenance,Rooftop solar coupler
EQ-5685,C-1077,X-12000,SN-X12000-97163,2022/04/13,1500,600V,04/13/2023,Standby,High humidity bay installation
EQ-5302,C-1198,X-9000,SN-X9000-87554,12/07/2022,1000,480V,12/06/2024,In Service,Backup unit near loading dock
EQ-6576,C-1210,X-9000,SN-X9000-46146,2022/03/16,1000,480V,2023-03-16T00:00:00Z,IN SERVICE,Underground vault 4
EQ-7312,C-1287,X-12000,SN-X12000-95953,2022-07-26,1500,600V,2023/07/26,Decommissioned,Backup unit near loading dock
EQ-5598,C-1436,X-3000,SN-X3000-92853,2023-06-27,100,120V,2024/06/26,Standby,High humidity bay installation
EQ-5791,C-1302,X-12000,SN-X12000-82834,01/18/2023,1500,600V,01/17/2026,In Service,High humidity bay installation
EQ-7191,C-1465,X-5000,SN-X5000-26183,2021-08-28,250,240V,2023-08-28T00:00:00Z,in service,Primary power grid node
EQ-7275,C-1190,X-3000,SN-X3000-30922,08-04-2021,100,120V,2022-08-04,in service,Substation B switchgear bay
EQ-5608,C-1041,X-3000,SN-X3000-48898,06/11/2022,100,120V,06-10-2025,in service,Rooftop solar coupler
EQ-7406,C-1481,X-9000,SN-X9000-98201,08-22-2022,1000,480V,2023-08-22,Maintenance,Primary power grid node
EQ-6614,C-1268,X-12000,SN-X12000-75663,2023/04/05,1500,600V,2026-04-04,Standby,Rooftop solar coupler
EQ-6250,C-1508,X-7000,SN-X7000-28939,12/26/2023,500,480V,12/25/2024,in service,High humidity bay installation
EQ-6759,C-1012,X-12000,SN-X12000-10362,11/29/2021,1500,600V,11/29/2023,In Service,Underground vault 4
EQ-5510,C-1341,X-3000,NULL,08/16/2023,100,120V,08/15/2026,In Service,Substation B switchgear bay
EQ-6341,C-1223,X-5000,SN-X5000-43728,2021-10-25T00:00:00Z,250,240V,2022-10-25,Maintenance,Primary power grid node
EQ-5216,C-1126,X-5000,SN-X5000-86380,01-02-2024,250,240V,2025-01-01T00:00:00Z,in service,Underground vault 4
EQ-5713,C-1148,X-7000,,12-27-2021,500,480V,2022-12-27T00:00:00Z,In Service,Backup unit near loading dock
EQ-6333,C-1495,X-12000,SN-X12000-50848,2022/06/04,1500,600V,2024-06-03T00:00:00Z,IN SERVICE,Primary power grid node
EQ-6944,C-1354,X-7000,SN-X7000-27662,2023-06-03,500,480V,2024-06-02,Decommissioned,Rooftop solar coupler
EQ-7348,C-1469,X-5000,SN-X5000-42627,2023/02/12,250,240V,02/12/2024,IN SERVICE,High humidity bay installation
EQ-5449,C-1241,X-5000,SN-X5000-81299,07/02/2023,250,240V,07/01/2025,Maintenance,<html>Rooftop solar coupler</html>
EQ-5113,C-1163,X-3000,SN-X3000-25397,2022-08-02T00:00:00Z,100,120V,2024/08/01,Decommissioned,Underground vault 4
EQ-7036,C-1300,X-3000,SN-X3000-38419,02/18/2024,100,120V,2026/02/17,IN SERVICE,High humidity bay installation
EQ-5011,C-1472,X-12000,SN-X12000-39057,2022-03-31,1500,600V,2023-03-31T00:00:00Z,in service,High humidity bay installation
EQ-6234,C-1385,X-12000,SN-X12000-23925,2024-06-24T00:00:00Z,1500,600V,06/24/2025,Standby,Backup unit near loading dock
EQ-5107,C-1462,X-12000,SN-X12000-40432,2023/09/15,1500,600V,09/14/2025,In Service,<html><body>Substation B switchgear bay</body></html>
EQ-5874,C-1208,X-5000,SN-X5000-17258,09/24/2022,250,240V,2024-09-23T00:00:00Z,Maintenance,Primary power grid node
EQ-6979,C-1130,X-9000,,02/10/2022,1000,480V,02/10/2024,IN SERVICE,Primary power grid node
EQ-6686,C-1298,X-5000,SN-X5000-76678,11-30-2022,250,240V,11-30-2023,decommissioned,Primary power grid node
EQ-5428,C-1033,X-7000,SN-X7000-69393,2023-07-15T00:00:00Z,500,480V,2024/07/14,Standby,Substation B switchgear bay
EQ-7214,C-1418,X-7000,SN-X7000-32243,2024/03/13,500,480V,2027/03/13,IN SERVICE,Rooftop solar coupler
EQ-6431,C-1125,X-7000,SN-X7000-99671,11/09/2022,500,480V,11-08-2025,IN SERVICE,High humidity bay installation
EQ-7074,C-1007,X-7000,SN-X7000-36367,10/29/2023,500,480V,2024-10-28,In Service,Rooftop solar coupler
EQ-7094,C-1043,X-3000,SN-X3000-80514,01/17/2023,100,120V,2025/01/16,IN SERVICE,<html><body>Underground vault 4</body></html>
EQ-7174,C-1267,X-12000,SN-X12000-41250,06-11-2023,1500,600V,06-10-2026,IN SERVICE,Primary power grid node
EQ-5632,C-1108,X-9000,SN-X9000-83737,05/14/2024,1000,480V,2027-05-14,Maintenance,High humidity bay installation
EQ-7458,C-1275,X-5000,SN-X5000-20181,2023/11/19,250,240V,2026/11/18,decommissioned,Primary power grid node
EQ-7022,C-1208,X-5000,SN-X5000-12795,2022-03-05,250,240V,03/05/2023,in service,<html>Rooftop solar coupler</html>
EQ-5864,C-1257,X-12000,SN-X12000-99692,06/23/2022,1500,600V,06/23/2023,Maintenance,Primary power grid node
EQ-6618,C-1379,X-12000,SN-X12000-65111,2021/07/03,1500,600V,07-03-2023,Standby,Primary power grid node
EQ-6050,C-1308,X-7000,SN-X7000-10363,2023-04-15,500,480V,04/14/2024,In Service,
EQ-7318,C-1327,X-3000,SN-X3000-73695,2023-01-16,100,120V,01/15/2025,Decommissioned,<b>Underground vault 4</b>
EQ-6430,C-1332,X-9000,SN-X9000-15392,2024/02/08,1000,480V,02-07-2027,Decommissioned,Substation B switchgear bay
EQ-5417,C-1303,X-5000,SN-X5000-34952,2021/11/08,250,240V,2022/11/08,IN SERVICE,High humidity bay installation
EQ-6871,C-1446,X-9000,SN-X9000-10620,07/25/2021,1000,480V,07/25/2023,Decommissioned,Substation B switchgear bay
EQ-6524,C-1046,X-12000,SN-X12000-66251,10/30/2021,1500,600V,10/30/2022,IN SERVICE,<html><body>Underground vault 4</body></html>
EQ-6928,C-1265,X-3000,SN-X3000-20974,2022-02-09,100,120V,02/08/2025,decommissioned,Backup unit near loading dock
EQ-5304,C-1475,X-3000,SN-X3000-17458,2023-09-10,100,120V,09-09-2025,Maintenance,Backup unit near loading dock
EQ-5720,C-1205,X-9000,SN-X9000-14282,05/05/2024,1000,480V,2027-05-05T00:00:00Z,in service,Underground vault 4
EQ-5828,C-1444,X-5000,SN-X5000-80330,10-22-2022,250,240V,10-21-2025,Decommissioned,<html><body>Rooftop solar coupler</body></html>
EQ-6387,C-1292,X-5000,SN-X5000-71630,2024-03-15,250,240V,03-15-2026,in service,Substation B switchgear bay
EQ-5227,C-1268,X-9000,SN-X9000-14870,2024-01-14,1000,480V,2026-01-13T00:00:00Z,Maintenance,Rooftop solar coupler
EQ-7335,C-1239,X-9000,SN-X9000-60246,03-29-2024,1000,480V,2025-03-29,In Service,
EQ-5040,C-1011,X-5000,SN-X5000-75564,11/14/2021,250,240V,2024-11-13,in service,<b>Backup unit near loading dock</b>
EQ-6837,C-1456,X-5000,SN-X5000-70452,07-31-2021,250,240V,2022-07-31T00:00:00Z,Maintenance,Primary power grid node
EQ-5100,C-1457,X-12000,SN-X12000-28574,2022-06-29T00:00:00Z,1500,600V,2023-06-29T00:00:00Z,IN SERVICE,Underground vault 4
EQ-7192,C-1205,X-5000,SN-X5000-59699,04/24/2021,250,240V,2023-04-24T00:00:00Z,In Service,Backup unit near loading dock
EQ-5948,C-1168,X-7000,SN-X7000-86802,12/28/2021,500,480V,2022-12-28,Maintenance,Rooftop solar coupler
EQ-6162,C-1020,X-7000,SN-X7000-98510,2023-01-29,500,480V,01-29-2024,IN SERVICE,
EQ-6721,C-1103,X-9000,SN-X9000-90671,11/30/2022,1000,480V,11/29/2024,in service,Rooftop solar coupler
EQ-5878,C-1050,X-3000,SN-X3000-91531,09/28/2021,100,120V,09/28/2023,IN SERVICE,Primary power grid node
EQ-6939,C-1290,X-9000,SN-X9000-87414,02/10/2023,1000,480V,2026/02/09,In Service,Rooftop solar coupler
EQ-5499,C-1516,X-12000,SN-X12000-54191,04/18/2021,1500,600V,2024-04-17T00:00:00Z,Standby,High humidity bay installation
EQ-5938,C-1034,X-12000,SN-X12000-13066,2023/10/15,1500,600V,10-14-2026,In Service,Substation B switchgear bay
EQ-6661,C-1366,X-3000,SN-X3000-50778,04/04/2022,100,120V,04/03/2024,Standby,Rooftop solar coupler
EQ-6175,C-1019,X-9000,SN-X9000-93072,06-24-2024,1000,480V,06/24/2027,in service,Underground vault 4
EQ-6665,C-1255,X-3000,SN-X3000-45845,2024/06/24,100,120V,2025/06/24,In Service,Rooftop solar coupler
EQ-5711,C-1105,X-5000,SN-X5000-23075,2022-08-24T00:00:00Z,250,240V,2023/08/24,In Service,Primary power grid node
EQ-6584,C-1108,X-9000,SN-X9000-70226,12-11-2022,1000,480V,2025-12-10T00:00:00Z,In Service,High humidity bay installation
EQ-5231,C-1270,X-9000,SN-X9000-71274,2023/03/13,1000,480V,03/12/2025,IN SERVICE,Underground vault 4
EQ-6632,C-1004,X-7000,SN-X7000-90620,12/21/2022,500,480V,12-20-2025,IN SERVICE,<html>Primary power grid node</html>
EQ-7377,C-1324,X-9000,SN-X9000-52302,10/27/2023,1000,480V,10/26/2024,Maintenance,High humidity bay installation
EQ-7231,C-1458,X-7000,SN-X7000-99388,2022/09/13,500,480V,09-12-2024,IN SERVICE,Primary power grid node
EQ-5673,C-1436,X-9000,SN-X9000-13222,2023-04-23,1000,480V,2025-04-22,Standby,<strong>Substation B switchgear bay</strong>
EQ-6354,C-1301,X-12000,SN-X12000-58910,2022-05-08,1500,600V,05/08/2023,in service,<html><body>High humidity bay installation</body></html>
EQ-6141,C-1287,X-3000,SN-X3000-49302,2022-10-13,100,120V,10/12/2025,Maintenance,Rooftop solar coupler
EQ-5639,C-1412,X-7000,SN-X7000-72750,2024/03/31,500,480V,2027-03-31T00:00:00Z,Decommissioned,Backup unit near loading dock
EQ-7200,C-1154,X-9000,SN-X9000-74049,12-15-2023,1000,480V,2025-12-14T00:00:00Z,in service,High humidity bay installation
EQ-5622,C-1508,X-7000,SN-X7000-19438,04/16/2024,500,480V,04/16/2026,Standby,Substation B switchgear bay
EQ-5982,C-1487,X-3000,SN-X3000-96392,2022-11-30T00:00:00Z,100,120V,11/29/2025,In Service,NULL
EQ-5394,C-1023,X-7000,SN-X7000-27596,11-10-2023,500,480V,2026-11-09,Standby,Primary power grid node
EQ-5039,C-1023,X-7000,SN-X7000-48401,08/11/2021,500,480V,08/11/2022,IN SERVICE,Substation B switchgear bay
EQ-6747,C-1323,X-9000,SN-X9000-33832,10-17-2023,1000,480V,2024/10/16,in service,High humidity bay installation
EQ-6816,C-1450,X-7000,SN-X7000-18087,10/16/2023,500,480V,2026-10-15,Decommissioned,Underground vault 4
EQ-6961,C-1266,X-12000,SN-X12000-49220,01/18/2023,1500,600V,01/17/2026,Standby,Substation B switchgear bay
EQ-5024,C-1510,X-3000,SN-X3000-25260,2022-04-28T00:00:00Z,100,120V,04/27/2025,in service,   
EQ-7172,C-1356,X-12000,SN-X12000-94567,2023-10-22T00:00:00Z,1500,600V,10/21/2026,IN SERVICE,<html>High humidity bay installation</html>
EQ-5842,C-1362,X-12000,SN-X12000-11307,2023-02-24,1500,600V,2025-02-23,Maintenance,Substation B switchgear bay
EQ-7310,C-1462,X-12000,SN-X12000-90750,03-13-2022,1500,600V,2024-03-12,in service,Substation B switchgear bay
EQ-5238,C-1189,X-5000,SN-X5000-35035,05/19/2021,250,240V,05/19/2022,In Service,<p>High humidity bay installation</p>
EQ-5602,C-1222,X-12000,SN-X12000-70794,2021-11-10,1500,600V,11/09/2024,In Service,High humidity bay installation
EQ-6042,C-1088,X-12000,SN-X12000-36702,2022-07-29,1500,600V,07/28/2024,Standby,Rooftop solar coupler
EQ-5942,C-1023,X-7000,SN-X7000-55095,07-31-2021,500,480V,07-31-2022,Decommissioned,Underground vault 4
EQ-5309,C-1054,X-5000,SN-X5000-61231,2023-12-31T00:00:00Z,250,240V,2024-12-30,in service,Substation B switchgear bay
EQ-6218,C-1199,X-9000,SN-X9000-97508,01/24/2022,1000,480V,2023/01/24,IN SERVICE,Underground vault 4
EQ-5946,C-1181,X-12000,SN-X12000-51032,2021/12/31,1500,600V,2022/12/31,In Service,Backup unit near loading dock
EQ-6991,C-1446,X-5000,SN-X5000-33750,09-03-2023,250,240V,2025-09-02T00:00:00Z,IN SERVICE,Underground vault 4
EQ-5043,C-1237,X-9000,SN-X9000-26260,2021-10-30,1000,480V,10/30/2022,in service,Substation B switchgear bay
EQ-5044,C-1048,X-7000,SN-X7000-41859,12/15/2023,500,480V,2024-12-14,in service,Primary power grid node
EQ-7407,C-1507,X-5000,SN-X5000-60507,2022/10/02,250,240V,10-01-2024,Maintenance,High humidity bay installation
EQ-6369,C-1491,X-9000,SN-X9000-81290,2022/06/23,1000,480V,2023-06-23,in service,High humidity bay installation
EQ-7273,C-1294,X-5000,SN-X5000-98881,03/24/2023,250,240V,03/23/2024,Decommissioned,Backup unit near loading dock
EQ-5283,C-1425,X-5000,SN-X5000-70625,05/08/2024,250,240V,05/08/2026,Standby,Backup unit near loading dock
EQ-7286,C-1349,X-5000,,01-27-2023,250,240V,01/26/2026,In Service,Primary power grid node
EQ-7230,C-1361,X-7000,SN-X7000-80802,12/12/2021,500,480V,12/12/2023,Standby,Backup unit near loading dock
EQ-5664,C-1079,X-7000,SN-X7000-62045,12/10/2022,500,480V,2024-12-09,IN SERVICE,Primary power grid node
EQ-6746,C-1029,X-9000,SN-X9000-30921,03/21/2022,1000,480V,03/20/2024,In Service,Primary power grid node
EQ-6555,C-1360,X-9000,SN-X9000-31812,06-03-2023,1000,480V,06-02-2026,Decommissioned,Backup unit near loading dock
EQ-5839,C-1429,X-5000,SN-X5000-64947,10/22/2021,250,240V,10-22-2022,Decommissioned,Substation B switchgear bay
EQ-7496,C-1160,X-12000,SN-X12000-56770,2022-09-06T00:00:00Z,1500,600V,09/05/2025,In Service,Backup unit near loading dock
EQ-5704,C-1491,X-9000,SN-X9000-20364,2021-11-12T00:00:00Z,1000,480V,11/11/2024,Decommissioned,Underground vault 4
EQ-6428,C-1012,X-7000,SN-X7000-99080,2023-08-12,500,480V,2024/08/11,Maintenance,Underground vault 4
EQ-7112,C-1252,X-9000,SN-X9000-66557,02/17/2023,1000,480V,02/17/2024,IN SERVICE,Substation B switchgear bay
EQ-5352,C-1393,X-9000,SN-X9000-30788,08/04/2021,1000,480V,2022/08/04,Standby,<p>Rooftop solar coupler</p>
EQ-5089,C-1005,X-12000,SN-X12000-13732,05/23/2021,1500,600V,2023/05/23,In Service,<div>Rooftop solar coupler</div>
EQ-5118,C-1351,X-7000,SN-X7000-90793,2024-04-07,500,480V,04/07/2027,IN SERVICE,<div>High humidity bay installation</div>
EQ-5439,C-1368,X-5000,SN-X5000-78082,2023/08/08,250,240V,08/07/2024,Decommissioned,Substation B switchgear bay
EQ-5122,C-1273,X-7000,SN-X7000-62003,12-29-2021,500,480V,2023-12-29T00:00:00Z,In Service,Underground vault 4
EQ-5536,C-1048,X-9000,SN-X9000-30946,2023-03-30T00:00:00Z,1000,480V,2026-03-29T00:00:00Z,IN SERVICE,Underground vault 4
EQ-5015,C-1321,X-12000,SN-X12000-99954,2023/10/19,1500,600V,2024/10/18,Maintenance,Underground vault 4
EQ-7303,C-1374,X-3000,SN-X3000-67449,2024/01/31,100,120V,2025/01/30,In Service,High humidity bay installation
EQ-5416,C-1156,X-5000,SN-X5000-53300,06-01-2024,250,240V,2025-06-01T00:00:00Z,in service,Primary power grid node
EQ-5120,C-1431,X-7000,SN-X7000-24611,2022-04-24T00:00:00Z,500,480V,04-23-2025,in service,Substation B switchgear bay
EQ-7415,C-1029,X-5000,SN-X5000-84927,08/19/2023,250,240V,2024-08-18,In Service,High humidity bay installation
EQ-6446,C-1384,X-9000,SN-X9000-49642,12-19-2021,1000,480V,2022-12-19,IN SERVICE,<html><body>High humidity bay installation</body></html>
EQ-6478,C-1144,X-3000,SN-X3000-76916,2024/02/23,100,120V,02-22-2026,Standby,Substation B switchgear bay
EQ-5479,C-1420,X-9000,SN-X9000-96203,2024-05-09T00:00:00Z,1000,480V,05/09/2025,Standby,Primary power grid node
EQ-5061,C-1501,X-9000,SN-X9000-93608,04/08/2024,1000,480V,04-08-2025,IN SERVICE,Primary power grid node
EQ-6491,C-1362,X-5000,SN-X5000-41720,2023/05/08,250,240V,2026-05-07,Maintenance,Rooftop solar coupler
EQ-6687,C-1041,X-9000,SN-X9000-39802,2023/10/20,1000,480V,2026-10-19T00:00:00Z,IN SERVICE,Substation B switchgear bay
EQ-5294,C-1405,X-7000,SN-X7000-68767,07-06-2023,500,480V,07-05-2025,Decommissioned,Rooftop solar coupler
EQ-5943,C-1122,X-3000,SN-X3000-63060,01/28/2024,100,120V,2027-01-27T00:00:00Z,Decommissioned,High humidity bay installation
EQ-5117,C-1101,X-7000,SN-X7000-37443,05-18-2024,500,480V,05/18/2027,Standby,High humidity bay installation
EQ-5794,C-1418,X-5000,SN-X5000-28500,12/01/2022,250,240V,11-30-2024,Decommissioned,<div>Underground vault 4</div>
EQ-5157,C-1326,X-5000,SN-X5000-51670,06-29-2021,250,240V,06/28/2024,In Service,Backup unit near loading dock
EQ-6206,C-1046,X-5000,SN-X5000-62980,12-29-2021,250,240V,2024/12/28,in service,Rooftop solar coupler
EQ-5540,C-1439,X-5000,SN-X5000-63429,04-01-2021,250,240V,04-01-2023,IN SERVICE,Backup unit near loading dock
EQ-5753,C-1455,X-7000,SN-X7000-93598,07/02/2023,500,480V,2025-07-01,Maintenance,Underground vault 4
EQ-6165,C-1365,X-5000,SN-X5000-97141,2022-03-27,250,240V,2023-03-27,in service,Rooftop solar coupler
EQ-7088,C-1423,X-5000,SN-X5000-37809,2024-06-01T00:00:00Z,250,240V,06-01-2027,Maintenance,Primary power grid node
EQ-6018,C-1502,X-12000,SN-X12000-38224,2023/01/17,1500,600V,2026-01-16T00:00:00Z,Standby,Rooftop solar coupler
EQ-6544,C-1283,X-3000,SN-X3000-16171,2021-09-29T00:00:00Z,100,120V,09-29-2022,Decommissioned,Backup unit near loading dock
EQ-5299,C-1087,X-5000,SN-X5000-24973,09-11-2021,250,240V,2024/09/10,Maintenance,High humidity bay installation
EQ-6535,C-1040,X-3000,SN-X3000-61109,06/20/2024,100,120V,06/20/2025,In Service,Backup unit near loading dock
EQ-6182,C-1143,X-7000,SN-X7000-25443,2021-12-26T00:00:00Z,500,480V,12-26-2022,in service,Rooftop solar coupler
EQ-5351,C-1088,X-5000,SN-X5000-61014,2023/03/25,250,240V,03-24-2024,Standby,Underground vault 4
EQ-5217,C-1360,X-5000,SN-X5000-80284,2021-04-16T00:00:00Z,250,240V,04-15-2024,Standby,Substation B switchgear bay
EQ-5155,C-1217,X-3000,SN-X3000-36317,2021-12-17,100,120V,12/16/2024,In Service,<div>Rooftop solar coupler</div>
EQ-6043,C-1473,X-7000,SN-X7000-75947,02/03/2024,500,480V,2025-02-02T00:00:00Z,Maintenance,Rooftop solar coupler
EQ-6651,C-1096,X-3000,SN-X3000-92585,2023-07-08,100,120V,07/07/2025,In Service,Primary power grid node
EQ-6378,C-1495,X-12000,SN-X12000-20742,04-17-2024,1500,600V,2026/04/17,IN SERVICE,Backup unit near loading dock
EQ-5887,C-1301,X-5000,SN-X5000-79624,2022/01/26,250,240V,01/26/2024,IN SERVICE,Primary power grid node
EQ-7323,C-1494,X-9000,SN-X9000-13277,05/08/2023,1000,480V,2026-05-07,Standby,Backup unit near loading dock
EQ-5644,C-1019,X-3000,SN-X3000-14733,05/31/2022,100,120V,05/31/2023,in service,Underground vault 4
EQ-5027,C-1134,X-7000,SN-X7000-39009,2022-07-05T00:00:00Z,500,480V,07-05-2023,Standby,High humidity bay installation
EQ-5818,C-1482,X-12000,SN-X12000-37392,03/25/2023,1500,600V,03-24-2024,Decommissioned,Primary power grid node
EQ-6798,C-1133,X-9000,SN-X9000-41876,02/01/2022,1000,480V,02-01-2023,Decommissioned,   
EQ-7047,C-1392,X-12000,SN-X12000-94702,2021-05-21T00:00:00Z,1500,600V,05/21/2022,In Service,High humidity bay installation
EQ-5630,C-1458,X-9000,SN-X9000-56683,2022/08/14,1000,480V,2023-08-14T00:00:00Z,Standby,NULL
EQ-6331,C-1407,X-12000,   ,2023-03-09,1500,600V,2026-03-08,Standby,Underground vault 4
EQ-5546,C-1012,X-12000,SN-X12000-50844,2024-02-02,1500,600V,02-01-2026,Decommissioned,High humidity bay installation
EQ-5705,C-1225,X-3000,SN-X3000-87799,2023-11-11,100,120V,11/10/2026,In Service,Backup unit near loading dock
EQ-5337,C-1333,X-7000,SN-X7000-30058,10-27-2022,500,480V,2024-10-26,Maintenance,Primary power grid node
EQ-7341,C-1132,X-3000,SN-X3000-22393,2023/10/09,100,120V,2025/10/08,in service,NULL
EQ-6310,C-1457,X-3000,SN-X3000-68660,2023-06-23T00:00:00Z,100,120V,06/22/2024,Maintenance,High humidity bay installation
EQ-7298,C-1126,X-5000,SN-X5000-73527,06/22/2023,250,240V,2025/06/21,In Service,   
EQ-5013,C-1103,X-5000,SN-X5000-50775,2023/06/02,250,240V,06/01/2026,Maintenance,Primary power grid node
EQ-5363,C-1106,X-12000,SN-X12000-37405,10-09-2021,1500,600V,2023-10-09T00:00:00Z,IN SERVICE,Substation B switchgear bay
EQ-5134,C-1063,X-7000,SN-X7000-22341,2023/07/06,500,480V,2026/07/05,Standby,Underground vault 4
EQ-7287,C-1236,X-9000,SN-X9000-48024,2022/08/28,1000,480V,2023-08-28T00:00:00Z,Maintenance,<strong>Underground vault 4</strong>
EQ-5750,C-1270,X-3000,SN-X3000-80559,2022/02/09,100,120V,02-09-2024,Decommissioned,Rooftop solar coupler
EQ-6116,C-1328,X-12000,SN-X12000-17291,05/05/2024,1500,600V,05-05-2026,decommissioned,<div>Rooftop solar coupler</div>
EQ-6347,C-1225,X-7000,SN-X7000-67876,2023-05-16,500,480V,05/15/2025,IN SERVICE,Substation B switchgear bay
EQ-7205,C-1041,X-7000,SN-X7000-14073,09-19-2023,500,480V,09/18/2026,IN SERVICE,Rooftop solar coupler
EQ-5327,C-1213,X-7000,SN-X7000-96174,2022/11/20,500,480V,11/19/2025,in service,Rooftop solar coupler
EQ-6740,C-1133,X-3000,SN-X3000-78098,2022/03/31,100,120V,03/30/2025,Standby,Backup unit near loading dock
EQ-7409,C-1340,X-9000,SN-X9000-78297,2024-02-05,1000,480V,02/04/2025,in service,High humidity bay installation
EQ-6388,C-1074,X-5000,SN-X5000-98153,2022-03-01T00:00:00Z,250,240V,02-28-2025,in service,Underground vault 4
EQ-6357,C-1059,X-7000,SN-X7000-99763,2023-10-28T00:00:00Z,500,480V,10/27/2026,in service,High humidity bay installation
EQ-5250,C-1128,X-9000,SN-X9000-76468,2022-08-12T00:00:00Z,1000,480V,08/12/2023,In Service,Primary power grid node
EQ-5820,C-1096,X-9000,SN-X9000-56801,2023/03/12,1000,480V,03/11/2024,In Service,Rooftop solar coupler
EQ-6178,C-1001,X-9000,SN-X9000-97655,2024-06-27T00:00:00Z,1000,480V,06/27/2025,Maintenance,Primary power grid node
EQ-6792,C-1510,X-7000,SN-X7000-52743,2022-11-29T00:00:00Z,500,480V,11/29/2023,Decommissioned,Primary power grid node
EQ-5359,C-1415,X-5000,SN-X5000-97796,2024-06-01T00:00:00Z,250,240V,06/01/2027,in service,Primary power grid node
EQ-6426,C-1156,X-9000,SN-X9000-16764,05/03/2022,1000,480V,05-02-2025,Maintenance,Backup unit near loading dock
EQ-5493,C-1188,X-12000,SN-X12000-17430,2022-05-08,1500,600V,05/08/2023,Decommissioned,Rooftop solar coupler
EQ-6248,C-1501,X-9000,SN-X9000-84727,2021-08-25,1000,480V,2023-08-25,In Service,Substation B switchgear bay
EQ-5409,C-1072,X-7000,SN-X7000-56634,2021-07-16T00:00:00Z,500,480V,2023-07-16,Decommissioned,Substation B switchgear bay
EQ-6811,C-1331,X-3000,SN-X3000-80888,05-05-2021,100,120V,05/05/2022,in service,Backup unit near loading dock
EQ-6597,C-1053,X-5000,SN-X5000-66528,03/01/2022,250,240V,2025/02/28,in service,NULL
EQ-7301,C-1477,X-7000,SN-X7000-27443,05/15/2024,500,480V,05/15/2026,In Service,Rooftop solar coupler
EQ-5345,C-1154,X-5000,SN-X5000-81770,2022/08/01,250,240V,08/01/2023,Maintenance,Backup unit near loading dock
EQ-7285,C-1407,X-7000,SN-X7000-70549,2021-09-27,500,480V,2023/09/27,IN SERVICE,Primary power grid node
EQ-7052,C-1170,X-7000,SN-X7000-22151,2022/04/16,500,480V,04-15-2024,IN SERVICE,Underground vault 4
EQ-6432,C-1169,X-5000,SN-X5000-70253,2022/09/02,250,240V,2023-09-02T00:00:00Z,IN SERVICE,NULL
EQ-5204,C-1397,X-3000,SN-X3000-42320,2022-07-02T00:00:00Z,100,120V,2025/07/01,In Service,High humidity bay installation
EQ-6937,C-1042,X-3000,SN-X3000-43183,09/05/2022,100,120V,2025-09-04,Maintenance,Primary power grid node
EQ-5454,C-1269,X-12000,SN-X12000-54909,2023/05/08,1500,600V,2025/05/07,in service,Backup unit near loading dock
EQ-6827,C-1333,X-3000,SN-X3000-98791,2023-07-24T00:00:00Z,100,120V,2025-07-23,in service,Backup unit near loading dock
EQ-5430,C-1289,X-5000,NULL,12/23/2021,250,240V,2024/12/22,Maintenance,High humidity bay installation
EQ-5529,C-1277,X-3000,SN-X3000-72168,01/16/2023,100,120V,01/15/2025,Standby,Primary power grid node
EQ-7011,C-1276,X-5000,SN-X5000-13800,2023/07/06,250,240V,2026-07-05,Maintenance,High humidity bay installation
EQ-5210,C-1438,X-7000,SN-X7000-33330,2023-01-29T00:00:00Z,500,480V,2026-01-28T00:00:00Z,In Service,   
EQ-7075,C-1292,X-5000,SN-X5000-46962,08-23-2022,250,240V,2023/08/23,IN SERVICE,Rooftop solar coupler
EQ-5700,C-1260,X-9000,SN-X9000-45689,11-01-2022,1000,480V,2025/10/31,Standby,
EQ-6142,C-1370,X-5000,SN-X5000-68949,11/11/2022,250,240V,11/11/2023,Standby,Backup unit near loading dock
EQ-5573,C-1509,X-7000,SN-X7000-94364,2021-12-09T00:00:00Z,500,480V,12/09/2022,Decommissioned,Rooftop solar coupler
EQ-5418,C-1059,X-3000,SN-X3000-91555,2021-05-18,100,120V,2024/05/17,Maintenance,Backup unit near loading dock
EQ-5834,C-1467,X-3000,SN-X3000-18889,03/15/2022,100,120V,03-15-2023,In Service,Substation B switchgear bay
EQ-6604,C-1374,X-5000,SN-X5000-33696,07/16/2022,250,240V,07-15-2024,in service,Primary power grid node
EQ-6583,C-1229,X-7000,SN-X7000-26369,2021-09-06,500,480V,09-06-2023,IN SERVICE,Substation B switchgear bay
EQ-5381,C-1016,X-7000,SN-X7000-78448,2021-09-04,500,480V,09-04-2022,IN SERVICE,
EQ-7049,C-1068,X-5000,SN-X5000-84798,2023-09-05,250,240V,09/04/2024,Maintenance,Substation B switchgear bay
EQ-6849,C-1053,X-12000,SN-X12000-62385,05-16-2021,1500,600V,2023/05/16,in service,High humidity bay installation
EQ-5580,C-1176,X-3000,SN-X3000-92756,2024-05-18,100,120V,2027-05-18T00:00:00Z,Maintenance,<p>Underground vault 4</p>
EQ-6332,C-1506,X-7000,SN-X7000-56445,2021-06-18,500,480V,06-17-2024,IN SERVICE,NULL
EQ-7367,C-1354,X-9000,SN-X9000-94100,2023-12-01T00:00:00Z,1000,480V,2024/11/30,Maintenance,<p>Backup unit near loading dock</p>
EQ-5437,C-1344,X-5000,SN-X5000-36855,08/26/2022,250,240V,2023/08/26,Maintenance,Rooftop solar coupler
EQ-6696,C-1031,X-3000,SN-X3000-57635,09/13/2021,100,120V,2022-09-13T00:00:00Z,Decommissioned,Primary power grid node
EQ-5248,C-1405,X-12000,   ,01/12/2024,1500,600V,01-11-2026,Standby,Rooftop solar coupler
EQ-5491,C-1226,X-9000,SN-X9000-85060,06/19/2024,1000,480V,06/19/2026,In Service,Rooftop solar coupler
EQ-7372,C-1037,X-3000,SN-X3000-79565,2023/03/30,100,120V,2026/03/29,Standby,Rooftop solar coupler
EQ-6590,C-1362,X-3000,SN-X3000-16532,06/06/2024,100,120V,06-06-2026,In Service,Substation B switchgear bay
EQ-5229,C-1055,X-3000,SN-X3000-83261,12-27-2023,100,120V,2024-12-26,Standby,Underground vault 4
EQ-5087,C-1097,X-3000,SN-X3000-96632,2022/11/22,100,120V,11/21/2024,Decommissioned,Rooftop solar coupler
EQ-6277,C-1021,X-9000,SN-X9000-89266,2022-06-01T00:00:00Z,1000,480V,06-01-2023,IN SERVICE,Primary power grid node
EQ-6637,C-1171,X-9000,SN-X9000-81075,2021-11-22T00:00:00Z,1000,480V,2022-11-22T00:00:00Z,IN SERVICE,Substation B switchgear bay
EQ-7057,C-1069,X-12000,SN-X12000-11341,2022-02-07T00:00:00Z,1500,600V,2025-02-06T00:00:00Z,Maintenance,Substation B switchgear bay
EQ-5985,C-1292,X-5000,SN-X5000-44997,2023/08/19,250,240V,2026/08/18,Decommissioned,Backup unit near loading dock
EQ-7339,C-1245,X-5000,SN-X5000-85700,08-06-2021,250,240V,08/06/2022,In Service,High humidity bay installation
EQ-6743,C-1429,X-3000,SN-X3000-15068,2021-07-24T00:00:00Z,100,120V,2022-07-24,Decommissioned,Backup unit near loading dock
EQ-5160,C-1297,X-3000,SN-X3000-77901,03-30-2024,100,120V,03-30-2025,Decommissioned,<b>Underground vault 4</b>
EQ-6169,C-1410,X-5000,SN-X5000-86500,02/13/2024,250,240V,2026-02-12,Maintenance,Backup unit near loading dock
EQ-5571,C-1329,X-7000,SN-X7000-97821,2023-04-07T00:00:00Z,500,480V,04/06/2025,in service,Rooftop solar coupler
EQ-5954,C-1077,X-5000,SN-X5000-22245,01/23/2024,250,240V,01/22/2027,IN SERVICE,Underground vault 4
EQ-5880,C-1240,X-5000,SN-X5000-23311,2021-12-15,250,240V,2023-12-15T00:00:00Z,Standby,Backup unit near loading dock
EQ-5230,C-1316,X-9000,SN-X9000-58924,05/01/2023,1000,480V,04/30/2026,Decommissioned,Substation B switchgear bay
EQ-5342,C-1358,X-12000,SN-X12000-24002,2023-12-03,1500,600V,12-02-2024,Maintenance,High humidity bay installation
EQ-6424,C-1362,X-5000,SN-X5000-81994,2024-06-27T00:00:00Z,250,240V,06/27/2026,Decommissioned,High humidity bay installation
EQ-7408,C-1380,X-12000,SN-X12000-26449,05-25-2024,1500,600V,2026-05-25,Maintenance,Underground vault 4
EQ-5188,C-1443,X-3000,SN-X3000-34516,2023-01-19T00:00:00Z,100,120V,01-19-2024,IN SERVICE,Rooftop solar coupler
EQ-6589,C-1434,X-12000,SN-X12000-39673,10/06/2022,1500,600V,10-05-2025,Standby,Primary power grid node
EQ-6317,C-1433,X-5000,SN-X5000-28519,05/07/2022,250,240V,05-07-2023,In Service,   
EQ-7053,C-1421,X-9000,SN-X9000-46020,06/01/2021,1000,480V,06/01/2023,Maintenance,Underground vault 4
EQ-6564,C-1026,X-7000,SN-X7000-27896,2024-01-31,500,480V,2026-01-30,IN SERVICE,Rooftop solar coupler
EQ-5249,C-1349,X-9000,SN-X9000-46556,2023-09-11,1000,480V,09-10-2026,Standby,Rooftop solar coupler
EQ-5561,C-1141,X-5000,SN-X5000-36724,2024/03/18,250,240V,03-18-2026,IN SERVICE,Underground vault 4
EQ-6187,C-1456,X-5000,SN-X5000-53075,2022/06/26,250,240V,2025-06-25,In Service,Primary power grid node
EQ-5326,C-1263,X-7000,SN-X7000-81442,05/16/2022,500,480V,05/16/2023,Standby,NULL
EQ-5110,C-1155,X-9000,SN-X9000-17425,11-02-2021,1000,480V,11/02/2023,Standby,Underground vault 4
EQ-6919,C-1206,X-9000,SN-X9000-86393,12/07/2021,1000,480V,12/06/2024,Standby,NULL
EQ-6308,C-1373,X-12000,SN-X12000-63630,07/28/2022,1500,600V,07-27-2024,Decommissioned,<html><body>Substation B switchgear bay</body></html>
EQ-6936,C-1316,X-7000,SN-X7000-21672,2021-08-12,500,480V,2022-08-12T00:00:00Z,In Service,Backup unit near loading dock
EQ-6379,C-1197,X-3000,SN-X3000-68503,2023/06/30,100,120V,2026-06-29T00:00:00Z,In Service,Rooftop solar coupler
EQ-6807,C-1112,X-5000,SN-X5000-81350,2023/02/06,250,240V,2025-02-05,Decommissioned,<div>Rooftop solar coupler</div>
EQ-5908,C-1036,X-3000,SN-X3000-51470,2022-07-13,100,120V,2023/07/13,IN SERVICE,Primary power grid node
EQ-5426,C-1436,X-9000,SN-X9000-17228,11/26/2021,1000,480V,11/26/2023,Decommissioned,Backup unit near loading dock
EQ-6041,C-1494,X-9000,SN-X9000-29864,2023-06-12,1000,480V,2025/06/11,IN SERVICE,Substation B switchgear bay
EQ-7223,C-1029,X-9000,SN-X9000-30528,12/05/2021,1000,480V,2024-12-04T00:00:00Z,Decommissioned,High humidity bay installation
EQ-5047,C-1337,X-12000,SN-X12000-72296,09/18/2023,1500,600V,09/17/2026,in service,Backup unit near loading dock
EQ-7500,C-1001,X-3000,SN-X3000-32120,2023-04-19T00:00:00Z,100,120V,2024/04/18,Standby,Backup unit near loading dock
EQ-5817,C-1025,X-12000,SN-X12000-36953,05/17/2023,1500,600V,05-16-2025,IN SERVICE,Rooftop solar coupler
EQ-5085,C-1145,X-3000,SN-X3000-95459,2022/12/07,100,120V,2023/12/07,Standby,<p>Primary power grid node</p>
EQ-7319,C-1393,X-3000,SN-X3000-59311,2023-03-03T00:00:00Z,100,120V,03/02/2024,IN SERVICE,High humidity bay installation
EQ-5079,C-1132,X-12000,SN-X12000-34752,2022-01-29T00:00:00Z,1500,600V,2023-01-29T00:00:00Z,Maintenance,NULL
EQ-5715,C-1242,X-9000,SN-X9000-61574,03-31-2023,1000,480V,2026-03-30T00:00:00Z,Standby,Substation B switchgear bay
EQ-7495,C-1210,X-3000,SN-X3000-80895,2023-02-25,100,120V,2024/02/25,IN SERVICE,Underground vault 4
EQ-5465,C-1211,X-12000,SN-X12000-89307,12/26/2021,1500,600V,2023-12-26T00:00:00Z,In Service,High humidity bay installation
EQ-5788,C-1054,X-7000,NULL,07/19/2022,500,480V,07-18-2025,IN SERVICE,High humidity bay installation
EQ-7264,C-1160,X-5000,SN-X5000-19549,2023/10/15,250,240V,10/14/2026,Decommissioned,Backup unit near loading dock
EQ-7296,C-1515,X-5000,SN-X5000-84628,06/19/2023,250,240V,2026-06-18,in service,<strong>Substation B switchgear bay</strong>
EQ-6392,C-1368,X-5000,SN-X5000-56924,09-11-2022,250,240V,09-11-2023,IN SERVICE,Underground vault 4
EQ-7378,C-1369,X-5000,SN-X5000-19967,03-16-2022,250,240V,2023/03/16,in service,Underground vault 4
EQ-5535,C-1159,X-7000,SN-X7000-13358,2022/09/27,500,480V,2024-09-26,Decommissioned,High humidity bay installation
EQ-5959,C-1339,X-9000,SN-X9000-96305,03/11/2022,1000,480V,03-10-2024,in service,Backup unit near loading dock
EQ-5146,C-1102,X-7000,,2023/01/03,500,480V,01/02/2026,In Service,Substation B switchgear bay
EQ-6898,C-1289,X-3000,SN-X3000-94702,2023-10-25,100,120V,10-24-2024,in service,Rooftop solar coupler
EQ-6647,C-1394,X-9000,SN-X9000-23118,2022-11-28,1000,480V,2025-11-27,Decommissioned,Rooftop solar coupler
EQ-7322,C-1146,X-12000,SN-X12000-81475,2022-05-19,1500,600V,05/18/2024,Standby,Underground vault 4
EQ-5347,C-1379,X-9000,SN-X9000-25022,07/10/2023,1000,480V,2026-07-09T00:00:00Z,IN SERVICE,Underground vault 4
EQ-6998,C-1268,X-9000,SN-X9000-91136,09/14/2022,1000,480V,2025-09-13,Standby,High humidity bay installation
EQ-5760,C-1028,X-12000,SN-X12000-64778,2022/03/17,1500,600V,2025/03/16,Decommissioned,Substation B switchgear bay
EQ-5201,C-1072,X-7000,SN-X7000-85657,02/08/2023,500,480V,2026-02-07T00:00:00Z,IN SERVICE,Backup unit near loading dock
EQ-6338,C-1343,X-12000,SN-X12000-52490,10-10-2021,1500,600V,10-10-2022,Maintenance,Underground vault 4
EQ-6505,C-1198,X-3000,SN-X3000-97030,2021/07/07,100,120V,2022/07/07,In Service,High humidity bay installation
EQ-6216,C-1038,X-7000,SN-X7000-71542,05/13/2024,500,480V,05/13/2026,Maintenance,High humidity bay installation
EQ-5564,C-1434,X-7000,SN-X7000-14120,08/28/2023,500,480V,2025/08/27,in service,Underground vault 4
EQ-6922,C-1379,X-9000,SN-X9000-23161,2022-07-02,1000,480V,07/01/2025,in service,High humidity bay installation
EQ-5206,C-1238,X-5000,SN-X5000-47022,2022-08-22,250,240V,08-21-2024,Maintenance,Underground vault 4
EQ-5784,C-1149,X-9000,SN-X9000-45947,03-04-2023,1000,480V,03/03/2025,Decommissioned,NULL
EQ-5323,C-1039,X-3000,NULL,2024-06-30,100,120V,06/30/2026,Maintenance,High humidity bay installation
EQ-5729,C-1493,X-3000,SN-X3000-69535,02-28-2022,100,120V,2023-02-28,Standby,Backup unit near loading dock
EQ-6150,C-1418,X-3000,SN-X3000-94259,05/22/2023,100,120V,05/21/2026,Standby,High humidity bay installation
EQ-7443,C-1483,X-12000,   ,06-13-2023,1500,600V,06-12-2025,Standby,Substation B switchgear bay
EQ-6145,C-1055,X-9000,SN-X9000-20218,04/04/2021,1000,480V,04-04-2022,in service,Underground vault 4
EQ-6562,C-1126,X-12000,SN-X12000-43060,2022-10-26,1500,600V,2024/10/25,In Service,Rooftop solar coupler
EQ-6857,C-1187,X-7000,SN-X7000-34748,11/27/2023,500,480V,2025/11/26,In Service,Primary power grid node
EQ-7181,C-1323,X-3000,SN-X3000-22422,2021/05/18,100,120V,2024-05-17,in service,Substation B switchgear bay
EQ-6100,C-1180,X-3000,SN-X3000-45098,02/10/2022,100,120V,2023-02-10,Decommissioned,Underground vault 4
EQ-5036,C-1277,X-9000,SN-X9000-64823,07/20/2023,1000,480V,2024-07-19T00:00:00Z,Standby,Primary power grid node
EQ-6509,C-1254,X-7000,SN-X7000-82441,05-07-2021,500,480V,2024/05/06,Standby,Substation B switchgear bay
EQ-6051,C-1490,X-9000,SN-X9000-10778,2022-06-17,1000,480V,2024/06/16,Decommissioned,Rooftop solar coupler
EQ-6763,C-1456,X-9000,SN-X9000-13680,03/28/2022,1000,480V,03-28-2023,in service,Primary power grid node
EQ-6469,C-1467,X-5000,SN-X5000-11676,2023/08/06,250,240V,08/05/2025,in service,Rooftop solar coupler
EQ-6202,C-1057,X-7000,SN-X7000-54188,03-09-2022,500,480V,2024-03-08,IN SERVICE,<html><body>Underground vault 4</body></html>
EQ-6862,C-1370,X-12000,   ,2021-07-04,1500,600V,07/04/2022,In Service,Rooftop solar coupler
EQ-5734,C-1443,X-5000,SN-X5000-69161,2024-06-18,250,240V,2025-06-18,IN SERVICE,<div>Primary power grid node</div>
EQ-7083,C-1348,X-7000,SN-X7000-85174,05/21/2021,500,480V,2022-05-21,Standby,Primary power grid node
EQ-6928,C-1265,X-3000,SN-X3000-20974,2022-02-09,100,120V,02/08/2025,IN SERVICE,Backup unit near loading dock
EQ-6082,C-1186,X-9000,SN-X9000-76631,04/01/2023,1000,480V,2026-03-31,Maintenance,High humidity bay installation
EQ-6402,C-1075,X-12000,SN-X12000-35234,11/14/2023,1500,600V,11-13-2024,in service,High humidity bay installation
EQ-5821,C-1167,X-12000,SN-X12000-71805,2023-12-22T00:00:00Z,1500,600V,2024-12-21T00:00:00Z,Maintenance,Primary power grid node
EQ-5937,C-1311,X-7000,SN-X7000-69456,03/07/2022,500,480V,2025-03-06T00:00:00Z,Standby,High humidity bay installation
EQ-5169,C-1235,X-5000,SN-X5000-13124,05/28/2022,250,240V,05/27/2024,Decommissioned,Underground vault 4
EQ-7058,C-1455,X-12000,SN-X12000-61180,2023-08-05,1500,600V,08/04/2026,Decommissioned,Primary power grid node
EQ-7265,C-1254,X-7000,SN-X7000-62090,08/17/2023,500,480V,2026-08-16T00:00:00Z,Maintenance,Backup unit near loading dock
EQ-5902,C-1448,X-7000,SN-X7000-27688,2022-06-11,500,480V,2024/06/10,Maintenance,Backup unit near loading dock
EQ-5790,C-1148,X-3000,SN-X3000-41041,01-19-2022,100,120V,2025-01-18T00:00:00Z,Maintenance,Rooftop solar coupler
EQ-5861,C-1124,X-3000,SN-X3000-10347,05/18/2021,100,120V,05/17/2024,In Service,Rooftop solar coupler
EQ-5565,C-1292,X-5000,SN-X5000-24601,01-12-2022,250,240V,2023-01-12T00:00:00Z,IN SERVICE,Underground vault 4
EQ-6330,C-1239,X-12000,SN-X12000-84336,07/03/2021,1500,600V,2024/07/02,Maintenance,Rooftop solar coupler
EQ-7481,C-1150,X-7000,SN-X7000-60672,2021-07-13T00:00:00Z,500,480V,07/12/2024,Standby,Substation B switchgear bay
EQ-6588,C-1506,X-9000,SN-X9000-54244,07/11/2023,1000,480V,07/10/2026,in service,<strong>Backup unit near loading dock</strong>
EQ-7098,C-1266,X-9000,SN-X9000-16521,09/21/2021,1000,480V,2023/09/21,Standby,Substation B switchgear bay
EQ-5470,C-1343,X-5000,SN-X5000-19535,07-29-2022,250,240V,2023-07-29,Standby,Primary power grid node
EQ-6233,C-1247,X-3000,SN-X3000-86856,02-16-2022,100,120V,2025-02-15,In Service,NULL
EQ-7293,C-1103,X-9000,SN-X9000-18527,02-14-2023,1000,480V,2025-02-13,Standby,Rooftop solar coupler
EQ-5953,C-1280,X-3000,SN-X3000-73584,11/01/2023,100,120V,10-31-2026,IN SERVICE,High humidity bay installation
EQ-7329,C-1494,X-7000,SN-X7000-57318,2022-05-10,500,480V,2023-05-10,Decommissioned,
EQ-5360,C-1418,X-7000,SN-X7000-71785,2022-08-07T00:00:00Z,500,480V,2025-08-06,in service,Rooftop solar coupler
EQ-7026,C-1302,X-3000,SN-X3000-48970,2024-03-22T00:00:00Z,100,120V,03-22-2026,Standby,Rooftop solar coupler
EQ-5081,C-1440,X-5000,   ,01/07/2022,250,240V,01/07/2024,In Service,Rooftop solar coupler
EQ-6012,C-1069,X-7000,SN-X7000-99085,2021-05-04T00:00:00Z,500,480V,2022-05-04T00:00:00Z,Maintenance,Underground vault 4
EQ-5312,C-1277,X-9000,SN-X9000-40818,12/25/2022,1000,480V,12/24/2025,in service,   
EQ-5637,C-1073,X-9000,SN-X9000-24688,2024-01-26T00:00:00Z,1000,480V,2026-01-25T00:00:00Z,IN SERVICE,<html>Substation B switchgear bay</html>
EQ-5341,C-1320,X-7000,SN-X7000-62907,06-23-2021,500,480V,06/23/2023,Maintenance,<b>Primary power grid node</b>
EQ-7378,C-1369,X-5000,SN-X5000-19967,03-16-2022,250,240V,2023/03/16,Maintenance,Underground vault 4
EQ-5244,C-1182,X-12000,SN-X12000-70709,2022-10-15T00:00:00Z,1500,600V,10/14/2025,Decommissioned,Rooftop solar coupler
EQ-5864,C-1257,X-12000,SN-X12000-99692,06/23/2022,1500,600V,06/23/2023,decommissioned,Primary power grid node
EQ-7179,C-1464,X-5000,SN-X5000-23874,06/04/2021,250,240V,06/03/2024,In Service,   
EQ-7272,C-1311,X-9000,SN-X9000-49943,2022-10-07,1000,480V,2024/10/06,Standby,Backup unit near loading dock
EQ-5970,C-1056,X-12000,SN-X12000-47108,10/08/2021,1500,600V,2023-10-08,In Service,Backup unit near loading dock
EQ-5530,C-1289,X-12000,SN-X12000-21993,2021-09-20T00:00:00Z,1500,600V,09-20-2022,Decommissioned,Rooftop solar coupler
EQ-5460,C-1448,X-3000,SN-X3000-50189,2021-12-02,100,120V,2024/12/01,Decommissioned,Substation B switchgear bay
EQ-6594,C-1164,X-7000,SN-X7000-53025,2023-08-11T00:00:00Z,500,480V,08-10-2026,In Service,Primary power grid node
EQ-6620,C-1044,X-12000,SN-X12000-98241,11/16/2022,1500,600V,11-15-2024,IN SERVICE,   
EQ-7224,C-1390,X-12000,SN-X12000-14954,2021-12-26T00:00:00Z,1500,600V,2022-12-26T00:00:00Z,IN SERVICE,Primary power grid node
EQ-5152,C-1071,X-9000,SN-X9000-88660,2021/04/22,1000,480V,04/21/2024,Standby,Rooftop solar coupler
EQ-6164,C-1465,X-5000,SN-X5000-78066,2022-01-14,250,240V,01-14-2023,IN SERVICE,Backup unit near loading dock
EQ-5187,C-1049,X-9000,SN-X9000-76530,2021-04-13T00:00:00Z,1000,480V,2022-04-13T00:00:00Z,IN SERVICE,Backup unit near loading dock
EQ-6134,C-1086,X-12000,SN-X12000-25600,03/29/2023,1500,600V,2026-03-28T00:00:00Z,Maintenance,High humidity bay installation
EQ-6958,C-1195,X-9000,SN-X9000-51230,12-28-2022,1000,480V,12/27/2024,Standby,
EQ-5627,C-1338,X-7000,SN-X7000-11055,2022-06-21,500,480V,2023/06/21,Standby,High humidity bay installation
EQ-6069,C-1320,X-3000,SN-X3000-83880,2022/04/16,100,120V,04/16/2023,In Service,Substation B switchgear bay
EQ-6147,C-1485,X-9000,,2023/12/26,1000,480V,2025-12-25T00:00:00Z,Decommissioned,<strong>Underground vault 4</strong>
EQ-5084,C-1327,X-3000,SN-X3000-12116,2021-04-15,100,120V,04-15-2023,Maintenance,Rooftop solar coupler
EQ-5940,C-1458,X-12000,SN-X12000-31745,04/17/2022,1500,600V,2023-04-17T00:00:00Z,in service,<p>High humidity bay installation</p>
EQ-7479,C-1221,X-12000,SN-X12000-57223,2023/09/25,1500,600V,09/24/2024,Maintenance,Substation B switchgear bay
EQ-7373,C-1191,X-9000,,12-21-2022,1000,480V,2025-12-20,Maintenance,Rooftop solar coupler
EQ-6924,C-1299,X-12000,SN-X12000-59123,2024-05-19,1500,600V,2025-05-19T00:00:00Z,Maintenance,Underground vault 4
EQ-6587,C-1296,X-5000,SN-X5000-35893,03/03/2023,250,240V,2025-03-02T00:00:00Z,Decommissioned,Rooftop solar coupler
EQ-6532,C-1228,X-9000,,12/15/2023,1000,480V,12/14/2024,Standby,Substation B switchgear bay
EQ-5625,C-1140,X-9000,SN-X9000-15778,08/08/2022,1000,480V,08/07/2024,Decommissioned,High humidity bay installation
EQ-6006,C-1363,X-5000,SN-X5000-69806,07-26-2021,250,240V,07-25-2024,IN SERVICE,Rooftop solar coupler
EQ-7035,C-1375,X-7000,SN-X7000-68592,2023-10-13T00:00:00Z,500,480V,10/12/2026,Maintenance,Rooftop solar coupler
EQ-6179,C-1413,X-5000,SN-X5000-64431,2021-10-14,250,240V,2023-10-14,IN SERVICE,Underground vault 4
EQ-7239,C-1243,X-5000,SN-X5000-71554,2022/06/01,250,240V,2024/05/31,Maintenance,Primary power grid node
EQ-5722,C-1138,X-3000,SN-X3000-37241,01-13-2023,100,120V,2024-01-13,IN SERVICE,Backup unit near loading dock
EQ-7474,C-1390,X-5000,SN-X5000-79023,10/14/2021,250,240V,10/13/2024,IN SERVICE,Primary power grid node
EQ-6346,C-1128,X-5000,SN-X5000-49030,04/21/2023,250,240V,04/20/2024,In Service,<p>Backup unit near loading dock</p>
EQ-5678,C-1471,X-5000,SN-X5000-93877,2023-09-24T00:00:00Z,250,240V,2024-09-23T00:00:00Z,Standby,
EQ-5373,C-1378,X-12000,SN-X12000-21930,11/23/2021,1500,600V,2024-11-22T00:00:00Z,IN SERVICE,Primary power grid node
EQ-7440,C-1051,X-12000,SN-X12000-61906,2023-12-03,1500,600V,12/02/2025,IN SERVICE,Rooftop solar coupler
EQ-5300,C-1369,X-12000,SN-X12000-92775,01/29/2023,1500,600V,2026-01-28T00:00:00Z,IN SERVICE,Underground vault 4
EQ-7125,C-1056,X-7000,SN-X7000-71903,07/11/2021,500,480V,2024-07-10T00:00:00Z,Standby,Primary power grid node
EQ-5703,C-1379,X-5000,SN-X5000-51252,2022/06/26,250,240V,06-25-2024,IN SERVICE,Primary power grid node
EQ-5057,C-1375,X-9000,SN-X9000-84623,2021/04/20,1000,480V,04/19/2024,Maintenance,Primary power grid node
EQ-5773,C-1295,X-12000,SN-X12000-50238,2024-01-15T00:00:00Z,1500,600V,01-14-2026,Decommissioned,   
EQ-5901,C-1036,X-12000,SN-X12000-98307,2024-04-29T00:00:00Z,1500,600V,2026-04-29,in service,<html><body>Rooftop solar coupler</body></html>
EQ-7131,C-1222,X-7000,SN-X7000-32306,09/23/2021,500,480V,09-22-2024,In Service,Underground vault 4
EQ-6265,C-1107,X-3000,SN-X3000-59047,07-12-2021,100,120V,07-11-2024,In Service,Primary power grid node
EQ-5344,C-1213,X-5000,SN-X5000-99449,02-08-2024,250,240V,2025-02-07T00:00:00Z,Maintenance,Primary power grid node
EQ-6086,C-1079,X-7000,SN-X7000-23294,12/24/2021,500,480V,2022-12-24T00:00:00Z,IN SERVICE,NULL
EQ-6567,C-1138,X-9000,SN-X9000-27303,2023/04/18,1000,480V,2025-04-17T00:00:00Z,In Service,Rooftop solar coupler
EQ-6599,C-1344,X-5000,SN-X5000-75960,12-28-2023,250,240V,12/27/2024,Standby,Underground vault 4
EQ-5511,C-1362,X-12000,SN-X12000-24179,2023-03-03T00:00:00Z,1500,600V,2026-03-02,In Service,Rooftop solar coupler
EQ-5584,C-1343,X-5000,SN-X5000-58504,2022-10-24,250,240V,10-23-2024,Standby,
EQ-5674,C-1184,X-5000,SN-X5000-18613,12/25/2022,250,240V,2023-12-25,in service,Rooftop solar coupler
EQ-6307,C-1124,X-3000,SN-X3000-73677,2023/08/23,100,120V,2025/08/22,Standby,Primary power grid node
EQ-7499,C-1338,X-3000,SN-X3000-17477,12/04/2023,100,120V,2026-12-03T00:00:00Z,IN SERVICE,<html>Underground vault 4</html>
EQ-7040,C-1308,X-3000,SN-X3000-49469,2021/12/10,100,120V,2022/12/10,IN SERVICE,Rooftop solar coupler
EQ-6540,C-1010,X-9000,SN-X9000-54686,2022/03/18,1000,480V,2024-03-17T00:00:00Z,In Service,Backup unit near loading dock
EQ-5395,C-1500,X-7000,SN-X7000-36822,06-17-2022,500,480V,2023-06-17T00:00:00Z,in service,Backup unit near loading dock
EQ-6659,C-1323,X-9000,SN-X9000-39812,07/20/2022,1000,480V,2023-07-20T00:00:00Z,Standby,Underground vault 4
EQ-6161,C-1494,X-5000,SN-X5000-62985,2021-06-08T00:00:00Z,250,240V,2022/06/08,IN SERVICE,Backup unit near loading dock
EQ-5889,C-1463,X-9000,SN-X9000-44035,05/08/2021,1000,480V,2023-05-08,In Service,Primary power grid node
EQ-6744,C-1417,X-5000,SN-X5000-60120,04/09/2022,250,240V,04/08/2025,In Service,Substation B switchgear bay
EQ-6456,C-1065,X-3000,SN-X3000-94032,03-31-2023,100,120V,03/30/2025,IN SERVICE,<b>Primary power grid node</b>
EQ-5528,C-1364,X-7000,SN-X7000-84853,2023-09-19T00:00:00Z,500,480V,09/18/2026,in service,<b>Rooftop solar coupler</b>
EQ-6702,C-1340,X-9000,SN-X9000-44590,11-07-2023,1000,480V,11/06/2024,In Service,
EQ-7046,C-1137,X-9000,SN-X9000-16058,2022-08-10T00:00:00Z,1000,480V,2023-08-10T00:00:00Z,Standby,Underground vault 4
EQ-6039,C-1222,X-5000,SN-X5000-20673,2024/04/10,250,240V,04/10/2025,Standby,Backup unit near loading dock
EQ-5225,C-1245,X-5000,SN-X5000-93454,06/02/2021,250,240V,06/02/2023,IN SERVICE,Primary power grid node
EQ-7307,C-1215,X-7000,SN-X7000-80817,2022/03/06,500,480V,03/05/2024,In Service,Underground vault 4
EQ-5481,C-1096,X-12000,SN-X12000-13836,2023-01-28T00:00:00Z,1500,600V,2024-01-28T00:00:00Z,IN SERVICE,Backup unit near loading dock
EQ-5955,C-1095,X-3000,SN-X3000-10973,2022/12/11,100,120V,12/10/2025,Maintenance,Rooftop solar coupler
EQ-5603,C-1491,X-5000,SN-X5000-16978,2024-06-10,250,240V,2025/06/10,IN SERVICE,Primary power grid node
EQ-7159,C-1081,X-3000,SN-X3000-31132,2023/09/21,100,120V,09/20/2026,in service,<p>Substation B switchgear bay</p>
EQ-5386,C-1049,X-12000,SN-X12000-26484,2021/08/11,1500,600V,08-11-2022,Maintenance,Primary power grid node
EQ-6527,C-1323,X-7000,SN-X7000-47540,09/04/2021,500,480V,2022-09-04T00:00:00Z,Decommissioned,Primary power grid node
EQ-6772,C-1369,X-7000,SN-X7000-13513,05/31/2024,500,480V,05-31-2027,Decommissioned,Substation B switchgear bay
EQ-7388,C-1484,X-7000,SN-X7000-65002,08/29/2023,500,480V,2024-08-28T00:00:00Z,Standby,Backup unit near loading dock
EQ-5477,C-1507,X-9000,SN-X9000-97183,10-21-2023,1000,480V,10-20-2024,IN SERVICE,High humidity bay installation
EQ-5195,C-1471,X-5000,SN-X5000-87717,04/12/2022,250,240V,04-12-2023,In Service,
EQ-5488,C-1296,X-3000,SN-X3000-57750,06/23/2023,100,120V,2026-06-22,Standby,Primary power grid node
EQ-6397,C-1095,X-3000,SN-X3000-50059,12-28-2021,100,120V,2024-12-27,IN SERVICE,Underground vault 4
EQ-7416,C-1100,X-12000,SN-X12000-33649,03/13/2023,1500,600V,03/12/2026,Standby,<b>Primary power grid node</b>
EQ-6615,C-1405,X-9000,SN-X9000-76215,2021-06-26,1000,480V,06-25-2024,Decommissioned,Primary power grid node
EQ-6903,C-1016,X-12000,SN-X12000-38468,2021-06-04,1500,600V,06/04/2022,IN SERVICE,Underground vault 4
EQ-5566,C-1356,X-9000,SN-X9000-69080,09/15/2023,1000,480V,09/14/2025,IN SERVICE,Backup unit near loading dock
EQ-5881,C-1130,X-9000,SN-X9000-62453,2022-02-07T00:00:00Z,1000,480V,2023/02/07,in service,Primary power grid node
EQ-6455,C-1475,X-3000,SN-X3000-30281,11-24-2023,100,120V,11/23/2024,in service,Primary power grid node
EQ-6809,C-1185,X-5000,SN-X5000-21159,12/20/2021,250,240V,2024-12-19T00:00:00Z,In Service,Backup unit near loading dock
EQ-6870,C-1069,X-12000,SN-X12000-34212,08-07-2022,1500,600V,2024-08-06T00:00:00Z,Standby,Underground vault 4
EQ-5649,C-1363,X-5000,SN-X5000-13823,2022-09-22,250,240V,2023-09-22T00:00:00Z,Standby,Substation B switchgear bay
EQ-5334,C-1440,X-3000,SN-X3000-12244,2023-05-03,100,120V,05-02-2026,in service,Rooftop solar coupler
EQ-7381,C-1048,X-3000,SN-X3000-17893,2022/07/03,100,120V,2025-07-02,Decommissioned,<p>High humidity bay installation</p>
EQ-7252,C-1083,X-3000,SN-X3000-45796,2024/02/12,100,120V,2026-02-11,in service,Rooftop solar coupler
EQ-6737,C-1379,X-9000,SN-X9000-42549,04-09-2021,1000,480V,2023-04-09T00:00:00Z,in service,High humidity bay installation
EQ-5574,C-1223,X-9000,SN-X9000-86850,03-16-2024,1000,480V,03-16-2027,IN SERVICE,Underground vault 4
EQ-6103,C-1486,X-7000,SN-X7000-89874,2022-10-06,500,480V,2025/10/05,In Service,High humidity bay installation
EQ-6099,C-1433,X-9000,SN-X9000-77182,2022/07/22,1000,480V,2024-07-21,Maintenance,Primary power grid node
EQ-5001,C-1456,X-7000,SN-X7000-71300,09/17/2022,500,480V,2023/09/17,In Service,Substation B switchgear bay
EQ-6988,C-1042,X-12000,SN-X12000-21407,2021/04/06,1500,600V,04-05-2024,Decommissioned,Rooftop solar coupler
EQ-7126,C-1280,X-3000,SN-X3000-85771,2023-04-03,100,120V,04-02-2024,decommissioned,   Backup unit near loading dock
EQ-7101,C-1224,X-5000,SN-X5000-56412,12/03/2021,250,240V,2022-12-03T00:00:00Z,in service,Rooftop solar coupler
EQ-6344,C-1450,X-12000,SN-X12000-26389,08/06/2023,1500,600V,08/05/2025,IN SERVICE,Underground vault 4
EQ-5721,C-1374,X-12000,SN-X12000-30052,10-01-2021,1500,600V,2024-09-30,Standby,Rooftop solar coupler
EQ-6884,C-1207,X-9000,SN-X9000-58247,2021/12/07,1000,480V,12/07/2022,in service,Underground vault 4
EQ-6124,C-1247,X-12000,SN-X12000-39347,2022/10/15,1500,600V,10/14/2025,Decommissioned,Underground vault 4
EQ-5516,C-1439,X-5000,SN-X5000-12487,2021-06-05,250,240V,06-05-2022,in service,Rooftop solar coupler
EQ-7299,C-1458,X-9000,SN-X9000-81450,2021-09-06T00:00:00Z,1000,480V,09/06/2022,Maintenance,Backup unit near loading dock
EQ-5831,C-1403,X-3000,SN-X3000-74673,05-26-2022,100,120V,2025-05-25T00:00:00Z,Maintenance,Rooftop solar coupler
EQ-5406,C-1022,X-3000,SN-X3000-92638,2021/05/14,100,120V,2023/05/14,IN SERVICE,Rooftop solar coupler
EQ-7140,C-1030,X-3000,SN-X3000-51043,2022/08/19,100,120V,2024-08-18,IN SERVICE,Backup unit near loading dock
EQ-6227,C-1407,X-7000,SN-X7000-70101,2022/10/30,500,480V,2025-10-29T00:00:00Z,In Service,
EQ-7369,C-1272,X-12000,SN-X12000-32339,2022-07-15T00:00:00Z,1500,600V,2023/07/15,in service,High humidity bay installation
EQ-7435,C-1446,X-7000,SN-X7000-72948,2023-07-18T00:00:00Z,500,480V,2025-07-17T00:00:00Z,In Service,Underground vault 4
EQ-5600,C-1100,X-12000,SN-X12000-31091,2022/09/19,1500,600V,2025-09-18,Maintenance,Backup unit near loading dock
EQ-7079,C-1081,X-3000,SN-X3000-33308,2021/09/18,100,120V,09/17/2024,Decommissioned,Primary power grid node
EQ-5929,C-1346,X-12000,SN-X12000-37175,2022-04-02T00:00:00Z,1500,600V,2023-04-02T00:00:00Z,In Service,<p>Backup unit near loading dock</p>
EQ-5956,C-1241,X-5000,SN-X5000-32302,2024-05-18T00:00:00Z,250,240V,2026-05-18,in service,Primary power grid node
EQ-5322,C-1397,X-3000,SN-X3000-64689,2023-11-06T00:00:00Z,100,120V,11/05/2026,Decommissioned,Backup unit near loading dock
EQ-6131,C-1355,X-12000,SN-X12000-14911,09/14/2023,1500,600V,09/13/2025,Decommissioned,Rooftop solar coupler
EQ-5968,C-1293,X-9000,,03/12/2024,1000,480V,2027/03/12,in service,Primary power grid node
EQ-5628,C-1359,X-7000,SN-X7000-61270,04/12/2022,500,480V,2024-04-11T00:00:00Z,In Service,<strong>Rooftop solar coupler</strong>
EQ-5378,C-1362,X-3000,SN-X3000-20962,2023-01-21,100,120V,01/21/2024,Standby,Underground vault 4
EQ-6257,C-1393,X-9000,SN-X9000-27949,2023-05-06,1000,480V,2024/05/05,Decommissioned,<strong>High humidity bay installation</strong>
EQ-6052,C-1145,X-5000,SN-X5000-11096,04/30/2023,250,240V,2024-04-29,IN SERVICE,Underground vault 4
EQ-7133,C-1435,X-9000,SN-X9000-86085,2021-12-04,1000,480V,2023-12-04,IN SERVICE,Rooftop solar coupler
EQ-7249,C-1357,X-9000,SN-X9000-57388,07/23/2022,1000,480V,2025-07-22T00:00:00Z,In Service,High humidity bay installation
EQ-5415,C-1335,X-9000,SN-X9000-82443,10-22-2023,1000,480V,2024-10-21T00:00:00Z,Decommissioned,High humidity bay installation
EQ-6416,C-1107,X-3000,SN-X3000-78629,2022/09/16,100,120V,09-15-2025,Maintenance,Primary power grid node
EQ-6669,C-1151,X-5000,SN-X5000-96692,2021/12/27,250,240V,2023/12/27,Standby,Primary power grid node
EQ-5525,C-1056,X-3000,SN-X3000-22462,2024-04-22T00:00:00Z,100,120V,2025-04-22T00:00:00Z,decommissioned,High humidity bay installation
EQ-6376,C-1057,X-3000,SN-X3000-85583,2022-04-06T00:00:00Z,100,120V,2025-04-05,IN SERVICE,Underground vault 4
EQ-6753,C-1145,X-3000,SN-X3000-21326,01/17/2022,100,120V,2025-01-16T00:00:00Z,Decommissioned,Substation B switchgear bay
EQ-6180,C-1011,X-5000,SN-X5000-21584,2021/05/30,250,240V,05/30/2022,In Service,Rooftop solar coupler
EQ-6834,C-1447,X-5000,SN-X5000-61691,2021-05-24T00:00:00Z,250,240V,05/24/2022,Standby,<html><body>Rooftop solar coupler</body></html>
EQ-5276,C-1456,X-5000,SN-X5000-51184,03/25/2023,250,240V,2025/03/24,in service,Backup unit near loading dock
EQ-7169,C-1025,X-12000,SN-X12000-82577,10-17-2023,1500,600V,2025-10-16,Maintenance,Rooftop solar coupler
EQ-5962,C-1414,X-5000,SN-X5000-42202,2022-10-13T00:00:00Z,250,240V,2023-10-13,in service,Substation B switchgear bay
EQ-7234,C-1033,X-3000,SN-X3000-61811,09-12-2023,100,120V,2025-09-11,Standby,Backup unit near loading dock
EQ-5838,C-1249,X-7000,SN-X7000-36828,04-11-2022,500,480V,04/11/2023,in service,   
EQ-7346,C-1158,X-12000,SN-X12000-60347,2022/11/08,1500,600V,11/07/2025,in service,High humidity bay installation
EQ-5379,C-1362,X-3000,SN-X3000-80651,2023-05-01,100,120V,04/30/2024,Standby,Underground vault 4
EQ-5621,C-1470,X-3000,SN-X3000-85887,2021-11-29,100,120V,11/29/2022,in service,High humidity bay installation
EQ-6236,C-1072,X-5000,SN-X5000-59358,10-28-2022,250,240V,10-27-2025,Maintenance,Primary power grid node
EQ-7334,C-1497,X-5000,SN-X5000-25440,2024-04-25,250,240V,04/25/2025,IN SERVICE,<strong>Primary power grid node</strong>
EQ-5138,C-1454,X-5000,SN-X5000-93424,2024-01-16,250,240V,01/15/2025,Decommissioned,Backup unit near loading dock
EQ-6855,C-1473,X-9000,SN-X9000-86739,2022-05-02,1000,480V,2024/05/01,In Service,Underground vault 4
EQ-5067,C-1272,X-5000,SN-X5000-67685,10/14/2022,250,240V,2023/10/14,In Service,Backup unit near loading dock
EQ-5583,C-1504,X-12000,SN-X12000-98641,2021-10-18,1500,600V,2022/10/18,In Service,Backup unit near loading dock
EQ-6758,C-1105,X-7000,SN-X7000-20905,2023-06-26T00:00:00Z,500,480V,2024-06-25T00:00:00Z,In Service,Substation B switchgear bay
EQ-6954,C-1442,X-7000,SN-X7000-29475,2021-10-15,500,480V,10/15/2022,Maintenance,Substation B switchgear bay
EQ-6512,C-1445,X-9000,SN-X9000-42980,06-30-2023,1000,480V,06/29/2026,Maintenance,Underground vault 4
EQ-6689,C-1494,X-9000,SN-X9000-38628,03/16/2024,1000,480V,2026/03/16,IN SERVICE,High humidity bay installation
EQ-6674,C-1019,X-9000,SN-X9000-35774,2022-06-21T00:00:00Z,1000,480V,2023-06-21,In Service,High humidity bay installation
EQ-5233,C-1474,X-3000,SN-X3000-76368,01/23/2022,100,120V,01/22/2025,in service,Substation B switchgear bay
EQ-7268,C-1239,X-5000,SN-X5000-61555,04-04-2024,250,240V,2026-04-04,Maintenance,Rooftop solar coupler
EQ-5588,C-1463,X-12000,SN-X12000-30880,2023-06-05T00:00:00Z,1500,600V,2026/06/04,Maintenance,Primary power grid node
EQ-6146,C-1296,X-3000,SN-X3000-26777,2021-12-30T00:00:00Z,100,120V,2024-12-29T00:00:00Z,Standby,<strong>Backup unit near loading dock</strong>
EQ-5026,C-1125,X-7000,SN-X7000-10662,07-13-2023,500,480V,07-12-2024,In Service,Rooftop solar coupler
EQ-6607,C-1236,X-3000,SN-X3000-93106,07/17/2021,100,120V,07/17/2023,IN SERVICE,Backup unit near loading dock
EQ-5123,C-1235,X-5000,SN-X5000-15344,2022-08-17,250,240V,2025/08/16,IN SERVICE,Underground vault 4
EQ-7164,C-1365,X-5000,SN-X5000-18418,2022-10-29,250,240V,10/28/2025,Decommissioned,Substation B switchgear bay
EQ-7417,C-1124,X-7000,SN-X7000-86861,2021-04-21,500,480V,2022-04-21T00:00:00Z,Maintenance,<html>Rooftop solar coupler</html>
EQ-7324,C-1177,X-7000,SN-X7000-69096,2023-05-28,500,480V,05/27/2024,in service,<b>Backup unit near loading dock</b>
EQ-5260,C-1376,X-12000,SN-X12000-71515,2023-02-20T00:00:00Z,1500,600V,2024-02-20T00:00:00Z,Standby,   
EQ-7396,C-1050,X-5000,SN-X5000-65058,11/07/2022,250,240V,11/06/2025,IN SERVICE,Underground vault 4
EQ-7497,C-1222,X-12000,SN-X12000-30527,2021-04-12,1500,600V,04-12-2022,Decommissioned,Underground vault 4
EQ-6925,C-1199,X-12000,SN-X12000-34863,07-01-2023,1500,600V,06-30-2026,Standby,High humidity bay installation
EQ-6670,C-1456,X-5000,SN-X5000-52225,2021-12-15T00:00:00Z,250,240V,12/14/2024,Standby,NULL
EQ-6627,C-1255,X-9000,SN-X9000-12415,2022/05/15,1000,480V,2023-05-15,Maintenance,Rooftop solar coupler
EQ-7096,C-1113,X-5000,   ,2021-08-18,250,240V,08/17/2024,in service,NULL
EQ-6154,C-1034,X-3000,SN-X3000-99998,2023-12-14,100,120V,2025-12-13,In Service,Backup unit near loading dock  
EQ-7489,C-1171,X-9000,SN-X9000-96484,2021-08-02T00:00:00Z,1000,480V,2022-08-02,Maintenance,Primary power grid node
EQ-6947,C-1004,X-3000,SN-X3000-18245,04/16/2023,100,120V,04-15-2025,IN SERVICE,Backup unit near loading dock
EQ-7332,C-1106,X-3000,SN-X3000-61472,2022-10-11T00:00:00Z,100,120V,10/10/2025,in service,Primary power grid node
EQ-5911,C-1119,X-9000,SN-X9000-51950,2023-11-24,1000,480V,11/23/2024,Decommissioned,
EQ-5933,C-1510,X-9000,SN-X9000-41675,2024-05-12,1000,480V,05/12/2025,Decommissioned,Backup unit near loading dock
EQ-6056,C-1171,X-9000,SN-X9000-27438,11-06-2023,1000,480V,11-05-2025,Maintenance,High humidity bay installation
EQ-7127,C-1386,X-5000,SN-X5000-32342,2022/03/05,250,240V,2024-03-04,Standby,   
EQ-6040,C-1500,X-3000,SN-X3000-77337,05-02-2023,100,120V,05/01/2026,Decommissioned,Rooftop solar coupler
EQ-5456,C-1457,X-5000,SN-X5000-81589,2024-06-16,250,240V,06/16/2025,in service,Rooftop solar coupler
EQ-6990,C-1079,X-12000,SN-X12000-70527,2022-07-18T00:00:00Z,1500,600V,07/17/2024,Maintenance,NULL
EQ-7425,C-1305,X-9000,SN-X9000-60454,2023-06-15T00:00:00Z,1000,480V,06-14-2024,In Service,Underground vault 4
EQ-7376,C-1069,X-5000,SN-X5000-30640,10/19/2022,250,240V,2025-10-18T00:00:00Z,IN SERVICE,Rooftop solar coupler
EQ-7003,C-1488,X-9000,SN-X9000-78794,2021/06/27,1000,480V,06/26/2024,in service,<p>Primary power grid node</p>
EQ-5486,C-1362,X-9000,SN-X9000-10352,2022-04-18,1000,480V,04-17-2025,IN SERVICE,Rooftop solar coupler
EQ-6912,C-1268,X-12000,SN-X12000-96400,2023-02-09,1500,600V,2025-02-08T00:00:00Z,Maintenance,High humidity bay installation
EQ-5990,C-1447,X-5000,SN-X5000-69691,07/30/2021,250,240V,2023-07-30,Standby,Substation B switchgear bay
EQ-6815,C-1498,X-7000,SN-X7000-19739,05/20/2024,500,480V,05-20-2025,Decommissioned,High humidity bay installation
EQ-6503,C-1154,X-9000,SN-X9000-23349,02/18/2023,1000,480V,2025-02-17,Decommissioned,Backup unit near loading dock
EQ-6877,C-1241,X-12000,SN-X12000-45777,01/29/2024,1500,600V,2026/01/28,Decommissioned,Backup unit near loading dock
EQ-6639,C-1293,X-12000,SN-X12000-49681,12-12-2022,1500,600V,12/12/2023,In Service,Backup unit near loading dock
EQ-7269,C-1145,X-5000,SN-X5000-73096,2024-05-31,250,240V,05/31/2027,Decommissioned,Primary power grid node
EQ-5371,C-1271,X-12000,SN-X12000-69382,2022/02/17,1500,600V,2025/02/16,Decommissioned,Underground vault 4
EQ-6735,C-1201,X-12000,SN-X12000-93213,2022-01-28,1500,600V,2024/01/28,Standby,Underground vault 4
EQ-5498,C-1503,X-9000,SN-X9000-78287,10-30-2021,1000,480V,2022-10-30,in service,Backup unit near loading dock
EQ-6403,C-1239,X-12000,SN-X12000-76659,2022-04-02,1500,600V,2024-04-01,In Service,Underground vault 4
EQ-6680,C-1221,X-5000,SN-X5000-88971,2022-08-06T00:00:00Z,250,240V,2024-08-05T00:00:00Z,Decommissioned,High humidity bay installation
EQ-5800,C-1223,X-7000,SN-X7000-99857,2023/12/06,500,480V,2024-12-05,in service,High humidity bay installation
EQ-7477,C-1500,X-12000,SN-X12000-21211,09/18/2022,1500,600V,2023-09-18,In Service,Backup unit near loading dock
EQ-5538,C-1347,X-7000,SN-X7000-72852,2022/02/04,500,480V,2025-02-03,Maintenance,
EQ-6603,C-1426,X-5000,SN-X5000-22924,06-28-2022,250,240V,06/28/2023,In Service,Rooftop solar coupler
EQ-7154,C-1086,X-9000,SN-X9000-96435,2023-03-27,1000,480V,2024-03-26,Standby,Underground vault 4
EQ-5232,C-1244,X-9000,SN-X9000-88925,2022/09/01,1000,480V,2023-09-01T00:00:00Z,in service,High humidity bay installation
EQ-6155,C-1387,X-9000,SN-X9000-87286,2023-01-09,1000,480V,01-09-2024,In Service,<p>Backup unit near loading dock</p>
EQ-5239,C-1265,X-3000,SN-X3000-56860,2023/07/05,100,120V,07-04-2024,Standby,Substation B switchgear bay
EQ-7325,C-1302,X-9000,SN-X9000-48028,2022/03/06,1000,480V,2025/03/05,Standby,Backup unit near loading dock
EQ-6808,C-1467,X-5000,SN-X5000-50997,2022/10/24,250,240V,2023-10-24,Maintenance,High humidity bay installation
EQ-7248,C-1040,X-7000,SN-X7000-67295,2023-08-27T00:00:00Z,500,480V,08/26/2024,Decommissioned,NULL
EQ-6037,C-1262,X-3000,SN-X3000-16146,2024-01-03T00:00:00Z,100,120V,01/02/2026,In Service,Primary power grid node
EQ-6513,C-1482,X-9000,SN-X9000-48121,12-11-2021,1000,480V,2024-12-10,in service,Underground vault 4
EQ-5923,C-1338,X-3000,SN-X3000-88142,10/08/2023,100,120V,10/07/2025,in service,Primary power grid node
EQ-6074,C-1025,X-7000,SN-X7000-96486,2021-08-23T00:00:00Z,500,480V,2024-08-22,Decommissioned,Substation B switchgear bay
EQ-5717,C-1056,X-5000,SN-X5000-52894,2023-06-22T00:00:00Z,250,240V,2025-06-21T00:00:00Z,IN SERVICE,Primary power grid node
EQ-6253,C-1277,X-12000,SN-X12000-52859,05/25/2023,1500,600V,2026-05-24,in service,Primary power grid node
EQ-6893,C-1083,X-9000,SN-X9000-13947,2023/01/22,1000,480V,01/22/2024,Standby,Backup unit near loading dock
EQ-6439,C-1244,X-3000,SN-X3000-81777,2021/10/26,100,120V,10-25-2024,in service,   
EQ-6420,C-1222,X-7000,SN-X7000-83530,09/08/2023,500,480V,09-07-2024,Maintenance,Underground vault 4
EQ-6707,C-1296,X-3000,SN-X3000-75135,07/08/2023,100,120V,2024-07-07T00:00:00Z,in service,Underground vault 4
EQ-6283,C-1230,X-7000,SN-X7000-35357,11/26/2022,500,480V,2025-11-25,in service,Rooftop solar coupler
EQ-6383,C-1059,X-3000,SN-X3000-36229,10-10-2021,100,120V,10-10-2022,Decommissioned,Rooftop solar coupler
EQ-7284,C-1171,X-12000,SN-X12000-38973,2023/10/09,1500,600V,10-08-2024,Standby,Substation B switchgear bay
EQ-6966,C-1119,X-3000,SN-X3000-99591,2023-04-13T00:00:00Z,100,120V,2024/04/12,IN SERVICE,Backup unit near loading dock
EQ-6419,C-1298,X-7000,SN-X7000-12180,02/16/2023,500,480V,2025/02/15,Maintenance,   
EQ-5900,C-1261,X-12000,SN-X12000-73591,2023-02-23T00:00:00Z,1500,600V,2024-02-23,In Service,
EQ-7397,C-1394,X-12000,SN-X12000-42669,2021-07-21T00:00:00Z,1500,600V,07-21-2022,Decommissioned,High humidity bay installation
EQ-6766,C-1344,X-7000,SN-X7000-50531,09/04/2022,500,480V,09/04/2023,in service,Backup unit near loading dock
EQ-7486,C-1163,X-5000,SN-X5000-18003,2021/10/18,250,240V,10/18/2023,Maintenance,Backup unit near loading dock
EQ-6970,C-1327,X-5000,SN-X5000-67292,2022-06-24T00:00:00Z,250,240V,2025-06-23,IN SERVICE,Rooftop solar coupler
EQ-6767,C-1239,X-5000,SN-X5000-46868,09/18/2021,250,240V,09/18/2023,in service,   
EQ-5774,C-1238,X-5000,SN-X5000-49618,2021/11/17,250,240V,2023-11-17T00:00:00Z,Maintenance,Backup unit near loading dock
EQ-6260,C-1121,X-9000,SN-X9000-63345,2022-06-24,1000,480V,2025-06-23,IN SERVICE,<strong>Substation B switchgear bay</strong>
EQ-6980,C-1020,X-9000,SN-X9000-50229,05-20-2024,1000,480V,05/20/2027,Standby,Backup unit near loading dock
EQ-7180,C-1025,X-7000,SN-X7000-18919,2021/12/12,500,480V,12-12-2022,in service,Rooftop solar coupler
EQ-6683,C-1514,X-12000,SN-X12000-52005,05-25-2024,1500,600V,05/25/2026,Maintenance,Primary power grid node
EQ-5728,C-1458,X-5000,SN-X5000-26653,2024-04-11T00:00:00Z,250,240V,04/11/2026,Maintenance,Primary power grid node
EQ-5553,C-1072,X-9000,SN-X9000-80453,05/30/2021,1000,480V,05/29/2024,Maintenance,High humidity bay installation
EQ-6302,C-1318,X-9000,SN-X9000-41777,2023-08-04,1000,480V,2025-08-03T00:00:00Z,IN SERVICE,Substation B switchgear bay
EQ-5336,C-1482,X-7000,SN-X7000-50902,2024-04-04,500,480V,04-04-2026,in service,Primary power grid node
EQ-7233,C-1291,X-12000,SN-X12000-83877,2024/02/11,1500,600V,02-10-2027,Standby,High humidity bay installation
EQ-7425,C-1305,X-9000,SN-X9000-60454,2023-06-15T00:00:00Z,1000,480V,06-14-2024,Maintenance,Underground vault 4
EQ-6935,C-1275,X-12000,SN-X12000-12642,2023-06-02T00:00:00Z,1500,600V,2026-06-01,In Service,Substation B switchgear bay
EQ-5854,C-1056,X-9000,SN-X9000-13097,2024-02-11T00:00:00Z,1000,480V,2027-02-10,IN SERVICE,Rooftop solar coupler
EQ-6946,C-1404,X-9000,SN-X9000-95257,2021/07/04,1000,480V,07/04/2022,Maintenance,High humidity bay installation
EQ-5970,C-1056,X-12000,SN-X12000-47108,10/08/2021,1500,600V,2023-10-08,in service,Backup unit near loading dock
EQ-5518,C-1131,X-12000,SN-X12000-81287,05/05/2024,1500,600V,05/05/2025,Standby,Substation B switchgear bay
EQ-5008,C-1226,X-5000,SN-X5000-21818,08-15-2022,250,240V,2023-08-15,Standby,Substation B switchgear bay
EQ-6611,C-1313,X-9000,SN-X9000-40227,03-22-2022,1000,480V,2025/03/21,Standby,Underground vault 4
EQ-7313,C-1377,X-9000,SN-X9000-86757,2021/08/18,1000,480V,2022-08-18T00:00:00Z,Standby,Backup unit near loading dock
EQ-6473,C-1209,X-3000,SN-X3000-94823,2021-12-19,100,120V,12/19/2022,Decommissioned,Primary power grid node
EQ-5237,C-1386,X-5000,SN-X5000-76127,11-07-2021,250,240V,11/07/2023,IN SERVICE,Primary power grid node
EQ-6910,C-1395,X-12000,SN-X12000-11897,2022/11/06,1500,600V,2024/11/05,Maintenance,Backup unit near loading dock
EQ-6271,C-1242,X-12000,SN-X12000-73403,2021/10/28,1500,600V,2023/10/28,In Service,Primary power grid node
EQ-7428,C-1317,X-3000,SN-X3000-30355,2022/08/27,100,120V,08/26/2025,in service,Backup unit near loading dock
EQ-5642,C-1464,X-5000,SN-X5000-96833,2022/02/13,250,240V,02-13-2023,in service,Primary power grid node
EQ-7068,C-1096,X-5000,SN-X5000-34353,05/27/2024,250,240V,05/27/2027,Maintenance,Rooftop solar coupler
EQ-6466,C-1236,X-9000,SN-X9000-83250,02/25/2023,1000,480V,2026-02-24T00:00:00Z,Maintenance,Underground vault 4
EQ-6239,C-1336,X-3000,SN-X3000-90601,2022-11-27,100,120V,2024-11-26,IN SERVICE,Underground vault 4
EQ-6126,C-1186,X-5000,SN-X5000-54344,2023/03/27,250,240V,03/26/2026,Maintenance,Primary power grid node
EQ-6485,C-1292,X-9000,SN-X9000-52366,2021-12-03T00:00:00Z,1000,480V,2024/12/02,Standby,Primary power grid node
EQ-5595,C-1289,X-12000,SN-X12000-28057,2023/09/10,1500,600V,09-09-2025,IN SERVICE,NULL
EQ-5994,C-1467,X-7000,SN-X7000-32494,07/09/2023,500,480V,07/08/2026,in service,Backup unit near loading dock
EQ-5448,C-1356,X-3000,SN-X3000-47167,2023-03-12,100,120V,03/11/2025,Standby,Substation B switchgear bay
EQ-7031,C-1094,X-12000,SN-X12000-49758,09/19/2022,1500,600V,09-18-2025,Decommissioned,<html><body>Rooftop solar coupler</body></html>
EQ-7100,C-1058,X-9000,SN-X9000-93327,2023-01-12T00:00:00Z,1000,480V,01/11/2026,in service,<html>Rooftop solar coupler</html>
EQ-5707,C-1181,X-7000,SN-X7000-55702,10-29-2022,500,480V,10-28-2024,Standby,Rooftop solar coupler
EQ-5153,C-1199,X-3000,SN-X3000-30830,12/27/2023,100,120V,12-26-2024,IN SERVICE,Substation B switchgear bay
EQ-7080,C-1519,X-5000,,06-20-2024,250,240V,2025-06-20T00:00:00Z,Standby,Backup unit near loading dock
EQ-7176,C-1346,X-9000,SN-X9000-28385,07-21-2021,1000,480V,07/20/2024,Maintenance,Underground vault 4
EQ-6474,C-1323,X-3000,SN-X3000-73175,2022-10-20T00:00:00Z,100,120V,2025-10-19,Maintenance,
EQ-5882,C-1280,X-12000,SN-X12000-76930,2022-10-05,1500,600V,10/04/2025,in service,NULL
EQ-5320,C-1190,X-12000,SN-X12000-79582,06/10/2023,1500,600V,2026/06/09,Decommissioned,Substation B switchgear bay
EQ-6842,C-1377,X-12000,SN-X12000-13136,06/14/2022,1500,600V,2024/06/13,In Service,   Backup unit near loading dock
EQ-7291,C-1169,X-9000,SN-X9000-53346,2022/11/02,1000,480V,11/01/2024,in service,Substation B switchgear bay
EQ-6556,C-1289,X-5000,SN-X5000-89803,02-04-2024,250,240V,02/03/2026,Standby,Rooftop solar coupler
EQ-5469,C-1336,X-12000,SN-X12000-20876,2023-08-25,1500,600V,2025-08-24,In Service,<p>Backup unit near loading dock</p>
EQ-7340,C-1411,X-9000,SN-X9000-67537,2023-08-01T00:00:00Z,1000,480V,2024/07/31,Decommissioned,High humidity bay installation
EQ-5567,C-1362,X-5000,SN-X5000-35117,2024-05-11,250,240V,2027/05/11,Maintenance,   
EQ-7142,C-1347,X-9000,SN-X9000-71573,2022/12/11,1000,480V,2023/12/11,Decommissioned,
EQ-7041,C-1487,X-7000,SN-X7000-24834,05/19/2022,500,480V,2024-05-18,In Service,<p>Rooftop solar coupler</p>
EQ-6916,C-1117,X-5000,SN-X5000-42916,2024-03-18,250,240V,03/18/2026,Decommissioned,High humidity bay installation
EQ-5480,C-1303,X-9000,SN-X9000-18299,10/24/2023,1000,480V,10/23/2026,IN SERVICE,Backup unit near loading dock
EQ-7027,C-1460,X-12000,SN-X12000-36813,03-12-2024,1500,600V,03/12/2027,IN SERVICE,High humidity bay installation
EQ-5497,C-1391,X-9000,SN-X9000-35945,2022/06/13,1000,480V,06-13-2023,in service,NULL
EQ-5677,C-1001,X-9000,SN-X9000-55084,12/18/2021,1000,480V,12/17/2024,in service,Substation B switchgear bay
EQ-5796,C-1362,X-12000,SN-X12000-39130,2022-05-05,1500,600V,05/05/2023,Decommissioned,Backup unit near loading dock
EQ-7060,C-1105,X-9000,SN-X9000-16977,2023/06/02,1000,480V,2026/06/01,Standby,Primary power grid node
EQ-7387,C-1385,X-9000,SN-X9000-42140,05-20-2022,1000,480V,05-19-2025,Standby,Backup unit near loading dock
EQ-6579,C-1452,X-3000,SN-X3000-96987,03/24/2024,100,120V,2026/03/24,Decommissioned,NULL
EQ-5772,C-1204,X-5000,SN-X5000-65450,2022/12/15,250,240V,2023-12-15,Maintenance,Substation B switchgear bay
EQ-6888,C-1428,X-3000,SN-X3000-81200,2022-12-31,100,120V,12/31/2023,Standby,NULL
EQ-6123,C-1224,X-12000,SN-X12000-25521,07/06/2021,1500,600V,2023-07-06T00:00:00Z,Decommissioned,Backup unit near loading dock
EQ-6089,C-1164,X-12000,SN-X12000-18416,02/16/2024,1500,600V,02/15/2027,Decommissioned,Backup unit near loading dock
EQ-5915,C-1119,X-9000,SN-X9000-57402,05/27/2023,1000,480V,05/26/2025,Standby,Rooftop solar coupler
EQ-6319,C-1288,X-5000,SN-X5000-34776,2023-07-15,250,240V,2026/07/14,IN SERVICE,
EQ-6866,C-1267,X-9000,SN-X9000-59592,2022-10-13,1000,480V,10-12-2025,Maintenance,Underground vault 4
EQ-7300,C-1456,X-5000,SN-X5000-93672,01/30/2022,250,240V,2024-01-30T00:00:00Z,Standby,   
EQ-6872,C-1165,X-3000,SN-X3000-21343,2024/05/11,100,120V,2025/05/11,Decommissioned,Backup unit near loading dock
EQ-5520,C-1025,X-12000,SN-X12000-61773,03/19/2024,1500,600V,2026/03/19,Standby,Backup unit near loading dock
EQ-5533,C-1416,X-5000,SN-X5000-47239,05-07-2024,250,240V,2027-05-07,IN SERVICE,High humidity bay installation
EQ-6008,C-1352,X-3000,SN-X3000-96759,01/18/2022,100,120V,2024/01/18,IN SERVICE,Underground vault 4
EQ-6878,C-1297,X-9000,SN-X9000-99668,2022/03/27,1000,480V,03-26-2025,Maintenance,High humidity bay installation
EQ-7382,C-1282,X-7000,SN-X7000-26895,2022/11/01,500,480V,11-01-2023,Maintenance,Substation B switchgear bay
EQ-6139,C-1112,X-7000,SN-X7000-95236,2021-09-16T00:00:00Z,500,480V,2024-09-15,Maintenance,High humidity bay installation
EQ-6152,C-1474,X-7000,SN-X7000-18329,2022-06-01T00:00:00Z,500,480V,2024/05/31,in service,Underground vault 4
EQ-6585,C-1204,X-12000,SN-X12000-30768,2023-05-30T00:00:00Z,1500,600V,05/29/2024,in service,Substation B switchgear bay
EQ-5223,C-1374,X-3000,SN-X3000-11469,2022-10-14T00:00:00Z,100,120V,10/14/2023,in service,<p>Rooftop solar coupler</p>
EQ-6448,C-1390,X-9000,SN-X9000-50644,01/13/2024,1000,480V,01-12-2026,in service,<html><body>Primary power grid node</body></html>
EQ-6085,C-1354,X-7000,SN-X7000-46974,05/31/2022,500,480V,05/31/2023,Maintenance,Rooftop solar coupler
EQ-6449,C-1440,X-5000,SN-X5000-77386,2023-05-06T00:00:00Z,250,240V,2024-05-05,in service,Rooftop solar coupler
EQ-5025,C-1107,X-9000,SN-X9000-67271,10/15/2022,1000,480V,2025-10-14,Standby,Backup unit near loading dock
EQ-7321,C-1319,X-3000,SN-X3000-11414,2021-12-30,100,120V,12-30-2023,IN SERVICE,<html>Substation B switchgear bay</html>
EQ-6112,C-1212,X-5000,SN-X5000-96140,2021-09-25,250,240V,2023/09/25,In Service,Substation B switchgear bay
EQ-5694,C-1421,X-5000,SN-X5000-19606,2022-05-19T00:00:00Z,250,240V,2025/05/18,IN SERVICE,Underground vault 4
EQ-6666,C-1307,X-7000,SN-X7000-83297,10/25/2021,500,480V,2023-10-25,IN SERVICE,High humidity bay installation
EQ-6334,C-1423,X-5000,SN-X5000-74418,2023-02-07,250,240V,2024-02-07,In Service,Underground vault 4
EQ-6724,C-1097,X-12000,SN-X12000-90114,2024-02-21T00:00:00Z,1500,600V,02/20/2026,Standby,<html>Underground vault 4</html>
EQ-5826,C-1394,X-7000,SN-X7000-25212,03/19/2024,500,480V,2027-03-19,IN SERVICE,Substation B switchgear bay
EQ-5648,C-1009,X-3000,SN-X3000-99474,2021-08-30,100,120V,08/30/2023,in service,Rooftop solar coupler
EQ-5984,C-1268,X-12000,SN-X12000-12678,2022/11/16,1500,600V,2023-11-16,in service,   
EQ-6106,C-1364,X-3000,SN-X3000-21799,03-26-2023,100,120V,2026-03-25T00:00:00Z,Decommissioned,NULL
EQ-6223,C-1476,X-9000,SN-X9000-49169,2024-05-05,1000,480V,2025-05-05T00:00:00Z,IN SERVICE,High humidity bay installation
EQ-6845,C-1168,X-7000,SN-X7000-61497,07/17/2022,500,480V,2024-07-16,In Service,Backup unit near loading dock
EQ-6241,C-1244,X-5000,SN-X5000-94935,2023-01-18,250,240V,01/17/2025,Decommissioned,Primary power grid node
EQ-5101,C-1434,X-12000,SN-X12000-79881,2023-04-13T00:00:00Z,1500,600V,04/12/2026,IN SERVICE,Underground vault 4
EQ-6287,C-1333,X-5000,SN-X5000-99410,04/17/2023,250,240V,04/16/2024,Maintenance,Substation B switchgear bay
EQ-6128,C-1353,X-3000,SN-X3000-90985,06-30-2022,100,120V,2025-06-29,in service,Underground vault 4
EQ-6971,C-1101,X-3000,SN-X3000-31938,2022-04-17,100,120V,2023/04/17,Decommissioned,<div>High humidity bay installation</div>
EQ-5021,C-1430,X-5000,SN-X5000-92958,01/06/2024,250,240V,2026-01-05T00:00:00Z,in service,High humidity bay installation
EQ-5211,C-1025,X-5000,SN-X5000-18372,08/18/2021,250,240V,08/18/2022,IN SERVICE,<p>Primary power grid node</p>
EQ-7033,C-1459,X-7000,SN-X7000-41106,02-10-2023,500,480V,02-10-2024,Maintenance,Rooftop solar coupler
EQ-6704,C-1371,X-3000,SN-X3000-10795,2023/01/11,100,120V,2024-01-11T00:00:00Z,Standby,Substation B switchgear bay
EQ-6264,C-1225,X-3000,SN-X3000-64959,10/26/2022,100,120V,10/25/2025,Standby,Primary power grid node
EQ-6918,C-1098,X-12000,SN-X12000-60038,08/23/2023,1500,600V,2024/08/22,in service,Substation B switchgear bay
EQ-5070,C-1384,X-12000,SN-X12000-85246,2022-05-15T00:00:00Z,1500,600V,2025-05-14T00:00:00Z,In Service,Rooftop solar coupler
EQ-5658,C-1008,X-7000,SN-X7000-34465,04/19/2023,500,480V,04/18/2026,In Service,High humidity bay installation
EQ-6819,C-1454,X-3000,SN-X3000-57497,08/09/2022,100,120V,08-09-2023,Standby,Primary power grid node
EQ-5568,C-1162,X-3000,SN-X3000-89526,06/02/2023,100,120V,06/01/2024,In Service,<html>High humidity bay installation</html>
EQ-6484,C-1257,X-9000,SN-X9000-21401,2021/08/10,1000,480V,08/09/2024,Standby,High humidity bay installation
EQ-6365,C-1361,X-7000,SN-X7000-33632,2022-06-18,500,480V,2024-06-17T00:00:00Z,In Service,Substation B switchgear bay
EQ-6022,C-1162,X-12000,SN-X12000-49971,2022-07-09,1500,600V,07/09/2023,in service,   
EQ-5635,C-1493,X-3000,NULL,2022/02/26,100,120V,02/26/2023,Standby,Substation B switchgear bay
EQ-6914,C-1289,X-3000,SN-X3000-76599,01/14/2023,100,120V,01/13/2026,IN SERVICE,Substation B switchgear bay
EQ-5841,C-1310,X-5000,SN-X5000-14167,2023-02-16,250,240V,2024-02-16T00:00:00Z,Maintenance,Rooftop solar coupler
EQ-7363,C-1178,X-7000,,2022-04-27,500,480V,04/27/2023,Maintenance,Primary power grid node
EQ-5993,C-1077,X-12000,SN-X12000-64877,01/22/2023,1500,600V,2024-01-22,IN SERVICE,Rooftop solar coupler
EQ-7349,C-1305,X-9000,SN-X9000-35484,08/17/2022,1000,480V,2024-08-16,In Service,Primary power grid node
EQ-5840,C-1107,X-9000,SN-X9000-16587,11/29/2023,1000,480V,11/28/2024,IN SERVICE,Substation B switchgear bay
EQ-6226,C-1250,X-7000,SN-X7000-69555,12/15/2021,500,480V,2023/12/15,In Service,Underground vault 4
EQ-5719,C-1249,X-7000,SN-X7000-37251,11/07/2021,500,480V,2022-11-07T00:00:00Z,in service,Backup unit near loading dock
EQ-5398,C-1122,X-7000,SN-X7000-15139,2023-07-12T00:00:00Z,500,480V,2024-07-11T00:00:00Z,Standby,Primary power grid node
EQ-5768,C-1291,X-7000,SN-X7000-85963,03-28-2024,500,480V,03/28/2027,IN SERVICE,Substation B switchgear bay
EQ-5213,C-1063,X-5000,SN-X5000-37165,2023-10-06,250,240V,10/05/2024,In Service,   
EQ-6695,C-1097,X-9000,SN-X9000-92474,06/20/2023,1000,480V,06-19-2025,In Service,Backup unit near loading dock
EQ-7107,C-1044,X-9000,SN-X9000-85671,09/30/2021,1000,480V,09-29-2024,Maintenance,   
EQ-5899,C-1480,X-9000,SN-X9000-27010,2022/05/21,1000,480V,05-20-2025,Decommissioned,Substation B switchgear bay
EQ-6113,C-1079,X-5000,SN-X5000-57423,2023-02-26T00:00:00Z,250,240V,2026-02-25,in service,Rooftop solar coupler
EQ-6139,C-1112,X-7000,SN-X7000-95236,2021-09-16T00:00:00Z,500,480V,2024-09-15,Maintenance,High humidity bay installation  
EQ-7383,C-1476,X-7000,SN-X7000-36439,2023-12-14T00:00:00Z,500,480V,12-13-2025,Standby,Backup unit near loading dock
EQ-5483,C-1078,X-5000,SN-X5000-95631,2023-04-15T00:00:00Z,250,240V,04/14/2026,IN SERVICE,Substation B switchgear bay
EQ-6406,C-1449,X-3000,SN-X3000-89800,05/04/2021,100,120V,05/03/2024,IN SERVICE,High humidity bay installation
EQ-6246,C-1195,X-5000,SN-X5000-41888,2021-08-28T00:00:00Z,250,240V,08/28/2022,IN SERVICE,High humidity bay installation
EQ-7210,C-1362,X-5000,SN-X5000-23955,03-19-2024,250,240V,2025-03-19,IN SERVICE,Backup unit near loading dock
EQ-6121,C-1205,X-12000,SN-X12000-92842,2023-02-13T00:00:00Z,1500,600V,2026-02-12,In Service,Substation B switchgear bay
EQ-5303,C-1444,X-3000,SN-X3000-57578,07-25-2023,100,120V,2026-07-24,Maintenance,Rooftop solar coupler
EQ-7228,C-1078,X-9000,SN-X9000-54652,2024-04-13,1000,480V,04-13-2026,In Service,Substation B switchgear bay
EQ-5012,C-1126,X-3000,SN-X3000-28098,2024-01-19,100,120V,01-18-2025,In Service,Backup unit near loading dock
EQ-6314,C-1404,X-7000,SN-X7000-82277,04-21-2022,500,480V,2025/04/20,In Service,Backup unit near loading dock
EQ-5896,C-1094,X-12000,SN-X12000-57796,2021/04/20,1500,600V,04-19-2024,In Service,Primary power grid node
EQ-5053,C-1250,X-12000,SN-X12000-17336,10/02/2023,1500,600V,10/01/2026,Decommissioned,Backup unit near loading dock
EQ-6005,C-1268,X-3000,SN-X3000-24441,2022-03-18T00:00:00Z,100,120V,2024-03-17,Maintenance,Rooftop solar coupler
EQ-7030,C-1250,X-12000,SN-X12000-54111,2023-02-23T00:00:00Z,1500,600V,2026-02-22,decommissioned,   Backup unit near loading dock
EQ-7038,C-1202,X-9000,SN-X9000-23831,09-11-2023,1000,480V,2025/09/10,IN SERVICE,Backup unit near loading dock
EQ-6120,C-1207,X-3000,SN-X3000-62244,2021-09-10,100,120V,09/10/2022,IN SERVICE,<html><body>Substation B switchgear bay</body></html>
EQ-6823,C-1470,X-3000,SN-X3000-49662,2022-07-22,100,120V,07/21/2024,Decommissioned,Underground vault 4
EQ-5741,C-1129,X-3000,SN-X3000-90458,05-14-2023,100,120V,05/13/2026,Standby,High humidity bay installation
EQ-7370,C-1086,X-12000,SN-X12000-61111,09/26/2023,1500,600V,2025-09-25,In Service,<html>Rooftop solar coupler</html>
EQ-7168,C-1418,X-12000,SN-X12000-65477,2023-11-07,1500,600V,11/06/2024,Standby,Primary power grid node
EQ-5318,C-1266,X-12000,SN-X12000-46419,2022-05-20,1500,600V,05/19/2025,IN SERVICE,Rooftop solar coupler
EQ-6422,C-1503,X-9000,SN-X9000-77392,08-25-2021,1000,480V,2024-08-24T00:00:00Z,Maintenance,Backup unit near loading dock
EQ-6229,C-1090,X-5000,SN-X5000-20822,01/20/2023,250,240V,2026-01-19,Decommissioned,Backup unit near loading dock
EQ-6852,C-1133,X-9000,SN-X9000-11162,2022/07/17,1000,480V,07/17/2023,In Service,Primary power grid node
EQ-5689,C-1203,X-7000,SN-X7000-40046,2024-06-13,500,480V,06-13-2027,Maintenance,Underground vault 4
EQ-5747,C-1259,X-3000,SN-X3000-59411,2021-09-03,100,120V,09/03/2023,Standby,High humidity bay installation
EQ-6987,C-1158,X-3000,SN-X3000-47101,2022/04/11,100,120V,2025-04-10T00:00:00Z,IN SERVICE,   
EQ-5969,C-1512,X-3000,SN-X3000-65785,01/26/2022,100,120V,2023/01/26,Standby,<html><body>Primary power grid node</body></html>
EQ-6494,C-1436,X-7000,SN-X7000-24035,02/08/2022,500,480V,02/07/2025,Decommissioned,High humidity bay installation
EQ-5848,C-1048,X-3000,SN-X3000-97073,2021/05/05,100,120V,2024/05/04,in service,High humidity bay installation
EQ-6886,C-1345,X-7000,SN-X7000-29588,2024-03-27T00:00:00Z,500,480V,03/27/2026,Standby,Rooftop solar coupler
EQ-6210,C-1516,X-5000,SN-X5000-40063,01/18/2022,250,240V,01-17-2025,IN SERVICE,<p>Backup unit near loading dock</p>
EQ-5130,C-1240,X-3000,SN-X3000-84678,2022/08/30,100,120V,08/29/2025,In Service,Underground vault 4
EQ-7237,C-1354,X-9000,SN-X9000-45442,2023-09-19T00:00:00Z,1000,480V,09/18/2024,in service,   
EQ-6281,C-1149,X-5000,SN-X5000-72274,2023-11-17T00:00:00Z,250,240V,11-16-2025,Standby,Primary power grid node
EQ-5354,C-1220,X-7000,SN-X7000-61196,10/05/2022,500,480V,2023-10-05,Maintenance,Backup unit near loading dock
EQ-5545,C-1388,X-9000,SN-X9000-44737,04/23/2024,1000,480V,04/23/2026,Decommissioned,Underground vault 4
EQ-6853,C-1479,X-5000,SN-X5000-78506,05/11/2023,250,240V,2026-05-10,Maintenance,High humidity bay installation
EQ-5139,C-1263,X-12000,SN-X12000-67763,2022-03-30,1500,600V,2025-03-29T00:00:00Z,IN SERVICE,Rooftop solar coupler
EQ-7115,C-1154,X-7000,SN-X7000-87019,2022-01-14T00:00:00Z,500,480V,2024-01-14,IN SERVICE,Primary power grid node
EQ-7292,C-1205,X-9000,SN-X9000-41631,11/14/2022,1000,480V,11/13/2024,Maintenance,Underground vault 4
EQ-7156,C-1075,X-7000,SN-X7000-74387,07/31/2022,500,480V,2024/07/30,IN SERVICE,Backup unit near loading dock
EQ-6520,C-1342,X-7000,SN-X7000-74552,12/26/2022,500,480V,12/25/2025,IN SERVICE,Rooftop solar coupler
EQ-6024,C-1076,X-9000,SN-X9000-30941,01/03/2022,1000,480V,01/03/2024,In Service,High humidity bay installation
EQ-5737,C-1240,X-12000,SN-X12000-24338,2024/01/07,1500,600V,2025/01/06,IN SERVICE,Backup unit near loading dock
EQ-7138,C-1068,X-5000,SN-X5000-23414,04/06/2023,250,240V,04-05-2025,Decommissioned,Backup unit near loading dock
EQ-6530,C-1301,X-9000,NULL,05-23-2023,1000,480V,05/22/2026,Maintenance,Backup unit near loading dock
EQ-6098,C-1476,X-7000,SN-X7000-77147,11/24/2023,500,480V,11/23/2025,In Service,Backup unit near loading dock
EQ-7258,C-1053,X-5000,SN-X5000-10648,08/31/2023,250,240V,2024-08-30,Standby,Underground vault 4
EQ-6738,C-1294,X-9000,SN-X9000-53624,2023-08-26T00:00:00Z,1000,480V,2024-08-25T00:00:00Z,Maintenance,Rooftop solar coupler
EQ-5512,C-1227,X-3000,SN-X3000-40040,2023-02-10T00:00:00Z,100,120V,02-10-2024,In Service,High humidity bay installation
EQ-7289,C-1169,X-12000,SN-X12000-81482,01/15/2023,1500,600V,01/14/2026,Maintenance,Primary power grid node
EQ-6575,C-1009,X-9000,NULL,11-12-2023,1000,480V,11/11/2025,Standby,Underground vault 4
EQ-5041,C-1047,X-9000,SN-X9000-60504,08/23/2021,1000,480V,2023-08-23T00:00:00Z,in service,Underground vault 4
EQ-6934,C-1185,X-5000,SN-X5000-66254,02-03-2022,250,240V,2023-02-03T00:00:00Z,In Service,High humidity bay installation
EQ-5537,C-1090,X-12000,SN-X12000-44854,2024-03-30T00:00:00Z,1500,600V,2026-03-30,Decommissioned,Underground vault 4
EQ-5965,C-1208,X-3000,SN-X3000-42192,04/30/2023,100,120V,04-29-2024,Decommissioned,Substation B switchgear bay
EQ-5400,C-1268,X-3000,SN-X3000-86820,2021-11-05T00:00:00Z,100,120V,2023-11-05T00:00:00Z,Maintenance,Primary power grid node
EQ-6172,C-1225,X-9000,SN-X9000-53583,2024/05/27,1000,480V,05/27/2025,in service,Rooftop solar coupler
EQ-7464,C-1489,X-7000,SN-X7000-52354,2022-01-11T00:00:00Z,500,480V,2025-01-10T00:00:00Z,Maintenance,Underground vault 4
EQ-5801,C-1414,X-9000,SN-X9000-87658,2023/06/24,1000,480V,06/23/2026,In Service,High humidity bay installation
EQ-6703,C-1127,X-3000,SN-X3000-63374,12/05/2022,100,120V,2023-12-05T00:00:00Z,Decommissioned,<strong>Rooftop solar coupler</strong>
EQ-5435,C-1388,X-7000,SN-X7000-25894,2022-04-25T00:00:00Z,500,480V,04-25-2023,Maintenance,Primary power grid node
EQ-5215,C-1020,X-9000,SN-X9000-76879,2022/11/15,1000,480V,2024-11-14T00:00:00Z,In Service,<strong>Underground vault 4</strong>
EQ-6745,C-1334,X-12000,SN-X12000-88154,2022-02-17,1500,600V,2025-02-16,Maintenance,Underground vault 4
EQ-5507,C-1183,X-9000,SN-X9000-65468,12/23/2022,1000,480V,12-22-2025,In Service,High humidity bay installation
EQ-6692,C-1348,X-5000,SN-X5000-15153,2023-11-23,250,240V,11/22/2026,Standby,Substation B switchgear bay
EQ-5261,C-1492,X-7000,SN-X7000-47872,2024-02-16T00:00:00Z,500,480V,02/15/2025,in service,High humidity bay installation
EQ-5102,C-1122,X-5000,SN-X5000-29929,2024/04/12,250,240V,04-12-2027,Maintenance,Backup unit near loading dock
EQ-7492,C-1018,X-5000,SN-X5000-19981,08-30-2023,250,240V,08/29/2025,In Service,Backup unit near loading dock
EQ-5980,C-1090,X-7000,SN-X7000-69717,2024-01-30,500,480V,2027/01/29,in service,High humidity bay installation
EQ-5375,C-1382,X-12000,SN-X12000-41653,2024-04-08,1500,600V,04-08-2027,In Service,High humidity bay installation
EQ-6125,C-1027,X-3000,SN-X3000-51442,2021-06-30T00:00:00Z,100,120V,2023/06/30,Maintenance,High humidity bay installation
EQ-6649,C-1452,X-9000,SN-X9000-13581,06/30/2022,1000,480V,2023-06-30T00:00:00Z,Maintenance,High humidity bay installation
EQ-6691,C-1176,X-3000,SN-X3000-29156,2024-06-27T00:00:00Z,100,120V,06/27/2025,Standby,High humidity bay installation
EQ-5197,C-1211,X-9000,SN-X9000-56316,11-04-2021,1000,480V,11/04/2022,in service,Underground vault 4
EQ-6232,C-1124,X-5000,SN-X5000-60128,06/04/2022,250,240V,06-03-2024,In Service,Rooftop solar coupler
EQ-6248,C-1501,X-9000,SN-X9000-84727,2021-08-25,1000,480V,2023-08-25,IN SERVICE,Substation B switchgear bay
EQ-5787,C-1274,X-7000,SN-X7000-50278,12-10-2023,500,480V,12-09-2025,in service,Substation B switchgear bay
EQ-6399,C-1098,X-7000,SN-X7000-45186,03/11/2022,500,480V,2024-03-10,Decommissioned,High humidity bay installation
EQ-6756,C-1289,X-12000,SN-X12000-36380,2021/08/31,1500,600V,2024-08-30T00:00:00Z,Standby,Rooftop solar coupler
EQ-7294,C-1142,X-7000,SN-X7000-77459,04/21/2023,500,480V,2024/04/20,Standby,Rooftop solar coupler
EQ-5183,C-1027,X-3000,SN-X3000-19753,03/29/2022,100,120V,2024-03-28,In Service,NULL
EQ-6447,C-1122,X-5000,SN-X5000-76132,2023-12-11T00:00:00Z,250,240V,12/10/2026,IN SERVICE,High humidity bay installation
EQ-5076,C-1257,X-9000,SN-X9000-71042,10/12/2023,1000,480V,10/11/2026,IN SERVICE,Underground vault 4
EQ-6198,C-1478,X-7000,SN-X7000-73514,2021-09-01T00:00:00Z,500,480V,08-31-2024,IN SERVICE,Rooftop solar coupler
EQ-6214,C-1127,X-7000,SN-X7000-82944,06/23/2021,500,480V,2024-06-22T00:00:00Z,Maintenance,
EQ-6701,C-1146,X-7000,SN-X7000-42601,05-28-2022,500,480V,2023-05-28,in service,High humidity bay installation
EQ-7251,C-1499,X-12000,SN-X12000-26078,2023-01-04,1500,600V,01/03/2026,In Service,Primary power grid node
EQ-5739,C-1420,X-7000,SN-X7000-35212,05/05/2022,500,480V,05/04/2025,Standby,Primary power grid node
EQ-6547,C-1358,X-9000,SN-X9000-53248,10/08/2021,1000,480V,10/08/2023,in service,Substation B switchgear bay
EQ-6863,C-1490,X-7000,SN-X7000-63088,09-01-2021,500,480V,2024-08-31T00:00:00Z,Standby,Backup unit near loading dock
EQ-6843,C-1341,X-5000,SN-X5000-35618,06/21/2023,250,240V,2026-06-20T00:00:00Z,Standby,<p>Backup unit near loading dock</p>
EQ-6664,C-1388,X-12000,SN-X12000-53197,2022/08/12,1500,600V,2025-08-11T00:00:00Z,IN SERVICE,Rooftop solar coupler
EQ-5903,C-1420,X-9000,SN-X9000-82284,2023-03-23,1000,480V,2025/03/22,in service,Rooftop solar coupler
EQ-5804,C-1297,X-3000,SN-X3000-96975,2024/03/05,100,120V,03-05-2026,in service,Backup unit near loading dock
EQ-7045,C-1271,X-7000,SN-X7000-99193,11/22/2023,500,480V,2026-11-21T00:00:00Z,in service,Backup unit near loading dock
EQ-6190,C-1293,X-3000,SN-X3000-15975,2024-05-28,100,120V,2027-05-28,Standby,High humidity bay installation
EQ-7353,C-1065,X-12000,SN-X12000-72659,11/13/2022,1500,600V,11-13-2023,In Service,Underground vault 4
EQ-6436,C-1175,X-9000,SN-X9000-42243,2023/03/02,1000,480V,2024/03/01,IN SERVICE,Underground vault 4
EQ-6985,C-1405,X-12000,SN-X12000-81791,04/19/2024,1500,600V,04/19/2026,IN SERVICE,Rooftop solar coupler
EQ-6288,C-1120,X-3000,SN-X3000-41965,2021/04/28,100,120V,04/28/2023,In Service,NULL
EQ-5989,C-1070,X-12000,SN-X12000-62403,2021-05-20,1500,600V,05/19/2024,in service,Underground vault 4
EQ-5328,C-1441,X-7000,SN-X7000-81082,2024-04-28,500,480V,2027-04-28,In Service,
EQ-7344,C-1003,X-5000,SN-X5000-75802,01/17/2024,250,240V,01/16/2025,Maintenance,Backup unit near loading dock
EQ-5852,C-1493,X-12000,SN-X12000-32377,2023-08-29T00:00:00Z,1500,600V,2026-08-28T00:00:00Z,Maintenance,Underground vault 4
EQ-6483,C-1229,X-9000,SN-X9000-55169,02/05/2023,1000,480V,2026-02-04T00:00:00Z,Standby,Backup unit near loading dock
EQ-5982,C-1487,X-3000,SN-X3000-96392,2022-11-30T00:00:00Z,100,120V,11/29/2025,decommissioned,NULL
EQ-6582,C-1220,X-5000,SN-X5000-86741,02-27-2023,250,240V,2026-02-26T00:00:00Z,IN SERVICE,Substation B switchgear bay
EQ-6636,C-1171,X-12000,SN-X12000-44392,2021-10-27T00:00:00Z,1500,600V,2024-10-26,Standby,Backup unit near loading dock
EQ-5976,C-1424,X-7000,SN-X7000-39542,05-16-2023,500,480V,05/15/2024,Maintenance,Substation B switchgear bay
EQ-5401,C-1242,X-9000,SN-X9000-71901,2024-01-14T00:00:00Z,1000,480V,2026-01-13,Standby,High humidity bay installation
EQ-5746,C-1393,X-5000,SN-X5000-97605,02/10/2022,250,240V,02-09-2025,Maintenance,Backup unit near loading dock
EQ-6340,C-1268,X-7000,SN-X7000-22513,01-13-2022,500,480V,2023/01/13,Standby,High humidity bay installation
EQ-5419,C-1280,X-3000,SN-X3000-32795,2022-06-17T00:00:00Z,100,120V,06/16/2024,Decommissioned,Underground vault 4
EQ-5186,C-1074,X-5000,SN-X5000-35860,01/10/2024,250,240V,01/09/2027,Standby,Backup unit near loading dock
EQ-7347,C-1281,X-9000,SN-X9000-27153,2022/08/05,1000,480V,08/04/2025,In Service,Substation B switchgear bay
EQ-6027,C-1397,X-3000,SN-X3000-96360,2023/04/17,100,120V,2024/04/16,Standby,<html>Primary power grid node</html>
EQ-5616,C-1278,X-7000,SN-X7000-99468,2022/03/29,500,480V,03-29-2023,In Service,Underground vault 4
EQ-6444,C-1322,X-5000,SN-X5000-18793,2022-09-01,250,240V,2023-09-01T00:00:00Z,in service,
EQ-6328,C-1284,X-9000,SN-X9000-80198,06-04-2021,1000,480V,2023-06-04,In Service,Underground vault 4
EQ-6761,C-1305,X-5000,SN-X5000-81823,2024/06/29,250,240V,06/29/2026,Standby,Rooftop solar coupler
EQ-7498,C-1273,X-12000,NULL,2021/11/13,1500,600V,2023-11-13T00:00:00Z,Maintenance,Substation B switchgear bay
EQ-7433,C-1053,X-12000,SN-X12000-27547,06-02-2023,1500,600V,06/01/2024,Decommissioned,Underground vault 4
EQ-5116,C-1371,X-7000,SN-X7000-99523,2023-03-06,500,480V,03-05-2025,IN SERVICE,High humidity bay installation
EQ-5531,C-1238,X-9000,SN-X9000-29718,11/05/2023,1000,480V,2026/11/04,Maintenance,NULL
EQ-5797,C-1515,X-12000,SN-X12000-65983,06/16/2021,1500,600V,2024-06-15T00:00:00Z,Maintenance,<strong>Substation B switchgear bay</strong>
EQ-5159,C-1491,X-3000,SN-X3000-19094,08/17/2022,100,120V,2025-08-16T00:00:00Z,Decommissioned,   
EQ-5735,C-1131,X-3000,SN-X3000-55436,2024-05-07,100,120V,2026/05/07,Standby,Substation B switchgear bay
EQ-5111,C-1418,X-7000,SN-X7000-20891,2021/04/27,500,480V,04/27/2022,Standby,Rooftop solar coupler
EQ-7411,C-1151,X-9000,SN-X9000-63389,04/29/2021,1000,480V,2023/04/29,Decommissioned,<b>High humidity bay installation</b>
EQ-5298,C-1144,X-9000,SN-X9000-37605,2021/04/02,1000,480V,2022-04-02,IN SERVICE,Primary power grid node
EQ-6697,C-1159,X-5000,SN-X5000-32664,2022-05-31,250,240V,2025/05/30,In Service,Primary power grid node
EQ-6028,C-1422,X-7000,SN-X7000-30045,11-16-2022,500,480V,2023/11/16,Maintenance,Backup unit near loading dock
EQ-5807,C-1382,X-12000,SN-X12000-28043,2022/12/04,1500,600V,2025-12-03,Decommissioned,Backup unit near loading dock
EQ-6336,C-1100,X-9000,SN-X9000-97534,2023/03/06,1000,480V,03/05/2024,Standby,Primary power grid node
EQ-5127,C-1184,X-5000,SN-X5000-22664,2024-02-04T00:00:00Z,250,240V,02/03/2027,Maintenance,Substation B switchgear bay
EQ-7165,C-1443,X-7000,SN-X7000-94440,12/29/2022,500,480V,12-28-2025,Maintenance,High humidity bay installation
EQ-5446,C-1431,X-7000,SN-X7000-30753,12/16/2021,500,480V,12/16/2022,in service,Primary power grid node
EQ-6140,C-1042,X-7000,SN-X7000-31176,2022-03-06T00:00:00Z,500,480V,2023-03-06T00:00:00Z,decommissioned,<p>Underground vault 4</p>
EQ-5806,C-1300,X-7000,SN-X7000-77936,2021/11/14,500,480V,11/13/2024,In Service,Backup unit near loading dock
EQ-5690,C-1456,X-3000,SN-X3000-51736,08/28/2022,100,120V,2025-08-27,In Service,Backup unit near loading dock
EQ-6240,C-1377,X-9000,SN-X9000-66100,02/26/2023,1000,480V,2024/02/26,in service,<b>Backup unit near loading dock</b>
EQ-7445,C-1478,X-3000,SN-X3000-87305,2022/03/27,100,120V,2024-03-26T00:00:00Z,Maintenance,Backup unit near loading dock
EQ-7460,C-1161,X-9000,SN-X9000-67390,10/05/2022,1000,480V,10/05/2023,in service,
EQ-5653,C-1296,X-5000,SN-X5000-89253,2022-04-22,250,240V,04-21-2025,IN SERVICE,Substation B switchgear bay
EQ-6978,C-1465,X-7000,SN-X7000-54571,2024-03-03T00:00:00Z,500,480V,2027-03-03,in service,<html>Substation B switchgear bay</html>
EQ-5079,C-1132,X-12000,SN-X12000-34752,2022-01-29T00:00:00Z,1500,600V,2023-01-29T00:00:00Z,in service,NULL
EQ-6189,C-1187,X-5000,SN-X5000-45638,06/16/2022,250,240V,06/15/2024,Standby,Rooftop solar coupler
EQ-5457,C-1284,X-12000,SN-X12000-73347,03/31/2022,1500,600V,2024/03/30,Maintenance,Backup unit near loading dock
EQ-6621,C-1133,X-5000,SN-X5000-79922,2022-06-29T00:00:00Z,250,240V,2023-06-29T00:00:00Z,Maintenance,Substation B switchgear bay
EQ-7116,C-1034,X-12000,SN-X12000-69075,03/23/2023,1500,600V,2025-03-22T00:00:00Z,IN SERVICE,<html>Substation B switchgear bay</html>
EQ-6487,C-1351,X-9000,SN-X9000-11040,07/12/2021,1000,480V,2024-07-11,IN SERVICE,High humidity bay installation
EQ-5684,C-1132,X-5000,SN-X5000-28564,2022-02-25T00:00:00Z,250,240V,02-24-2025,Decommissioned,Primary power grid node
EQ-5904,C-1332,X-7000,SN-X7000-67269,11/29/2021,500,480V,2022-11-29,Decommissioned,High humidity bay installation
EQ-7071,C-1249,X-7000,NULL,05-13-2021,500,480V,2023-05-13T00:00:00Z,IN SERVICE,Rooftop solar coupler
EQ-7207,C-1076,X-12000,SN-X12000-42312,2024/02/06,1500,600V,2027-02-05T00:00:00Z,in service,High humidity bay installation
EQ-6678,C-1332,X-7000,SN-X7000-64241,11/04/2023,500,480V,11/03/2025,in service,Primary power grid node
EQ-5220,C-1309,X-7000,SN-X7000-87759,12/13/2022,500,480V,2024-12-12T00:00:00Z,Maintenance,Primary power grid node
EQ-5485,C-1513,X-5000,SN-X5000-84847,2023/02/11,250,240V,2025-02-10T00:00:00Z,in service,Substation B switchgear bay
EQ-6373,C-1381,X-5000,SN-X5000-88769,2023/06/22,250,240V,06-21-2026,Standby,Rooftop solar coupler
EQ-5830,C-1363,X-12000,SN-X12000-23848,05/26/2023,1500,600V,2025-05-25T00:00:00Z,Standby,Primary power grid node
EQ-6467,C-1392,X-12000,SN-X12000-21583,11-26-2022,1500,600V,11/25/2024,IN SERVICE,Underground vault 4
EQ-5420,C-1483,X-7000,SN-X7000-78184,01-09-2022,500,480V,2025-01-08,Decommissioned,Primary power grid node
EQ-6245,C-1360,X-7000,   ,12/30/2022,500,480V,2023/12/30,In Service,Primary power grid node
EQ-6728,C-1178,X-3000,SN-X3000-74478,02/05/2024,100,120V,02/04/2027,IN SERVICE,Rooftop solar coupler
EQ-6249,C-1455,X-3000,SN-X3000-56281,2022/03/02,100,120V,2025/03/01,Maintenance,Rooftop solar coupler
EQ-7065,C-1304,X-5000,SN-X5000-43186,03/30/2022,250,240V,2023-03-30T00:00:00Z,In Service,High humidity bay installation
EQ-6941,C-1450,X-7000,SN-X7000-97183,05/03/2021,500,480V,2023/05/03,Decommissioned,High humidity bay installation
EQ-6785,C-1348,X-3000,SN-X3000-30079,10/23/2022,100,120V,2025/10/22,in service,High humidity bay installation
EQ-6531,C-1236,X-7000,SN-X7000-17820,10/17/2021,500,480V,2022/10/17,IN SERVICE,<b>Rooftop solar coupler</b>
EQ-6818,C-1469,X-5000,SN-X5000-92663,2023-05-30T00:00:00Z,250,240V,05/29/2026,in service,Rooftop solar coupler
EQ-7260,C-1313,X-9000,SN-X9000-36498,2021-06-16,1000,480V,06/16/2022,IN SERVICE,<html><body>Primary power grid node</body></html>
EQ-6390,C-1501,X-7000,SN-X7000-23872,09/14/2023,500,480V,09-13-2025,In Service,Substation B switchgear bay
EQ-5851,C-1130,X-7000,SN-X7000-24673,05/23/2023,500,480V,2024-05-22,IN SERVICE,Primary power grid node
EQ-5549,C-1347,X-12000,SN-X12000-37150,08/11/2023,1500,600V,08/10/2025,IN SERVICE,<html>Rooftop solar coupler</html>
EQ-5791,C-1302,X-12000,SN-X12000-82834,01/18/2023,1500,600V,01/17/2026,Standby,High humidity bay installation
EQ-5945,C-1247,X-12000,SN-X12000-26049,2021-12-15T00:00:00Z,1500,600V,2023-12-15,in service,Primary power grid node
EQ-6558,C-1491,X-9000,SN-X9000-69797,09/17/2023,1000,480V,09/16/2026,in service,Rooftop solar coupler
EQ-6220,C-1473,X-7000,,2022-10-22T00:00:00Z,500,480V,2023/10/22,Decommissioned,
EQ-6838,C-1266,X-12000,SN-X12000-18611,10/14/2022,1500,600V,10/13/2025,In Service,Substation B switchgear bay
EQ-7208,C-1051,X-5000,SN-X5000-21902,01-18-2024,250,240V,01-17-2027,in service,Substation B switchgear bay
EQ-6411,C-1034,X-12000,SN-X12000-89793,2022/10/10,1500,600V,2024-10-09T00:00:00Z,Standby,Primary power grid node
EQ-6071,C-1167,X-7000,SN-X7000-31478,06/18/2023,500,480V,06/17/2025,Maintenance,Substation B switchgear bay
EQ-5361,C-1247,X-5000,SN-X5000-63835,06/29/2021,250,240V,2022-06-29,Maintenance,<html>Rooftop solar coupler</html>
EQ-7166,C-1003,X-9000,NULL,07/02/2021,1000,480V,07-02-2022,in service,<b>Rooftop solar coupler</b>
EQ-6355,C-1483,X-12000,SN-X12000-83460,01/08/2024,1500,600V,01-07-2027,Decommissioned,Primary power grid node
EQ-5114,C-1281,X-3000,SN-X3000-94815,2023/09/19,100,120V,09/18/2025,Decommissioned,Substation B switchgear bay
EQ-7036,C-1300,X-3000,SN-X3000-38419,02/18/2024,100,120V,2026/02/17,In Service,High humidity bay installation
EQ-6677,C-1133,X-5000,SN-X5000-30387,2022/04/24,250,240V,2024-04-23T00:00:00Z,in service,Primary power grid node
EQ-6479,C-1053,X-12000,SN-X12000-58176,03/31/2024,1500,600V,03/31/2027,IN SERVICE,NULL
EQ-5022,C-1446,X-12000,SN-X12000-15326,09/04/2021,1500,600V,09/04/2023,in service,Primary power grid node
EQ-5656,C-1517,X-12000,SN-X12000-79966,2024-01-05T00:00:00Z,1500,600V,2027/01/04,Standby,Substation B switchgear bay
EQ-6517,C-1305,X-5000,SN-X5000-68349,2023/07/02,250,240V,2026/07/01,IN SERVICE,High humidity bay installation
EQ-7343,C-1195,X-5000,SN-X5000-17775,2023-03-25T00:00:00Z,250,240V,03-24-2026,Decommissioned,Underground vault 4
EQ-5778,C-1435,X-12000,SN-X12000-97257,2021-06-24T00:00:00Z,1500,600V,2023-06-24T00:00:00Z,Maintenance,High humidity bay installation
EQ-5913,C-1442,X-9000,SN-X9000-98007,11/02/2023,1000,480V,11-01-2024,IN SERVICE,Underground vault 4
EQ-6749,C-1250,X-3000,SN-X3000-31942,08-12-2023,100,120V,2026/08/11,Decommissioned,Primary power grid node
EQ-5668,C-1432,X-9000,SN-X9000-31890,2022/01/16,1000,480V,2023-01-16,In Service,High humidity bay installation
EQ-5743,C-1319,X-5000,SN-X5000-75274,2023-11-28T00:00:00Z,250,240V,11/27/2025,IN SERVICE,<b>Backup unit near loading dock</b>
EQ-5296,C-1285,X-5000,SN-X5000-53273,09/18/2023,250,240V,09/17/2026,Standby,<div>Underground vault 4</div>
EQ-5762,C-1309,X-5000,SN-X5000-73393,2023-07-14,250,240V,07/13/2026,In Service,Substation B switchgear bay
EQ-6885,C-1117,X-3000,SN-X3000-37517,06/28/2023,100,120V,06/27/2026,Maintenance,Substation B switchgear bay
EQ-5793,C-1434,X-12000,SN-X12000-57614,12-23-2022,1500,600V,12-22-2025,In Service,High humidity bay installation
EQ-5404,C-1457,X-9000,SN-X9000-32360,2022-02-17,1000,480V,02/17/2023,Decommissioned,Substation B switchgear bay
EQ-5714,C-1018,X-3000,SN-X3000-90076,07/02/2022,100,120V,07-01-2025,In Service,<b>Primary power grid node</b>
EQ-7375,C-1359,X-3000,SN-X3000-46362,2023-03-09T00:00:00Z,100,120V,03/08/2026,in service,Primary power grid node
EQ-5447,C-1151,X-9000,SN-X9000-76500,11-19-2022,1000,480V,11/18/2025,IN SERVICE,High humidity bay installation
EQ-7149,C-1177,X-12000,SN-X12000-98403,09/13/2021,1500,600V,2024/09/12,IN SERVICE,High humidity bay installation
EQ-5502,C-1286,X-7000,SN-X7000-80731,2023-04-21,500,480V,04-20-2025,in service,Backup unit near loading dock
EQ-6345,C-1331,X-12000,SN-X12000-50445,01/24/2024,1500,600V,2026-01-23,In Service,Underground vault 4
EQ-6025,C-1069,X-5000,SN-X5000-40425,2021-06-03,250,240V,2024-06-02T00:00:00Z,Maintenance,Rooftop solar coupler
EQ-5867,C-1035,X-5000,SN-X5000-64116,2023-07-21T00:00:00Z,250,240V,2024-07-20T00:00:00Z,Maintenance,High humidity bay installation
EQ-7424,C-1466,X-3000,SN-X3000-22305,2022-03-02T00:00:00Z,100,120V,2025-03-01,In Service,Rooftop solar coupler
EQ-7037,C-1087,X-3000,SN-X3000-18142,2022-11-05T00:00:00Z,100,120V,11-04-2024,in service,Substation B switchgear bay
EQ-6782,C-1047,X-9000,SN-X9000-53338,2022/11/22,1000,480V,11-21-2024,in service,Substation B switchgear bay
EQ-6714,C-1507,X-3000,SN-X3000-60994,2021-04-02T00:00:00Z,100,120V,2024/04/01,Decommissioned,NULL
EQ-5349,C-1381,X-7000,SN-X7000-85310,04/06/2021,500,480V,2024-04-05,IN SERVICE,Underground vault 4
EQ-7438,C-1137,X-9000,SN-X9000-23903,05/25/2024,1000,480V,2026-05-25T00:00:00Z,Standby,
EQ-5941,C-1118,X-3000,SN-X3000-32721,2022-02-16,100,120V,02/16/2024,IN SERVICE,NULL
EQ-7485,C-1301,X-7000,SN-X7000-92796,10/02/2021,500,480V,10/02/2023,IN SERVICE,High humidity bay installation
EQ-5311,C-1089,X-9000,SN-X9000-97164,2022-02-28T00:00:00Z,1000,480V,02-27-2025,Maintenance,Rooftop solar coupler
EQ-6716,C-1510,X-9000,SN-X9000-99228,2021-08-23T00:00:00Z,1000,480V,2022-08-23T00:00:00Z,Standby,Substation B switchgear bay
EQ-5560,C-1125,X-3000,SN-X3000-68473,01/02/2022,100,120V,2025/01/01,Maintenance,<html><body>High humidity bay installation</body></html>
EQ-7215,C-1326,X-5000,SN-X5000-51726,2022/09/25,250,240V,09/25/2023,IN SERVICE,Underground vault 4
EQ-6938,C-1365,X-3000,SN-X3000-14999,05-05-2024,100,120V,05-05-2025,in service,Rooftop solar coupler
EQ-7173,C-1157,X-7000,SN-X7000-42502,2021-11-06T00:00:00Z,500,480V,11/06/2023,Maintenance,High humidity bay installation
EQ-7463,C-1307,X-7000,SN-X7000-22418,12/25/2022,500,480V,12-24-2024,IN SERVICE,Rooftop solar coupler
EQ-6640,C-1181,X-12000,SN-X12000-35086,08-23-2021,1500,600V,08-23-2022,Maintenance,<b>Backup unit near loading dock</b>
EQ-5805,C-1076,X-12000,SN-X12000-91166,10-25-2023,1500,600V,2026/10/24,in service,Rooftop solar coupler
EQ-6565,C-1071,X-7000,SN-X7000-79607,05-13-2024,500,480V,05/13/2026,in service,<html>Substation B switchgear bay</html>
EQ-5542,C-1083,X-5000,SN-X5000-45861,2021/05/28,250,240V,05/27/2024,Maintenance,Rooftop solar coupler
EQ-5986,C-1463,X-3000,SN-X3000-71735,2021/12/03,100,120V,2024/12/02,IN SERVICE,Backup unit near loading dock
EQ-5073,C-1516,X-3000,SN-X3000-25622,2023-07-21T00:00:00Z,100,120V,2025-07-20,Maintenance,Rooftop solar coupler
EQ-6222,C-1319,X-5000,SN-X5000-45830,05/01/2023,250,240V,2025/04/30,In Service,Primary power grid node
EQ-6741,C-1305,X-5000,SN-X5000-83768,2021-05-06T00:00:00Z,250,240V,2022/05/06,Standby,Backup unit near loading dock
EQ-6923,C-1188,X-9000,SN-X9000-77981,04-24-2021,1000,480V,04-24-2022,In Service,Primary power grid node
EQ-5175,C-1054,X-9000,SN-X9000-12615,2023-04-13,1000,480V,2025/04/12,Decommissioned,Substation B switchgear bay
EQ-5846,C-1397,X-3000,SN-X3000-10824,10/19/2023,100,120V,10/18/2025,in service,Backup unit near loading dock
EQ-7360,C-1505,X-3000,SN-X3000-92824,2023-07-31T00:00:00Z,100,120V,2024/07/30,Maintenance,<b>Rooftop solar coupler</b>
EQ-7009,C-1058,X-9000,SN-X9000-77943,05-08-2022,1000,480V,05/08/2023,In Service,Rooftop solar coupler
EQ-6612,C-1245,X-9000,SN-X9000-63807,12/31/2021,1000,480V,12-31-2022,Standby,Underground vault 4
EQ-6286,C-1457,X-5000,SN-X5000-47692,09/27/2022,250,240V,09/27/2023,In Service,Substation B switchgear bay
EQ-6405,C-1152,X-9000,SN-X9000-88636,2022-03-21T00:00:00Z,1000,480V,2023/03/21,Decommissioned,<p>High humidity bay installation</p>
EQ-6290,C-1291,X-5000,SN-X5000-11168,2021-06-02T00:00:00Z,250,240V,2024-06-01T00:00:00Z,In Service,Backup unit near loading dock
EQ-5154,C-1103,X-9000,SN-X9000-80288,2022-11-08,1000,480V,2024/11/07,Decommissioned,High humidity bay installation
EQ-5978,C-1104,X-7000,SN-X7000-21976,2023-06-10T00:00:00Z,500,480V,2026-06-09T00:00:00Z,in service,<b>Backup unit near loading dock</b>
EQ-6994,C-1114,X-9000,SN-X9000-36948,2022-04-10T00:00:00Z,1000,480V,2025/04/09,Maintenance,Primary power grid node
EQ-7398,C-1279,X-7000,SN-X7000-97385,06-08-2021,500,480V,2022-06-08T00:00:00Z,IN SERVICE,Underground vault 4
EQ-5526,C-1490,X-12000,SN-X12000-29215,2021-11-16T00:00:00Z,1500,600V,2022-11-16T00:00:00Z,Maintenance,Primary power grid node
EQ-5189,C-1456,X-7000,SN-X7000-65905,08/27/2022,500,480V,08/26/2024,Standby,Backup unit near loading dock
EQ-6228,C-1183,X-5000,SN-X5000-69267,2021-08-04T00:00:00Z,250,240V,08-04-2022,IN SERVICE,Backup unit near loading dock
EQ-5897,C-1372,X-3000,SN-X3000-71937,2022/03/07,100,120V,2025-03-06T00:00:00Z,Decommissioned,Underground vault 4
EQ-6209,C-1136,X-3000,SN-X3000-27770,04/03/2024,100,120V,2025-04-03T00:00:00Z,In Service,Rooftop solar coupler
EQ-7161,C-1056,X-7000,SN-X7000-98254,2021-05-24,500,480V,05/24/2022,IN SERVICE,Substation B switchgear bay
EQ-7087,C-1189,X-5000,SN-X5000-70610,04/22/2021,250,240V,04-21-2024,in service,Rooftop solar coupler
EQ-5614,C-1320,X-5000,SN-X5000-20922,10/23/2021,250,240V,2023-10-23,Decommissioned,Rooftop solar coupler
EQ-7102,C-1104,X-7000,SN-X7000-56098,2021/07/01,500,480V,07/01/2022,Maintenance,High humidity bay installation
EQ-5143,C-1493,X-12000,SN-X12000-96967,2023-01-17T00:00:00Z,1500,600V,2026/01/16,Decommissioned,Substation B switchgear bay
EQ-7288,C-1239,X-3000,SN-X3000-70737,02/02/2022,100,120V,02-02-2023,Maintenance,Rooftop solar coupler
EQ-5424,C-1245,X-7000,SN-X7000-43021,2022-04-29T00:00:00Z,500,480V,04-28-2024,Maintenance,Substation B switchgear bay
EQ-6804,C-1006,X-3000,SN-X3000-23665,2021-10-30,100,120V,10-30-2023,Maintenance,Substation B switchgear bay
EQ-7471,C-1428,X-12000,SN-X12000-93864,05/20/2022,1500,600V,2023/05/20,in service,<b>Underground vault 4</b>
EQ-6874,C-1107,X-12000,SN-X12000-84854,04/10/2023,1500,600V,2025-04-09T00:00:00Z,In Service,Rooftop solar coupler
EQ-6090,C-1256,X-9000,SN-X9000-53231,2024/04/24,1000,480V,04/24/2026,In Service,<html><body>Rooftop solar coupler</body></html>
EQ-5686,C-1191,X-7000,SN-X7000-58705,2021/07/10,500,480V,07/10/2023,IN SERVICE,<html><body>Underground vault 4</body></html>
EQ-5795,C-1375,X-12000,SN-X12000-84852,2023-10-28T00:00:00Z,1500,600V,10/27/2024,in service,<strong>High humidity bay installation</strong>
EQ-7061,C-1286,X-12000,SN-X12000-74981,01-22-2024,1500,600V,2025-01-21T00:00:00Z,In Service,High humidity bay installation
EQ-5427,C-1385,X-3000,SN-X3000-18679,2023-05-09,100,120V,05-08-2026,decommissioned,   
EQ-5514,C-1123,X-9000,SN-X9000-66293,2022-09-02,1000,480V,09-01-2024,In Service,Backup unit near loading dock
EQ-5436,C-1229,X-5000,SN-X5000-16263,2022-01-14,250,240V,2024/01/14,in service,Substation B switchgear bay
EQ-5910,C-1343,X-3000,SN-X3000-52710,05/05/2021,100,120V,2022/05/05,in service,Rooftop solar coupler
EQ-6020,C-1163,X-5000,SN-X5000-52909,2022-05-15T00:00:00Z,250,240V,2025-05-14,Decommissioned,Underground vault 4
EQ-5992,C-1397,X-3000,SN-X3000-35120,2022-03-30T00:00:00Z,100,120V,2025-03-29T00:00:00Z,Decommissioned,Primary power grid node
EQ-7148,C-1351,X-5000,SN-X5000-69848,2022-07-18T00:00:00Z,250,240V,07/18/2023,Decommissioned,<b>Substation B switchgear bay</b>
EQ-7469,C-1058,X-9000,SN-X9000-41594,2022-05-29T00:00:00Z,1000,480V,05-28-2025,Decommissioned,Backup unit near loading dock
EQ-7211,C-1477,X-5000,SN-X5000-97249,12-21-2021,250,240V,12/21/2023,Maintenance,<html><body>Primary power grid node</body></html>
EQ-5765,C-1011,X-5000,SN-X5000-88654,08/08/2021,250,240V,08/07/2024,Maintenance,<div>High humidity bay installation</div>
EQ-6595,C-1068,X-5000,SN-X5000-53248,03/16/2024,250,240V,03/16/2027,In Service,Rooftop solar coupler
EQ-6789,C-1142,X-9000,SN-X9000-80371,2023/07/27,1000,480V,07-26-2026,Standby,Backup unit near loading dock
EQ-5476,C-1066,X-12000,SN-X12000-64443,2022/09/20,1500,600V,09-19-2024,IN SERVICE,<strong>Backup unit near loading dock</strong>
EQ-5671,C-1018,X-7000,SN-X7000-39171,2023/09/28,500,480V,09/27/2025,Maintenance,Backup unit near loading dock
EQ-5561,C-1141,X-5000,SN-X5000-36724,2024/03/18,250,240V,03-18-2026,In Service,Underground vault 4
EQ-6969,C-1074,X-3000,SN-X3000-77074,2023-07-06T00:00:00Z,100,120V,2024-07-05T00:00:00Z,Standby,Backup unit near loading dock
EQ-5525,C-1056,X-3000,SN-X3000-22462,2024-04-22T00:00:00Z,100,120V,2025-04-22T00:00:00Z,IN SERVICE,High humidity bay installation
EQ-6900,C-1156,X-7000,SN-X7000-71564,2023-05-21T00:00:00Z,500,480V,2024/05/20,IN SERVICE,Primary power grid node
EQ-6337,C-1453,X-7000,SN-X7000-48345,2023-03-02,500,480V,2024-03-01T00:00:00Z,in service,Underground vault 4
EQ-5369,C-1397,X-5000,SN-X5000-59556,04/16/2021,250,240V,2022/04/16,in service,<strong>Primary power grid node</strong>
EQ-5131,C-1107,X-9000,SN-X9000-96743,10-13-2023,1000,480V,10/12/2025,Decommissioned,Underground vault 4
EQ-5680,C-1314,X-3000,SN-X3000-82250,2023/10/28,100,120V,2024-10-27,Decommissioned,Backup unit near loading dock
EQ-6254,C-1135,X-9000,SN-X9000-74512,2022-04-03,1000,480V,2025-04-02T00:00:00Z,Maintenance,Underground vault 4
EQ-5319,C-1270,X-12000,SN-X12000-54194,04/06/2021,1500,600V,04-06-2022,Maintenance,Substation B switchgear bay
EQ-6643,C-1339,X-3000,SN-X3000-51330,05-15-2023,100,120V,05/14/2026,Standby,Substation B switchgear bay
EQ-7197,C-1154,X-7000,SN-X7000-33982,2022-04-28T00:00:00Z,500,480V,04/28/2023,IN SERVICE,High humidity bay installation
EQ-5255,C-1142,X-5000,SN-X5000-72611,2024/02/16,250,240V,02/15/2025,Decommissioned,Backup unit near loading dock
EQ-5936,C-1090,X-9000,SN-X9000-55621,2021/07/07,1000,480V,07/07/2023,Decommissioned,Rooftop solar coupler
EQ-6679,C-1287,X-12000,SN-X12000-96322,04/03/2022,1500,600V,2024/04/02,IN SERVICE,Substation B switchgear bay
EQ-7220,C-1276,X-5000,SN-X5000-68889,07/11/2022,250,240V,07-11-2023,IN SERVICE,Substation B switchgear bay
EQ-5092,C-1189,X-12000,SN-X12000-72624,2024-01-05T00:00:00Z,1500,600V,01/04/2027,Decommissioned,Backup unit near loading dock
EQ-5407,C-1189,X-12000,SN-X12000-25271,2021-12-20,1500,600V,2023-12-20T00:00:00Z,In Service,Primary power grid node
EQ-7120,C-1197,X-9000,SN-X9000-38066,02-13-2022,1000,480V,02/12/2025,Decommissioned,Backup unit near loading dock
EQ-6771,C-1310,X-12000,SN-X12000-77568,07-29-2021,1500,600V,07/29/2022,in service,<p>Substation B switchgear bay</p>
EQ-6269,C-1481,X-5000,SN-X5000-91849,2021/04/25,250,240V,04-25-2022,Maintenance,Substation B switchgear bay
EQ-5264,C-1465,X-5000,SN-X5000-88398,2023/02/20,250,240V,2024/02/20,Standby,Rooftop solar coupler
EQ-7158,C-1126,X-3000,SN-X3000-56308,12/21/2022,100,120V,12-20-2025,Maintenance,Underground vault 4
EQ-6718,C-1300,X-12000,SN-X12000-71150,2021-11-02,1500,600V,11/01/2024,in service,Underground vault 4
EQ-5716,C-1178,X-9000,SN-X9000-82794,2023-08-30,1000,480V,08-29-2024,Decommissioned,Substation B switchgear bay
EQ-5868,C-1463,X-7000,SN-X7000-66615,2023-09-22T00:00:00Z,500,480V,09/21/2024,Standby,Primary power grid node
EQ-6850,C-1262,X-5000,SN-X5000-75637,08/19/2022,250,240V,2024/08/18,Decommissioned,High humidity bay installation
EQ-6207,C-1282,X-3000,SN-X3000-48543,2022/10/15,100,120V,2023-10-15T00:00:00Z,IN SERVICE,Primary power grid node
EQ-6757,C-1387,X-5000,SN-X5000-86366,03-08-2024,250,240V,03/08/2025,In Service,Backup unit near loading dock
EQ-6476,C-1056,X-3000,SN-X3000-70240,2024/05/28,100,120V,05/28/2027,In Service,High humidity bay installation
EQ-5601,C-1032,X-7000,SN-X7000-73107,2021-08-13,500,480V,2022-08-13,in service,<p>Substation B switchgear bay</p>
EQ-6313,C-1514,X-7000,SN-X7000-51561,2021/05/31,500,480V,2022-05-31,Standby,High humidity bay installation
EQ-6380,C-1210,X-12000,SN-X12000-85569,2023-12-04T00:00:00Z,1500,600V,2025-12-03,Decommissioned,Substation B switchgear bay
EQ-6000,C-1048,X-12000,SN-X12000-95727,2024/02/11,1500,600V,2025-02-10,In Service,<b>Primary power grid node</b>
EQ-7232,C-1380,X-12000,SN-X12000-85234,2022/11/08,1500,600V,2023/11/08,Maintenance,   
EQ-6350,C-1417,X-12000,SN-X12000-98230,11-14-2023,1500,600V,2026-11-13,IN SERVICE,Rooftop solar coupler
EQ-5321,C-1052,X-3000,SN-X3000-87460,04-25-2024,100,120V,2026-04-25,Decommissioned,Rooftop solar coupler
EQ-5559,C-1437,X-9000,SN-X9000-74819,2024-05-19T00:00:00Z,1000,480V,05-19-2025,IN SERVICE,Primary power grid node
EQ-5376,C-1115,X-5000,SN-X5000-66062,2023-12-31,250,240V,2024-12-30T00:00:00Z,IN SERVICE,Backup unit near loading dock
EQ-5991,C-1268,X-9000,SN-X9000-63363,2023/06/10,1000,480V,06/09/2024,IN SERVICE,Primary power grid node
EQ-6423,C-1518,X-12000,SN-X12000-97972,2023-05-30,1500,600V,05/29/2024,in service,NULL
EQ-7015,C-1336,X-7000,SN-X7000-13927,2023/08/24,500,480V,2025-08-23T00:00:00Z,In Service,Rooftop solar coupler
EQ-6650,C-1343,X-9000,SN-X9000-89202,2022/07/15,1000,480V,07/15/2023,Decommissioned,Primary power grid node
EQ-6293,C-1390,X-12000,SN-X12000-93043,2023-06-03,1500,600V,06/02/2025,Standby,<div>Backup unit near loading dock</div>
EQ-5544,C-1430,X-12000,SN-X12000-22700,2022-10-09,1500,600V,10/09/2023,Maintenance,High humidity bay installation
EQ-6461,C-1221,X-9000,SN-X9000-90721,10/09/2021,1000,480V,10/09/2022,In Service,Underground vault 4
EQ-7219,C-1457,X-12000,SN-X12000-18584,2024-05-13T00:00:00Z,1500,600V,05-13-2026,IN SERVICE,<html>Primary power grid node</html>
EQ-5017,C-1137,X-12000,SN-X12000-98436,09/11/2021,1500,600V,2022-09-11T00:00:00Z,In Service,High humidity bay installation
EQ-6048,C-1335,X-7000,SN-X7000-72947,07/26/2021,500,480V,07/25/2024,Standby,<b>Underground vault 4</b>
EQ-7201,C-1141,X-7000,SN-X7000-16397,2023-09-08T00:00:00Z,500,480V,09/07/2024,In Service,Substation B switchgear bay
EQ-5029,C-1360,X-9000,SN-X9000-70548,2024/01/17,1000,480V,01-16-2025,Decommissioned,Underground vault 4
EQ-7196,C-1077,X-7000,SN-X7000-62622,2024-03-21,500,480V,2025-03-21T00:00:00Z,Standby,<html>Underground vault 4</html>
EQ-6429,C-1503,X-9000,SN-X9000-46692,2023/04/02,1000,480V,04/01/2025,Maintenance,Rooftop solar coupler
EQ-7023,C-1379,X-3000,SN-X3000-46068,08/02/2021,100,120V,2022-08-02,Standby,<html><body>Rooftop solar coupler</body></html>
EQ-5202,C-1412,X-12000,SN-X12000-42649,2023-12-27,1500,600V,2026/12/26,Maintenance,Primary power grid node
EQ-6959,C-1177,X-12000,SN-X12000-82553,05-22-2021,1500,600V,05/22/2023,In Service,Backup unit near loading dock
EQ-5815,C-1483,X-3000,SN-X3000-65914,2021-06-26T00:00:00Z,100,120V,2024-06-25,In Service,Underground vault 4
EQ-6433,C-1422,X-3000,SN-X3000-65214,11-13-2023,100,120V,11/12/2025,In Service,
EQ-7150,C-1343,X-9000,SN-X9000-74961,12-08-2023,1000,480V,2025-12-07T00:00:00Z,In Service,Underground vault 4
EQ-7338,C-1316,X-3000,SN-X3000-43373,07-24-2021,100,120V,07/24/2023,Standby,Underground vault 4
EQ-6559,C-1126,X-9000,SN-X9000-59315,07/01/2022,1000,480V,2024/06/30,Maintenance,
EQ-6546,C-1472,X-9000,SN-X9000-35198,2021-06-06,1000,480V,2023-06-06T00:00:00Z,Maintenance,Substation B switchgear bay
EQ-6572,C-1357,X-12000,SN-X12000-10868,2023-11-21,1500,600V,11/20/2024,In Service,High humidity bay installation
EQ-6194,C-1138,X-7000,SN-X7000-82550,2022-09-17,500,480V,2023/09/17,In Service,<div>Backup unit near loading dock</div>
EQ-7253,C-1348,X-7000,SN-X7000-70903,2023-05-18T00:00:00Z,500,480V,2025-05-17T00:00:00Z,In Service,High humidity bay installation
EQ-5221,C-1426,X-5000,SN-X5000-13121,12/26/2022,250,240V,2023/12/26,IN SERVICE,Backup unit near loading dock
EQ-5697,C-1439,X-12000,SN-X12000-95032,04/20/2024,1500,600V,04/20/2026,in service,Backup unit near loading dock
EQ-6201,C-1092,X-3000,SN-X3000-38546,02/08/2023,100,120V,02/08/2024,Maintenance,Substation B switchgear bay
EQ-5663,C-1065,X-3000,SN-X3000-91045,2022/12/19,100,120V,2025-12-18T00:00:00Z,In Service,High humidity bay installation
EQ-6001,C-1215,X-5000,SN-X5000-92681,2022-12-03T00:00:00Z,250,240V,12/03/2023,Maintenance,Primary power grid node
EQ-5660,C-1276,X-7000,SN-X7000-61171,2024/05/29,500,480V,2027/05/29,in service,Rooftop solar coupler
EQ-6641,C-1154,X-3000,SN-X3000-29988,2023-05-19,100,120V,05-18-2026,Maintenance,Underground vault 4
EQ-6925,C-1199,X-12000,SN-X12000-34863,07-01-2023,1500,600V,06-30-2026,decommissioned,  High humidity bay installation  
EQ-5374,C-1347,X-9000,SN-X9000-95151,01/02/2022,1000,480V,01/02/2023,Decommissioned,   
EQ-5810,C-1482,X-3000,SN-X3000-89921,01-02-2024,100,120V,2027-01-01T00:00:00Z,In Service,<b>High humidity bay installation</b>
EQ-5119,C-1096,X-9000,SN-X9000-60160,2022/05/20,1000,480V,05-19-2024,Standby,Rooftop solar coupler
EQ-6221,C-1132,X-7000,SN-X7000-78134,2024-04-17,500,480V,2026/04/17,In Service,Rooftop solar coupler
EQ-5853,C-1237,X-12000,SN-X12000-77331,2023-08-11,1500,600V,2024-08-10,IN SERVICE,Rooftop solar coupler
EQ-6368,C-1024,X-12000,SN-X12000-64430,2022-01-15,1500,600V,01/15/2024,IN SERVICE,Substation B switchgear bay
EQ-5836,C-1492,X-5000,SN-X5000-58658,2022/08/05,250,240V,08/04/2025,Standby,Primary power grid node
EQ-6034,C-1418,X-3000,SN-X3000-21773,2023-12-16T00:00:00Z,100,120V,2026-12-15T00:00:00Z,IN SERVICE,Underground vault 4
EQ-7167,C-1242,X-7000,SN-X7000-69665,06/13/2024,500,480V,06/13/2026,IN SERVICE,Primary power grid node
EQ-5524,C-1030,X-9000,SN-X9000-13448,2022-06-13T00:00:00Z,1000,480V,06/12/2024,In Service,NULL
EQ-6521,C-1390,X-12000,SN-X12000-67885,08/07/2021,1500,600V,08/06/2024,in service,Substation B switchgear bay
EQ-6363,C-1481,X-3000,SN-X3000-13032,2023-03-26,100,120V,2024-03-25,Maintenance,High humidity bay installation
EQ-5062,C-1148,X-12000,SN-X12000-23489,12-06-2022,1500,600V,12/05/2025,IN SERVICE,Substation B switchgear bay
EQ-6616,C-1374,X-3000,SN-X3000-38383,2022-01-30,100,120V,2024-01-30T00:00:00Z,Decommissioned,
EQ-5048,C-1153,X-9000,SN-X9000-93461,2022-07-11T00:00:00Z,1000,480V,2023-07-11,IN SERVICE,Substation B switchgear bay
EQ-6291,C-1069,X-9000,SN-X9000-88364,2023-10-21T00:00:00Z,1000,480V,2026-10-20T00:00:00Z,Maintenance,Backup unit near loading dock
EQ-7093,C-1058,X-7000,SN-X7000-58314,2023/11/13,500,480V,11-12-2024,Standby,<p>Rooftop solar coupler</p>
EQ-6471,C-1511,X-5000,SN-X5000-22290,06/06/2023,250,240V,06/05/2025,Standby,High humidity bay installation
EQ-6127,C-1320,X-5000,SN-X5000-52323,02-04-2023,250,240V,2025/02/03,Standby,NULL
EQ-7290,C-1354,X-3000,SN-X3000-15714,06/28/2021,100,120V,06-28-2022,Standby,Rooftop solar coupler
EQ-5042,C-1362,X-3000,SN-X3000-73020,08-01-2021,100,120V,2023/08/01,Maintenance,Underground vault 4
EQ-6957,C-1019,X-7000,SN-X7000-64658,2022-06-11T00:00:00Z,500,480V,06/10/2025,in service,Substation B switchgear bay
EQ-7246,C-1112,X-7000,SN-X7000-35817,06/03/2023,500,480V,2026/06/02,Maintenance,Primary power grid node
EQ-5315,C-1349,X-9000,SN-X9000-57737,2022-02-15,1000,480V,02-15-2024,IN SERVICE,High humidity bay installation
EQ-6294,C-1152,X-9000,SN-X9000-57823,01-25-2022,1000,480V,01-24-2025,IN SERVICE,High humidity bay installation
EQ-7242,C-1016,X-7000,SN-X7000-80476,06/10/2022,500,480V,2024-06-09,Standby,Substation B switchgear bay
EQ-6135,C-1402,X-9000,SN-X9000-23691,2024-02-07,1000,480V,02/06/2026,Decommissioned,Underground vault 4
EQ-5981,C-1130,X-9000,SN-X9000-64478,2022/09/08,1000,480V,09/07/2024,Maintenance,Backup unit near loading dock
EQ-7092,C-1375,X-7000,SN-X7000-15657,05-30-2023,500,480V,05-29-2025,Standby,Underground vault 4
EQ-5176,C-1029,X-7000,SN-X7000-58492,2021/08/20,500,480V,08/20/2022,IN SERVICE,<html><body>Substation B switchgear bay</body></html>
EQ-6168,C-1242,X-7000,SN-X7000-26546,06-18-2022,500,480V,2024-06-17T00:00:00Z,IN SERVICE,Substation B switchgear bay
EQ-5952,C-1289,X-7000,SN-X7000-51654,2021-10-10,500,480V,2023-10-10T00:00:00Z,IN SERVICE,Underground vault 4
EQ-6391,C-1087,X-7000,SN-X7000-65177,2022/04/03,500,480V,2023-04-03,Standby,Backup unit near loading dock
EQ-6011,C-1481,X-7000,SN-X7000-56128,2023-03-28,500,480V,03/27/2024,Standby,Rooftop solar coupler
EQ-6275,C-1001,X-7000,SN-X7000-57807,2022-08-04T00:00:00Z,500,480V,08/04/2023,Decommissioned,Underground vault 4
EQ-6153,C-1039,X-12000,SN-X12000-85060,2021-04-02,1500,600V,04-02-2023,Maintenance,Backup unit near loading dock
EQ-6929,C-1481,X-5000,SN-X5000-83732,09/26/2022,250,240V,2023/09/26,Standby,
EQ-5599,C-1047,X-7000,SN-X7000-33281,01/26/2024,500,480V,01-25-2025,Decommissioned,<b>Substation B switchgear bay</b>
EQ-5724,C-1402,X-5000,SN-X5000-11221,2022-01-05,250,240V,01/05/2023,IN SERVICE,NULL
EQ-5777,C-1325,X-12000,SN-X12000-12369,04-19-2024,1500,600V,2025-04-19T00:00:00Z,in service,   
EQ-6195,C-1136,X-3000,SN-X3000-87552,10-22-2021,100,120V,2022/10/22,Decommissioned,<html><body>Rooftop solar coupler</body></html>
EQ-6602,C-1161,X-7000,SN-X7000-37788,2022-04-11T00:00:00Z,500,480V,04/10/2025,in service,Backup unit near loading dock
EQ-6035,C-1188,X-9000,SN-X9000-43527,2021-06-15T00:00:00Z,1000,480V,2024-06-14,In Service,Substation B switchgear bay
EQ-5403,C-1498,X-12000,SN-X12000-24267,2024/04/09,1500,600V,04-09-2026,IN SERVICE,Backup unit near loading dock
EQ-6806,C-1410,X-7000,SN-X7000-97966,09/01/2023,500,480V,08/31/2025,Standby,   
EQ-5822,C-1297,X-9000,SN-X9000-10614,2023/03/04,1000,480V,03-03-2024,in service,Backup unit near loading dock
EQ-5282,C-1258,X-5000,NULL,2023-11-20T00:00:00Z,250,240V,11/19/2025,IN SERVICE,<b>Backup unit near loading dock</b>
EQ-5866,C-1441,X-12000,SN-X12000-29671,05/08/2021,1500,600V,2022-05-08,Standby,<strong>High humidity bay installation</strong>
EQ-7082,C-1154,X-5000,SN-X5000-29386,10/08/2022,250,240V,2023-10-08T00:00:00Z,Maintenance,Underground vault 4
EQ-5999,C-1090,X-7000,SN-X7000-98840,2021-11-20,500,480V,2023-11-20,Standby,Substation B switchgear bay
EQ-7359,C-1463,X-7000,SN-X7000-49303,2022/08/02,500,480V,08/01/2025,In Service,Substation B switchgear bay
EQ-6913,C-1106,X-7000,SN-X7000-68004,2021/10/03,500,480V,10-02-2024,Decommissioned,Substation B switchgear bay
EQ-5944,C-1414,X-5000,SN-X5000-48606,2022-08-18,250,240V,2024-08-17T00:00:00Z,IN SERVICE,<html>Substation B switchgear bay</html>
EQ-5576,C-1079,X-12000,SN-X12000-43113,03/25/2022,1500,600V,03/24/2024,IN SERVICE,Backup unit near loading dock
EQ-6268,C-1186,X-7000,SN-X7000-78477,10-29-2021,500,480V,2023/10/29,Decommissioned,Underground vault 4
EQ-7177,C-1366,X-5000,SN-X5000-55398,04/06/2023,250,240V,04/05/2026,Standby,High humidity bay installation
EQ-6869,C-1509,X-12000,SN-X12000-17910,06-24-2024,1500,600V,2026/06/24,in service,High humidity bay installation
EQ-6291,C-1069,X-9000,SN-X9000-88364,2023-10-21T00:00:00Z,1000,480V,2026-10-20T00:00:00Z,IN SERVICE,Backup unit near loading dock
EQ-6496,C-1217,X-3000,SN-X3000-69505,02/26/2023,100,120V,2025/02/25,Maintenance,Backup unit near loading dock
EQ-6296,C-1340,X-12000,SN-X12000-97041,2021-07-11,1500,600V,07-11-2022,in service,<b>Underground vault 4</b>
EQ-7117,C-1358,X-9000,SN-X9000-78269,04-04-2024,1000,480V,04/04/2026,in service,Primary power grid node
EQ-5355,C-1208,X-9000,SN-X9000-82318,02-08-2024,1000,480V,2027-02-07T00:00:00Z,IN SERVICE,Primary power grid node
EQ-5898,C-1239,X-9000,SN-X9000-39713,2023-11-15T00:00:00Z,1000,480V,11/14/2024,Maintenance,Primary power grid node
EQ-7241,C-1048,X-5000,   ,2022-04-07T00:00:00Z,250,240V,04/06/2024,Maintenance,Rooftop solar coupler
EQ-5687,C-1187,X-3000,   ,01-03-2024,100,120V,01/02/2026,In Service,Backup unit near loading dock
EQ-6754,C-1478,X-3000,SN-X3000-77193,01/26/2022,100,120V,2024/01/26,Standby,Underground vault 4
EQ-6459,C-1488,X-7000,SN-X7000-25686,05/18/2024,500,480V,2027/05/18,IN SERVICE,Substation B switchgear bay
EQ-5236,C-1208,X-9000,SN-X9000-85631,2023-03-21,1000,480V,03/20/2026,Maintenance,Underground vault 4
EQ-5133,C-1390,X-12000,SN-X12000-31129,2022-05-04,1500,600V,05/04/2023,Decommissioned,Backup unit near loading dock
EQ-7401,C-1475,X-7000,SN-X7000-61587,11/22/2022,500,480V,11/21/2024,Maintenance,
EQ-5277,C-1483,X-3000,SN-X3000-94603,08-11-2021,100,120V,08-11-2023,Standby,Primary power grid node
EQ-6200,C-1119,X-9000,SN-X9000-85706,11-08-2022,1000,480V,11-08-2023,IN SERVICE,NULL
EQ-6609,C-1251,X-12000,SN-X12000-86858,10-04-2021,1500,600V,10/04/2022,Standby,High humidity bay installation
EQ-5672,C-1343,X-9000,SN-X9000-24611,10/23/2022,1000,480V,10/23/2023,Standby,Primary power grid node
EQ-6306,C-1516,X-7000,SN-X7000-97459,08/13/2023,500,480V,08-12-2026,IN SERVICE,Rooftop solar coupler
EQ-6598,C-1431,X-5000,SN-X5000-85320,2021/06/17,250,240V,2024/06/16,Standby,<html><body>Primary power grid node</body></html>
EQ-6097,C-1418,X-3000,SN-X3000-19344,07/29/2023,100,120V,07/28/2025,Maintenance,High humidity bay installation
EQ-6472,C-1252,X-12000,SN-X12000-68038,2023-05-21T00:00:00Z,1500,600V,2025-05-20T00:00:00Z,Maintenance,
EQ-6267,C-1325,X-3000,SN-X3000-46942,2021/08/04,100,120V,2023-08-04T00:00:00Z,IN SERVICE,Primary power grid node
EQ-5667,C-1479,X-9000,SN-X9000-96217,2023-10-25,1000,480V,2024-10-24T00:00:00Z,In Service,Underground vault 4
EQ-6176,C-1087,X-9000,SN-X9000-87645,02/03/2022,1000,480V,02/03/2024,In Service,High humidity bay installation
EQ-7146,C-1208,X-5000,SN-X5000-82817,2021/10/29,250,240V,10/28/2024,IN SERVICE,Substation B switchgear bay
EQ-7189,C-1487,X-9000,SN-X9000-87945,09/13/2021,1000,480V,2023/09/13,In Service,Primary power grid node
EQ-6712,C-1249,X-12000,SN-X12000-68058,2023-01-18,1500,600V,2025-01-17,Maintenance,Substation B switchgear bay
EQ-6982,C-1001,X-3000,SN-X3000-75488,2024/06/19,100,120V,06/19/2025,In Service,Backup unit near loading dock
EQ-6470,C-1372,X-3000,SN-X3000-43708,09-18-2021,100,120V,2024/09/17,Decommissioned,Underground vault 4
EQ-7336,C-1332,X-3000,SN-X3000-98396,2023/11/17,100,120V,2026-11-16,Standby,High humidity bay installation
EQ-5890,C-1239,X-7000,SN-X7000-96050,2022-10-24,500,480V,2023-10-24,Standby,   
EQ-6613,C-1504,X-5000,SN-X5000-27225,04-19-2021,250,240V,2022-04-19,Maintenance,   
EQ-6059,C-1369,X-7000,SN-X7000-62184,07-11-2023,500,480V,07/10/2024,IN SERVICE,Substation B switchgear bay
EQ-6167,C-1182,X-7000,SN-X7000-77767,2023-05-16T00:00:00Z,500,480V,05-15-2024,IN SERVICE,Backup unit near loading dock
EQ-6560,C-1117,X-5000,SN-X5000-26148,12/23/2021,250,240V,2024-12-22,Decommissioned,Rooftop solar coupler
EQ-6065,C-1212,X-7000,SN-X7000-22723,01/16/2023,500,480V,2026/01/15,Maintenance,Substation B switchgear bay
EQ-5140,C-1442,X-3000,SN-X3000-48198,11/07/2021,100,120V,2023-11-07,Standby,Backup unit near loading dock
EQ-7113,C-1504,X-3000,SN-X3000-52684,2023-12-14T00:00:00Z,100,120V,2026-12-13,Standby,Rooftop solar coupler
EQ-6995,C-1377,X-12000,SN-X12000-18236,06/11/2021,1500,600V,06-10-2024,in service,Underground vault 4
EQ-6076,C-1367,X-12000,,05-03-2024,1500,600V,05/03/2025,In Service,Primary power grid node
EQ-7063,C-1379,X-3000,SN-X3000-54213,2021/08/16,100,120V,08/15/2024,IN SERVICE,Rooftop solar coupler
EQ-6321,C-1500,X-7000,SN-X7000-71547,11/12/2022,500,480V,2023-11-12,Standby,High humidity bay installation
EQ-5912,C-1271,X-9000,SN-X9000-22908,2021/12/31,1000,480V,2022-12-31T00:00:00Z,Decommissioned,<p>High humidity bay installation</p>
EQ-6529,C-1320,X-12000,SN-X12000-87740,2022-06-18,1500,600V,2024-06-17T00:00:00Z,Standby,Rooftop solar coupler
EQ-5843,C-1494,X-12000,SN-X12000-13407,2023-11-01,1500,600V,10/31/2024,Decommissioned,Rooftop solar coupler
EQ-5594,C-1268,X-7000,SN-X7000-88921,04/14/2022,500,480V,2023-04-14T00:00:00Z,In Service,Substation B switchgear bay
EQ-6213,C-1489,X-9000,SN-X9000-31591,2024/03/22,1000,480V,03-22-2027,IN SERVICE,<html><body>Primary power grid node</body></html>
EQ-5972,C-1265,X-3000,SN-X3000-37319,2022-08-28,100,120V,08-27-2025,in service,Backup unit near loading dock
EQ-7121,C-1520,X-3000,SN-X3000-21685,01-26-2023,100,120V,2026/01/25,Maintenance,NULL
EQ-6965,C-1420,X-12000,SN-X12000-50093,03/23/2023,1500,600V,03/22/2026,Maintenance,<html>High humidity bay installation</html>
EQ-6363,C-1481,X-3000,SN-X3000-13032,2023-03-26,100,120V,2024-03-25,In Service,High humidity bay installation
EQ-6868,C-1363,X-9000,SN-X9000-19970,12/07/2022,1000,480V,2024-12-06,in service,High humidity bay installation
EQ-5860,C-1394,X-9000,SN-X9000-41361,2021-11-14T00:00:00Z,1000,480V,2024-11-13T00:00:00Z,In Service,Primary power grid node
EQ-5167,C-1307,X-5000,SN-X5000-70735,2024/04/27,250,240V,04/27/2026,in service,Underground vault 4
EQ-5835,C-1323,X-7000,SN-X7000-18688,2021-05-11T00:00:00Z,500,480V,05/11/2022,Standby,Underground vault 4
EQ-5636,C-1311,X-12000,SN-X12000-18850,2023/03/24,1500,600V,03/23/2026,In Service,<p>Substation B switchgear bay</p>
EQ-5650,C-1226,X-12000,SN-X12000-36610,11-29-2021,1500,600V,2023/11/29,Maintenance,Primary power grid node
EQ-7126,C-1280,X-3000,SN-X3000-85771,2023-04-03,100,120V,04-02-2024,Maintenance,Backup unit near loading dock
EQ-5112,C-1416,X-3000,SN-X3000-83488,06/02/2024,100,120V,2026/06/02,Decommissioned,<b>Substation B switchgear bay</b>
EQ-7017,C-1103,X-7000,SN-X7000-98918,04/15/2021,500,480V,2023-04-15T00:00:00Z,in service,<b>Substation B switchgear bay</b>
EQ-7437,C-1519,X-5000,SN-X5000-87483,04-21-2022,250,240V,2024-04-20,In Service,Primary power grid node
EQ-5268,C-1367,X-3000,SN-X3000-46353,2021-11-07,100,120V,11/06/2024,Decommissioned,High humidity bay installation
EQ-7155,C-1050,X-7000,SN-X7000-98149,07/16/2022,500,480V,2024-07-15T00:00:00Z,IN SERVICE,<p>Rooftop solar coupler</p>
EQ-6975,C-1009,X-12000,SN-X12000-80409,03/04/2022,1500,600V,2024/03/03,Decommissioned,High humidity bay installation
EQ-6791,C-1347,X-3000,SN-X3000-64551,2021-09-06T00:00:00Z,100,120V,09-06-2023,Standby,High humidity bay installation
EQ-5364,C-1115,X-5000,SN-X5000-72391,10/20/2022,250,240V,2025-10-19,IN SERVICE,Underground vault 4
EQ-7007,C-1156,X-7000,SN-X7000-17036,2024-06-22,500,480V,06/22/2026,In Service,Primary power grid node
EQ-7141,C-1427,X-3000,SN-X3000-27644,2022-05-11T00:00:00Z,100,120V,2025/05/10,Standby,Underground vault 4
EQ-5501,C-1045,X-12000,SN-X12000-26803,2024-01-12,1500,600V,01/11/2025,In Service,Backup unit near loading dock
EQ-6699,C-1261,X-7000,SN-X7000-69886,2023-02-07T00:00:00Z,500,480V,02/07/2024,Decommissioned,Primary power grid node
EQ-6480,C-1456,X-12000,SN-X12000-30219,2022-08-16T00:00:00Z,1500,600V,2024-08-15T00:00:00Z,IN SERVICE,Primary power grid node
EQ-6437,C-1224,X-3000,SN-X3000-44108,2023-11-12,100,120V,11/11/2024,Decommissioned,Underground vault 4
EQ-7034,C-1183,X-5000,SN-X5000-53599,02/06/2024,250,240V,02/05/2027,In Service,Primary power grid node
EQ-5786,C-1182,X-5000,SN-X5000-26368,04/17/2021,250,240V,04/17/2023,IN SERVICE,Backup unit near loading dock
EQ-5115,C-1373,X-3000,SN-X3000-84308,2022/04/06,100,120V,2023-04-06,Standby,High humidity bay installation
EQ-5973,C-1338,X-9000,NULL,2021/10/22,1000,480V,2024-10-21T00:00:00Z,Decommissioned,Rooftop solar coupler
EQ-6964,C-1479,X-7000,SN-X7000-10497,12-06-2021,500,480V,12-06-2022,Maintenance,Primary power grid node
EQ-6844,C-1144,X-9000,SN-X9000-67537,04-16-2023,1000,480V,2026-04-15T00:00:00Z,in service,Rooftop solar coupler
EQ-7395,C-1012,X-9000,SN-X9000-46889,11-04-2021,1000,480V,11-04-2023,Standby,Primary power grid node
EQ-6217,C-1451,X-12000,SN-X12000-12958,2023-05-30T00:00:00Z,1500,600V,05/29/2024,in service,NULL
EQ-6622,C-1466,X-7000,SN-X7000-94088,2022/09/05,500,480V,2024/09/04,in service,Substation B switchgear bay
EQ-6031,C-1081,X-7000,SN-X7000-87435,2022-05-12,500,480V,05/11/2025,Maintenance,Backup unit near loading dock
EQ-6359,C-1468,X-5000,SN-X5000-59190,2021-08-02,250,240V,2022-08-02,Decommissioned,High humidity bay installation
EQ-5755,C-1337,X-3000,SN-X3000-18383,07/03/2021,100,120V,2023-07-03,IN SERVICE,Substation B switchgear bay
EQ-6973,C-1031,X-9000,SN-X9000-38990,2023-07-04,1000,480V,07/03/2025,Maintenance,High humidity bay installation
EQ-6148,C-1506,X-7000,SN-X7000-25767,10/14/2022,500,480V,10-13-2024,In Service,<p>Substation B switchgear bay</p>
EQ-6581,C-1379,X-5000,SN-X5000-26558,2022/08/01,250,240V,2023-08-01,Standby,Backup unit near loading dock
EQ-6204,C-1485,X-12000,SN-X12000-17648,06/02/2021,1500,600V,06/02/2023,In Service,Substation B switchgear bay
EQ-6418,C-1182,X-7000,SN-X7000-36792,11/03/2022,500,480V,2025/11/02,IN SERVICE,High humidity bay installation
EQ-6282,C-1238,X-9000,NULL,05/12/2022,1000,480V,2023-05-12,Decommissioned,<strong>Primary power grid node</strong>
EQ-6986,C-1124,X-9000,SN-X9000-25070,04/15/2023,1000,480V,2024-04-14T00:00:00Z,In Service,<p>Primary power grid node</p>
EQ-5679,C-1090,X-9000,SN-X9000-56404,2022-07-06T00:00:00Z,1000,480V,07-06-2023,IN SERVICE,Rooftop solar coupler
EQ-5947,C-1139,X-7000,SN-X7000-46419,02-22-2022,500,480V,02/22/2023,In Service,<strong>Rooftop solar coupler</strong>
EQ-5585,C-1265,X-9000,SN-X9000-45215,10-06-2021,1000,480V,10-06-2022,In Service,Underground vault 4
EQ-6367,C-1096,X-12000,SN-X12000-69443,08/25/2023,1500,600V,08/24/2025,In Service,Backup unit near loading dock
EQ-7073,C-1179,X-7000,SN-X7000-38944,06/22/2021,500,480V,06/22/2023,In Service,<html>Primary power grid node</html>
EQ-6889,C-1364,X-5000,SN-X5000-35775,2021-12-10T00:00:00Z,250,240V,12/09/2024,Standby,Substation B switchgear bay
EQ-6553,C-1147,X-12000,SN-X12000-85985,2022-12-04,1500,600V,2024/12/03,Maintenance,Primary power grid node
EQ-5033,C-1083,X-3000,SN-X3000-33412,02/20/2022,100,120V,2025/02/19,Maintenance,Substation B switchgear bay
EQ-6606,C-1391,X-5000,SN-X5000-27310,01-29-2023,250,240V,01-29-2024,In Service,Rooftop solar coupler
EQ-6662,C-1353,X-12000,SN-X12000-94881,2023-10-22T00:00:00Z,1500,600V,10-21-2024,In Service,Rooftop solar coupler
EQ-5362,C-1485,X-5000,SN-X5000-38119,2022-06-22T00:00:00Z,250,240V,2024/06/21,In Service,Primary power grid node
EQ-7198,C-1242,X-5000,SN-X5000-94520,2022/03/18,250,240V,03-17-2025,Decommissioned,<div>Primary power grid node</div>
EQ-6036,C-1163,X-3000,SN-X3000-52068,2023/10/13,100,120V,10/12/2025,in service,Underground vault 4
EQ-6705,C-1457,X-3000,SN-X3000-26012,02/05/2023,100,120V,02/05/2024,Standby,High humidity bay installation
EQ-7059,C-1489,X-5000,SN-X5000-41849,01/05/2022,250,240V,2024-01-05,Maintenance,Substation B switchgear bay
EQ-6002,C-1052,X-3000,SN-X3000-30884,2023/07/03,100,120V,2024-07-02T00:00:00Z,Decommissioned,Backup unit near loading dock
EQ-7217,C-1491,X-9000,SN-X9000-31644,08/17/2021,1000,480V,2023-08-17T00:00:00Z,IN SERVICE,Underground vault 4
EQ-5405,C-1292,X-9000,SN-X9000-22088,09-05-2022,1000,480V,09/05/2023,In Service,Underground vault 4
EQ-7190,C-1273,X-5000,SN-X5000-59982,2023/11/17,250,240V,11/16/2025,In Service,Underground vault 4
EQ-5812,C-1143,X-12000,SN-X12000-38968,2023-05-06T00:00:00Z,1500,600V,2024-05-05T00:00:00Z,Standby,Underground vault 4
EQ-6894,C-1237,X-12000,SN-X12000-78471,03/20/2024,1500,600V,2026-03-20T00:00:00Z,Decommissioned,Backup unit near loading dock
EQ-6193,C-1064,X-9000,SN-X9000-19483,06/21/2021,1000,480V,06-21-2022,in service,Backup unit near loading dock
EQ-6859,C-1010,X-7000,SN-X7000-21081,12/01/2023,500,480V,2026/11/30,Standby,High humidity bay installation
EQ-6088,C-1376,X-5000,SN-X5000-35311,03/23/2024,250,240V,03/23/2027,in service,Rooftop solar coupler
EQ-7187,C-1101,X-12000,SN-X12000-47175,11/13/2023,1500,600V,11/12/2024,in service,<html>Substation B switchgear bay</html>
EQ-5776,C-1477,X-12000,SN-X12000-11299,01/30/2023,1500,600V,2024/01/30,In Service,<div>Primary power grid node</div>
EQ-6457,C-1289,X-7000,SN-X7000-68953,2023-09-21,500,480V,2026-09-20T00:00:00Z,In Service,Underground vault 4
EQ-5466,C-1415,X-7000,SN-X7000-31337,01-06-2022,500,480V,2024-01-06T00:00:00Z,Decommissioned,Rooftop solar coupler
EQ-5072,C-1041,X-7000,SN-X7000-39842,10/31/2023,500,480V,10-30-2025,in service,Backup unit near loading dock
EQ-5885,C-1244,X-5000,SN-X5000-54076,09/04/2023,250,240V,09-03-2025,Decommissioned,Underground vault 4
EQ-5633,C-1442,X-9000,SN-X9000-31952,06/19/2023,1000,480V,2024-06-18,IN SERVICE,Backup unit near loading dock
EQ-6078,C-1262,X-3000,SN-X3000-62665,2022/12/03,100,120V,2025-12-02,Maintenance,Primary power grid node
EQ-6907,C-1280,X-3000,SN-X3000-37246,2022/02/10,100,120V,2024-02-10T00:00:00Z,in service,High humidity bay installation
EQ-5205,C-1021,X-7000,SN-X7000-51178,2024-04-03T00:00:00Z,500,480V,2025-04-03T00:00:00Z,Standby,Backup unit near loading dock
EQ-5191,C-1494,X-9000,SN-X9000-98408,2021-09-28T00:00:00Z,1000,480V,09/28/2023,Decommissioned,High humidity bay installation
EQ-5383,C-1312,X-12000,SN-X12000-79472,2022/02/02,1500,600V,02/02/2024,Maintenance,Substation B switchgear bay
EQ-6963,C-1438,X-5000,SN-X5000-26828,10-13-2021,250,240V,10/12/2024,Standby,Primary power grid node
EQ-6797,C-1486,X-9000,SN-X9000-27849,08/24/2023,1000,480V,2026/08/23,Standby,Underground vault 4
EQ-6077,C-1471,X-9000,SN-X9000-26814,2024-01-05,1000,480V,2026/01/04,Maintenance,Rooftop solar coupler
EQ-6068,C-1314,X-9000,SN-X9000-34344,08/11/2022,1000,480V,2025-08-10,Standby,Rooftop solar coupler
EQ-6648,C-1046,X-7000,SN-X7000-45620,01/05/2023,500,480V,2025/01/04,IN SERVICE,Backup unit near loading dock
EQ-6349,C-1331,X-3000,SN-X3000-99872,02/16/2022,100,120V,02/15/2025,Decommissioned,<b>Rooftop solar coupler</b>
EQ-5219,C-1124,X-12000,SN-X12000-36816,04/14/2022,1500,600V,04/14/2023,In Service,Rooftop solar coupler
EQ-5338,C-1372,X-9000,SN-X9000-13427,11/05/2022,1000,480V,2024-11-04T00:00:00Z,IN SERVICE,Underground vault 4
EQ-5099,C-1300,X-7000,SN-X7000-55563,2022-12-20,500,480V,2024-12-19T00:00:00Z,Maintenance,Substation B switchgear bay
EQ-6962,C-1143,X-7000,SN-X7000-19470,06/15/2022,500,480V,2025-06-14,Maintenance,Substation B switchgear bay
EQ-6382,C-1445,X-12000,SN-X12000-11233,09/04/2023,1500,600V,09/03/2024,Maintenance,Backup unit near loading dock
EQ-5914,C-1323,X-7000,SN-X7000-65423,2023/11/04,500,480V,2025-11-03,IN SERVICE,   
EQ-6847,C-1071,X-7000,SN-X7000-20416,04-28-2023,500,480V,04/27/2025,Maintenance,Substation B switchgear bay
EQ-7350,C-1474,X-7000,SN-X7000-33206,2023-07-31T00:00:00Z,500,480V,2024-07-30T00:00:00Z,Maintenance,Backup unit near loading dock
EQ-5935,C-1118,X-12000,SN-X12000-26675,2023-11-03,1500,600V,11/02/2026,IN SERVICE,Rooftop solar coupler
EQ-5934,C-1325,X-7000,SN-X7000-30483,2023-03-18T00:00:00Z,500,480V,03-17-2026,Standby,<html>Substation B switchgear bay</html>
EQ-5372,C-1069,X-9000,SN-X9000-51383,2022-09-15,1000,480V,09/14/2025,IN SERVICE,Underground vault 4
EQ-7280,C-1095,X-3000,SN-X3000-61070,07/12/2023,100,120V,2025-07-11T00:00:00Z,In Service,High humidity bay installation
EQ-5924,C-1397,X-3000,SN-X3000-75561,11/05/2023,100,120V,2025/11/04,Standby,High humidity bay installation
EQ-7483,C-1058,X-9000,SN-X9000-41992,2021/05/04,1000,480V,05/03/2024,in service,Rooftop solar coupler
EQ-7175,C-1100,X-12000,SN-X12000-68727,2021/09/14,1500,600V,09/13/2024,Decommissioned,High humidity bay installation
EQ-6566,C-1289,X-12000,SN-X12000-43544,2022-03-08T00:00:00Z,1500,600V,2024-03-07,in service,High humidity bay installation
EQ-6813,C-1227,X-7000,SN-X7000-86200,2022-11-27T00:00:00Z,500,480V,2024-11-26T00:00:00Z,Maintenance,High humidity bay installation
EQ-5738,C-1052,X-12000,SN-X12000-33827,2022-03-01,1500,600V,2023/03/01,in service,High humidity bay installation
EQ-6545,C-1070,X-12000,SN-X12000-84221,2024-06-28T00:00:00Z,1500,600V,2025/06/28,Maintenance,<div>High humidity bay installation</div>
EQ-5541,C-1200,X-7000,SN-X7000-31702,2023-04-08,500,480V,2025-04-07T00:00:00Z,in service,<p>Rooftop solar coupler</p>
EQ-7226,C-1253,X-12000,SN-X12000-66878,2021-04-07,1500,600V,04/06/2024,in service,Primary power grid node
EQ-5266,C-1025,X-7000,SN-X7000-69606,05/02/2024,500,480V,05-02-2027,in service,<div>Substation B switchgear bay</div>
EQ-6262,C-1152,X-5000,SN-X5000-69160,06/24/2024,250,240V,2026-06-24T00:00:00Z,In Service,Substation B switchgear bay
EQ-5463,C-1134,X-9000,   ,08-21-2023,1000,480V,08/20/2025,in service,Primary power grid node
EQ-6212,C-1287,X-3000,SN-X3000-58893,2021-10-26,100,120V,10-25-2024,In Service,Backup unit near loading dock
EQ-5434,C-1333,X-3000,SN-X3000-24761,06-23-2022,100,120V,06/22/2024,IN SERVICE,Substation B switchgear bay
EQ-5665,C-1167,X-5000,SN-X5000-58226,11-30-2021,250,240V,2023-11-30,IN SERVICE,Rooftop solar coupler
EQ-5273,C-1116,X-12000,SN-X12000-68479,2022/06/12,1500,600V,2023/06/12,In Service,Primary power grid node
EQ-5292,C-1510,X-9000,SN-X9000-20239,2022/11/24,1000,480V,2024-11-23,Decommissioned,Substation B switchgear bay
EQ-7193,C-1184,X-7000,SN-X7000-33138,2021/09/02,500,480V,2024/09/01,in service,High humidity bay installation
EQ-7261,C-1500,X-12000,SN-X12000-41695,2021-05-11T00:00:00Z,1500,600V,05-11-2022,In Service,Primary power grid node
EQ-6775,C-1027,X-3000,SN-X3000-56788,2024-06-25,100,120V,06/25/2026,In Service,Substation B switchgear bay
EQ-7055,C-1125,X-7000,SN-X7000-89873,06/04/2024,500,480V,2025-06-04,in service,Rooftop solar coupler
EQ-5455,C-1408,X-7000,SN-X7000-34338,2022-08-19T00:00:00Z,500,480V,08-18-2025,IN SERVICE,Underground vault 4
EQ-6320,C-1513,X-5000,SN-X5000-27839,09/18/2022,250,240V,09-18-2023,Maintenance,Underground vault 4
EQ-5709,C-1120,X-5000,SN-X5000-46148,06-28-2024,250,240V,2026/06/28,in service,Backup unit near loading dock
EQ-7143,C-1222,X-7000,SN-X7000-48287,07-16-2021,500,480V,2022-07-16,IN SERVICE,<html><body>Backup unit near loading dock</body></html>
EQ-6272,C-1381,X-9000,SN-X9000-21165,2024-06-08T00:00:00Z,1000,480V,06/08/2027,Maintenance,Rooftop solar coupler
EQ-7331,C-1238,X-9000,SN-X9000-42833,2023-09-11,1000,480V,2025-09-10T00:00:00Z,Decommissioned,Rooftop solar coupler
EQ-5975,C-1045,X-7000,SN-X7000-66151,2023/02/16,500,480V,2024-02-16T00:00:00Z,Decommissioned,
EQ-6458,C-1488,X-7000,SN-X7000-96985,01/01/2023,500,480V,2024/12/31,Maintenance,Rooftop solar coupler
EQ-5961,C-1099,X-9000,SN-X9000-49305,10-03-2023,1000,480V,10/02/2024,Decommissioned,Rooftop solar coupler
EQ-7283,C-1238,X-7000,SN-X7000-33715,2022-11-11T00:00:00Z,500,480V,2024-11-10,Maintenance,Backup unit near loading dock
EQ-6119,C-1279,X-9000,SN-X9000-63082,2024/05/01,1000,480V,2025/05/01,Decommissioned,NULL
EQ-6908,C-1043,X-5000,SN-X5000-77383,2023-04-02,250,240V,2026/04/01,in service,Underground vault 4
EQ-5174,C-1468,X-9000,SN-X9000-42688,2021-11-19,1000,480V,11/18/2024,IN SERVICE,Rooftop solar coupler
EQ-7076,C-1415,X-5000,NULL,07-27-2023,250,240V,2025/07/26,in service,Substation B switchgear bay
EQ-6927,C-1018,X-7000,SN-X7000-88308,05-23-2022,500,480V,2025-05-22,IN SERVICE,Substation B switchgear bay
EQ-5808,C-1384,X-12000,SN-X12000-44431,02/03/2023,1500,600V,2024-02-03T00:00:00Z,in service,Backup unit near loading dock
EQ-5356,C-1091,X-12000,SN-X12000-62915,05-12-2021,1500,600V,05-12-2022,Decommissioned,Primary power grid node
EQ-6143,C-1380,X-5000,SN-X5000-13758,02/05/2022,250,240V,2024-02-05,Standby,High humidity bay installation
EQ-6733,C-1344,X-7000,SN-X7000-15492,01-30-2022,500,480V,2023-01-30,In Service,Rooftop solar coupler
EQ-6887,C-1217,X-5000,SN-X5000-98364,2022-03-28,250,240V,03/28/2023,in service,Substation B switchgear bay
EQ-6519,C-1247,X-5000,SN-X5000-55273,11/05/2021,250,240V,2022-11-05,Decommissioned,Primary power grid node
EQ-7402,C-1225,X-3000,SN-X3000-32265,2022-12-12T00:00:00Z,100,120V,12-12-2023,Standby,Substation B switchgear bay
EQ-5513,C-1303,X-9000,SN-X9000-24969,05-08-2022,1000,480V,2023-05-08T00:00:00Z,In Service,Substation B switchgear bay
EQ-7056,C-1068,X-9000,SN-X9000-84584,2023/02/15,1000,480V,2024/02/15,In Service,High humidity bay installation
EQ-5472,C-1137,X-12000,SN-X12000-60570,12/31/2023,1500,600V,2024/12/30,Maintenance,Underground vault 4
EQ-7447,C-1042,X-9000,SN-X9000-15358,2021-05-23,1000,480V,2022/05/23,Decommissioned,Underground vault 4
EQ-5004,C-1055,X-12000,SN-X12000-62341,11-26-2023,1500,600V,2024/11/25,in service,Underground vault 4
EQ-7400,C-1375,X-12000,SN-X12000-89082,2023-04-04T00:00:00Z,1500,600V,2024-04-03T00:00:00Z,Maintenance,<html><body>Underground vault 4</body></html>
EQ-5126,C-1140,X-7000,SN-X7000-66533,2023-04-29,500,480V,04/28/2025,IN SERVICE,High humidity bay installation
EQ-6787,C-1378,X-3000,SN-X3000-13699,08-06-2023,100,120V,08/05/2025,Decommissioned,<b>High humidity bay installation</b>
EQ-6356,C-1504,X-5000,SN-X5000-75929,2023-06-28,250,240V,06-27-2025,Maintenance,<html><body>Primary power grid node</body></html>
EQ-5163,C-1207,X-9000,SN-X9000-30072,10/18/2023,1000,480V,10/17/2026,in service,Backup unit near loading dock
EQ-5200,C-1460,X-3000,SN-X3000-58497,08-03-2023,100,120V,08/02/2024,IN SERVICE,High humidity bay installation
EQ-6460,C-1236,X-12000,SN-X12000-54727,2022-02-07T00:00:00Z,1500,600V,02/07/2023,Maintenance,NULL
EQ-6994,C-1114,X-9000,SN-X9000-36948,2022-04-10T00:00:00Z,1000,480V,2025/04/09,Maintenance,Primary power grid node
EQ-6539,C-1048,X-12000,SN-X12000-85966,2023-06-11,1500,600V,06-10-2025,In Service,NULL
EQ-5279,C-1239,X-12000,SN-X12000-14757,05/22/2023,1500,600V,2025-05-21,In Service,Backup unit near loading dock
EQ-6300,C-1115,X-12000,SN-X12000-32739,03-14-2024,1500,600V,2027-03-14,IN SERVICE,High humidity bay installation
EQ-7067,C-1072,X-3000,SN-X3000-63588,2023-05-07T00:00:00Z,100,120V,05-06-2026,In Service,<b>Backup unit near loading dock</b>
EQ-5988,C-1458,X-12000,SN-X12000-60752,11/21/2023,1500,600V,11/20/2024,Decommissioned,Rooftop solar coupler
EQ-6960,C-1148,X-12000,SN-X12000-30819,2021/04/15,1500,600V,2023/04/15,Maintenance,Rooftop solar coupler
EQ-5527,C-1362,X-12000,SN-X12000-19254,04/24/2024,1500,600V,2026-04-24,in service,High humidity bay installation
EQ-6526,C-1296,X-7000,SN-X7000-61683,2023/01/13,500,480V,01-12-2025,in service,Underground vault 4
EQ-7441,C-1272,X-7000,   ,2023-05-09,500,480V,2025-05-08T00:00:00Z,Maintenance,
EQ-7199,C-1318,X-12000,SN-X12000-86796,10-11-2023,1500,600V,10/10/2024,in service,High humidity bay installation
EQ-7453,C-1287,X-3000,SN-X3000-28287,2022/08/19,100,120V,2025/08/18,Decommissioned,Underground vault 4
EQ-5870,C-1379,X-7000,SN-X7000-29567,2023-06-10,500,480V,2024/06/09,In Service,Substation B switchgear bay
EQ-6820,C-1317,X-5000,SN-X5000-67213,2022-07-23,250,240V,07/22/2024,Standby,Primary power grid node
EQ-7240,C-1484,X-5000,SN-X5000-10636,2021-05-26T00:00:00Z,250,240V,05-25-2024,in service,Rooftop solar coupler
EQ-7356,C-1229,X-5000,SN-X5000-38102,2024-03-17,250,240V,03-17-2026,in service,
EQ-7314,C-1178,X-12000,SN-X12000-21935,2022-02-18,1500,600V,2023-02-18T00:00:00Z,In Service,Primary power grid node
EQ-6755,C-1461,X-3000,SN-X3000-35673,2024-01-05,100,120V,01-04-2025,Standby,Substation B switchgear bay
EQ-7311,C-1147,X-12000,SN-X12000-20929,2024-03-01,1500,600V,03/01/2026,Decommissioned,Underground vault 4
EQ-5875,C-1268,X-3000,SN-X3000-21761,03/26/2022,100,120V,2023/03/26,IN SERVICE,<b>Substation B switchgear bay</b>
EQ-6956,C-1057,X-9000,SN-X9000-70707,02-28-2024,1000,480V,2027-02-27T00:00:00Z,Maintenance,Backup unit near loading dock
EQ-6358,C-1444,X-9000,SN-X9000-22616,2021/07/01,1000,480V,07/01/2022,IN SERVICE,<p>Substation B switchgear bay</p>
EQ-6717,C-1468,X-9000,SN-X9000-61172,2021-11-03T00:00:00Z,1000,480V,2024-11-02T00:00:00Z,In Service,Underground vault 4
EQ-5884,C-1187,X-7000,SN-X7000-37456,12/21/2022,500,480V,2023/12/21,in service,Underground vault 4
EQ-6083,C-1136,X-7000,SN-X7000-94631,06/02/2022,500,480V,2023-06-02T00:00:00Z,Decommissioned,Backup unit near loading dock
EQ-6694,C-1352,X-12000,SN-X12000-28052,04/20/2024,1500,600V,04/20/2026,in service,Underground vault 4
EQ-5254,C-1429,X-3000,SN-X3000-60837,2024-05-07,100,120V,05/07/2027,Standby,Substation B switchgear bay
EQ-7413,C-1162,X-9000,SN-X9000-87785,2021-12-20T00:00:00Z,1000,480V,2022/12/20,IN SERVICE,Underground vault 4
EQ-6508,C-1094,X-12000,SN-X12000-95026,05/07/2023,1500,600V,05/06/2025,IN SERVICE,Substation B switchgear bay
EQ-7271,C-1052,X-5000,SN-X5000-30820,2021-10-24T00:00:00Z,250,240V,2022-10-24,In Service,High humidity bay installation
EQ-5382,C-1497,X-9000,SN-X9000-15786,2021/07/10,1000,480V,07-10-2022,Standby,High humidity bay installation
EQ-5445,C-1262,X-12000,SN-X12000-69863,06-20-2021,1500,600V,06/19/2024,Decommissioned,Substation B switchgear bay
EQ-6522,C-1198,X-3000,SN-X3000-69805,2022-07-12T00:00:00Z,100,120V,07/11/2024,Standby,NULL
EQ-5063,C-1004,X-5000,SN-X5000-89970,2022/02/16,250,240V,02/16/2024,Decommissioned,Rooftop solar coupler
EQ-5150,C-1048,X-5000,SN-X5000-88479,2022/08/18,250,240V,08/17/2025,Standby,High humidity bay installation
EQ-6273,C-1499,X-5000,SN-X5000-64240,2021-08-13,250,240V,08-13-2023,In Service,Underground vault 4
EQ-5506,C-1064,X-7000,SN-X7000-42728,2021/07/30,500,480V,2022/07/30,In Service,Substation B switchgear bay
EQ-6427,C-1176,X-9000,SN-X9000-88348,2023-05-14,1000,480V,2026-05-13T00:00:00Z,Standby,<strong>Underground vault 4</strong>
EQ-5578,C-1326,X-12000,SN-X12000-32597,02/23/2024,1500,600V,02/22/2027,In Service,NULL
EQ-6316,C-1467,X-5000,SN-X5000-45359,2022/04/06,250,240V,04-05-2025,Maintenance,Substation B switchgear bay
EQ-7089,C-1512,X-9000,SN-X9000-59148,06/15/2021,1000,480V,06/15/2023,Decommissioned,Primary power grid node
EQ-6803,C-1098,X-7000,SN-X7000-63810,2024-03-03T00:00:00Z,500,480V,2027/03/03,Standby,Underground vault 4
EQ-5196,C-1488,X-5000,SN-X5000-82001,2022/10/21,250,240V,2023/10/21,IN SERVICE,Rooftop solar coupler
EQ-5569,C-1078,X-5000,SN-X5000-81476,01-26-2024,250,240V,01/25/2025,in service,   
EQ-7421,C-1031,X-5000,SN-X5000-38573,12-18-2021,250,240V,12/18/2023,Decommissioned,Backup unit near loading dock
EQ-6366,C-1456,X-7000,SN-X7000-44018,2023/04/15,500,480V,04-14-2025,Decommissioned,Rooftop solar coupler
EQ-5748,C-1242,X-5000,SN-X5000-24020,2022-07-01T00:00:00Z,250,240V,2025-06-30T00:00:00Z,Decommissioned,Primary power grid node
EQ-6592,C-1485,X-3000,SN-X3000-64079,07-17-2022,100,120V,07/17/2023,Decommissioned,Primary power grid node
EQ-5458,C-1474,X-5000,SN-X5000-79434,04/28/2023,250,240V,2024/04/27,IN SERVICE,   
EQ-5932,C-1446,X-9000,SN-X9000-34056,2022-09-02,1000,480V,2024/09/01,Maintenance,Substation B switchgear bay
EQ-5548,C-1001,X-7000,SN-X7000-60002,2021/07/01,500,480V,07/01/2023,In Service,Primary power grid node
EQ-5587,C-1036,X-12000,SN-X12000-58140,05-25-2024,1500,600V,2025-05-25T00:00:00Z,Maintenance,Rooftop solar coupler
EQ-6171,C-1263,X-7000,SN-X7000-91504,2023-11-23,500,480V,11-22-2024,in service,Rooftop solar coupler
EQ-6554,C-1421,X-9000,SN-X9000-68926,04-12-2023,1000,480V,2025/04/11,Standby,Underground vault 4
EQ-7467,C-1146,X-12000,SN-X12000-89759,2024-04-20,1500,600V,2025-04-20T00:00:00Z,Decommissioned,Underground vault 4
EQ-6980,C-1020,X-9000,SN-X9000-50229,05-20-2024,1000,480V,05/20/2027,In Service,Backup unit near loading dock
EQ-6534,C-1209,X-3000,SN-X3000-34319,2021-10-10T00:00:00Z,100,120V,2023-10-10T00:00:00Z,IN SERVICE,
EQ-7357,C-1363,X-7000,SN-X7000-44221,04-25-2023,500,480V,2026/04/24,In Service,Substation B switchgear bay
EQ-6942,C-1038,X-5000,SN-X5000-69524,07-11-2023,250,240V,07/10/2025,Decommissioned,<div>Primary power grid node</div>
EQ-7160,C-1500,X-5000,SN-X5000-23782,05/04/2021,250,240V,2024-05-03,Decommissioned,Rooftop solar coupler
EQ-6777,C-1346,X-5000,SN-X5000-53902,2023-02-09T00:00:00Z,250,240V,2025/02/08,Decommissioned,Backup unit near loading dock
EQ-5744,C-1278,X-7000,SN-X7000-28580,12/31/2021,500,480V,12/31/2022,Standby,High humidity bay installation
EQ-5607,C-1511,X-3000,SN-X3000-43792,02/10/2023,100,120V,2024-02-10T00:00:00Z,IN SERVICE,High humidity bay installation
EQ-6156,C-1266,X-9000,SN-X9000-95279,09/09/2023,1000,480V,2025-09-08T00:00:00Z,In Service,Substation B switchgear bay
EQ-5267,C-1395,X-9000,SN-X9000-72438,2023-09-13,1000,480V,09-12-2025,in service,Primary power grid node
EQ-5862,C-1380,X-9000,SN-X9000-69866,2024-03-25T00:00:00Z,1000,480V,2027-03-25,Standby,Rooftop solar coupler
EQ-5055,C-1023,X-3000,SN-X3000-78492,2022-12-12T00:00:00Z,100,120V,2023/12/12,IN SERVICE,Backup unit near loading dock
EQ-7144,C-1154,X-12000,SN-X12000-28958,2022/11/02,1500,600V,11-01-2024,IN SERVICE,   
EQ-7478,C-1471,X-12000,SN-X12000-66504,2023-11-29T00:00:00Z,1500,600V,2024-11-28,in service,Underground vault 4
EQ-6019,C-1177,X-9000,SN-X9000-58780,2023-09-06T00:00:00Z,1000,480V,09/05/2024,in service,<p>Primary power grid node</p>
EQ-5931,C-1301,X-5000,SN-X5000-62436,2022-05-03,250,240V,05-02-2024,In Service,High humidity bay installation
EQ-6764,C-1303,X-5000,SN-X5000-14295,2021/09/15,250,240V,09-15-2022,Standby,Backup unit near loading dock
EQ-5181,C-1308,X-7000,SN-X7000-53992,04/22/2023,500,480V,04-21-2026,Maintenance,Rooftop solar coupler
EQ-5037,C-1383,X-12000,SN-X12000-12992,2023/01/26,1500,600V,01/25/2026,IN SERVICE,   
EQ-6053,C-1245,X-3000,SN-X3000-11435,06/18/2022,100,120V,2025-06-17,In Service,Substation B switchgear bay
EQ-6831,C-1005,X-3000,SN-X3000-13954,2021-11-16,100,120V,11/16/2022,Standby,Backup unit near loading dock
EQ-7221,C-1072,X-12000,SN-X12000-16772,02-22-2022,1500,600V,2025-02-21T00:00:00Z,Standby,Rooftop solar coupler
EQ-6730,C-1177,X-3000,SN-X3000-39387,09/26/2021,100,120V,2022/09/26,Standby,Rooftop solar coupler
EQ-6742,C-1128,X-3000,SN-X3000-23655,2023/10/25,100,120V,2026-10-24,In Service,
EQ-7132,C-1105,X-12000,NULL,11/18/2021,1500,600V,2023-11-18T00:00:00Z,In Service,High humidity bay installation
EQ-6902,C-1453,X-12000,SN-X12000-51993,11/07/2022,1500,600V,11-06-2024,in service,Rooftop solar coupler
EQ-6605,C-1129,X-3000,SN-X3000-35018,2023-10-27,100,120V,10-26-2024,In Service,Backup unit near loading dock
EQ-6854,C-1143,X-9000,SN-X9000-61193,2024-03-22,1000,480V,2025-03-22T00:00:00Z,Decommissioned,High humidity bay installation
EQ-5330,C-1432,X-3000,SN-X3000-22062,03-25-2023,100,120V,03/24/2024,Maintenance,<html>Backup unit near loading dock</html>
EQ-5068,C-1046,X-3000,SN-X3000-73837,2022-08-25,100,120V,2024-08-24,Decommissioned,Substation B switchgear bay
EQ-7420,C-1083,X-12000,SN-X12000-31784,2024-03-02,1500,600V,03/02/2026,In Service,<html><body>Primary power grid node</body></html>
EQ-6596,C-1135,X-7000,SN-X7000-99704,2023-07-30,500,480V,07-29-2026,Maintenance,Rooftop solar coupler
EQ-6533,C-1412,X-12000,SN-X12000-70952,2023/05/13,1500,600V,2024/05/12,Standby,Substation B switchgear bay
EQ-7385,C-1476,X-3000,SN-X3000-79102,2024-01-16T00:00:00Z,100,120V,01/15/2027,Maintenance,Backup unit near loading dock
EQ-6149,C-1145,X-7000,SN-X7000-50261,01/12/2022,500,480V,2024/01/12,In Service,Primary power grid node
EQ-6711,C-1487,X-5000,SN-X5000-53054,11/26/2022,250,240V,2025-11-25,Standby,High humidity bay installation
EQ-7078,C-1428,X-3000,SN-X3000-11009,2023-03-31,100,120V,2026/03/30,Standby,Rooftop solar coupler
EQ-6301,C-1095,X-12000,SN-X12000-91919,07-13-2021,1500,600V,07/12/2024,Standby,Backup unit near loading dock
EQ-5695,C-1124,X-9000,SN-X9000-14762,2024/06/03,1000,480V,2027/06/03,Maintenance,Backup unit near loading dock
EQ-7104,C-1106,X-12000,SN-X12000-46982,2024-01-18T00:00:00Z,1500,600V,2026-01-17T00:00:00Z,Decommissioned,Backup unit near loading dock
EQ-6542,C-1247,X-12000,SN-X12000-75992,2022-12-02,1500,600V,2023/12/02,Standby,Substation B switchgear bay
EQ-6442,C-1129,X-7000,SN-X7000-12198,03/14/2024,500,480V,03/14/2027,Decommissioned,Primary power grid node
EQ-6244,C-1260,X-5000,SN-X5000-93330,2024/02/23,250,240V,02/22/2027,in service,Underground vault 4
EQ-6515,C-1517,X-3000,SN-X3000-23744,09/15/2023,100,120V,09-14-2026,In Service,Rooftop solar coupler
EQ-6999,C-1312,X-5000,SN-X5000-68111,08/31/2022,250,240V,08-30-2024,Standby,<p>Primary power grid node</p>
EQ-5422,C-1145,X-5000,SN-X5000-96627,09-27-2022,250,240V,2023/09/27,Decommissioned,Rooftop solar coupler
EQ-6091,C-1424,X-7000,SN-X7000-62535,12-18-2022,500,480V,2024/12/17,Standby,<html><body>Substation B switchgear bay</body></html>
EQ-5252,C-1375,X-5000,SN-X5000-27460,2023-06-10,250,240V,2024-06-09,in service,Primary power grid node
EQ-7064,C-1410,X-12000,SN-X12000-38158,2023/07/28,1500,600V,2024-07-27,IN SERVICE,Rooftop solar coupler
EQ-7426,C-1243,X-5000,SN-X5000-64282,01/29/2023,250,240V,01/28/2026,Decommissioned,High humidity bay installation
EQ-5473,C-1173,X-9000,SN-X9000-94298,2023-07-26T00:00:00Z,1000,480V,07/25/2024,Standby,Primary power grid node
EQ-5698,C-1058,X-7000,SN-X7000-25111,2021-10-05,500,480V,2024-10-04T00:00:00Z,Maintenance,High humidity bay installation
EQ-5963,C-1477,X-9000,SN-X9000-32313,09-26-2023,1000,480V,09-25-2024,IN SERVICE,   
EQ-5357,C-1100,X-12000,SN-X12000-92250,01-13-2024,1500,600V,01/12/2027,In Service,Backup unit near loading dock
EQ-6652,C-1130,X-9000,SN-X9000-40637,2021/08/12,1000,480V,2024/08/11,Standby,Substation B switchgear bay
EQ-5170,C-1261,X-9000,SN-X9000-29750,07/22/2023,1000,480V,2025/07/21,Maintenance,Backup unit near loading dock
EQ-5484,C-1135,X-7000,SN-X7000-26011,2023/12/28,500,480V,12/27/2026,Standby,Rooftop solar coupler
EQ-6104,C-1164,X-9000,SN-X9000-49210,02/08/2024,1000,480V,02/07/2025,Decommissioned,High humidity bay installation
EQ-5849,C-1086,X-3000,SN-X3000-98395,2022-04-10,100,120V,04/09/2024,Standby,Underground vault 4
EQ-6457,C-1289,X-7000,SN-X7000-68953,2023-09-21,500,480V,2026-09-20T00:00:00Z,Maintenance,Underground vault 4
EQ-5285,C-1487,X-5000,SN-X5000-85217,2022-10-24,250,240V,10/23/2024,IN SERVICE,Rooftop solar coupler
EQ-5335,C-1250,X-3000,SN-X3000-87710,01/04/2022,100,120V,01-04-2024,Maintenance,<b>Substation B switchgear bay</b>
EQ-6410,C-1271,X-5000,SN-X5000-55026,2021-05-13,250,240V,2023-05-13T00:00:00Z,in service,Backup unit near loading dock
EQ-7222,C-1195,X-3000,SN-X3000-63998,2024/04/19,100,120V,04/19/2027,In Service,Primary power grid node
EQ-5939,C-1307,X-9000,   ,2021-05-15,1000,480V,2022-05-15T00:00:00Z,In Service,Substation B switchgear bay
EQ-6950,C-1369,X-5000,SN-X5000-36111,09-27-2021,250,240V,2022/09/27,Standby,<html>Primary power grid node</html>
EQ-5291,C-1242,X-7000,SN-X7000-70725,12/24/2021,500,480V,2023-12-24,In Service,
EQ-6660,C-1129,X-7000,SN-X7000-31202,2022-07-13,500,480V,07/12/2025,In Service,Rooftop solar coupler
EQ-5850,C-1378,X-3000,SN-X3000-88994,12/06/2022,100,120V,12/05/2025,Decommissioned,Primary power grid node
EQ-6225,C-1293,X-3000,SN-X3000-98514,04/13/2022,100,120V,04/13/2023,Standby,NULL
EQ-6875,C-1354,X-3000,SN-X3000-34761,2023-11-24,100,120V,2024/11/23,Standby,<strong>Substation B switchgear bay</strong>
EQ-7277,C-1358,X-7000,,2022-05-20,500,480V,05/20/2023,In Service,Substation B switchgear bay
EQ-5759,C-1343,X-3000,SN-X3000-52174,2021-07-05T00:00:00Z,100,120V,07/05/2023,IN SERVICE,
EQ-5365,C-1204,X-5000,SN-X5000-53351,2021-10-22T00:00:00Z,250,240V,10-22-2022,Decommissioned,<html><body>Substation B switchgear bay</body></html>
EQ-5402,C-1212,X-3000,SN-X3000-61348,2023-04-24,100,120V,04-23-2026,in service,Backup unit near loading dock
EQ-6256,C-1173,X-5000,SN-X5000-74674,11/02/2023,250,240V,2026-11-01,Standby,Underground vault 4
EQ-5781,C-1449,X-12000,SN-X12000-67445,2024-04-13,1500,600V,2027-04-13T00:00:00Z,in service,Rooftop solar coupler
EQ-7077,C-1327,X-9000,SN-X9000-28198,2021/07/20,1000,480V,07/19/2024,IN SERVICE,<div>Rooftop solar coupler</div>
EQ-5785,C-1250,X-5000,SN-X5000-52415,03/06/2023,250,240V,03-05-2026,Decommissioned,Rooftop solar coupler
EQ-6254,C-1135,X-9000,SN-X9000-74512,2022-04-03,1000,480V,2025-04-02T00:00:00Z,IN SERVICE,Underground vault 4
EQ-7151,C-1246,X-12000,SN-X12000-35928,2023/03/11,1500,600V,03/10/2025,Maintenance,Substation B switchgear bay
EQ-5032,C-1016,X-7000,SN-X7000-40765,2023-05-09,500,480V,2026-05-08,IN SERVICE,Rooftop solar coupler
EQ-5353,C-1263,X-7000,SN-X7000-65856,04-29-2021,500,480V,04-29-2023,Decommissioned,Primary power grid node
EQ-6208,C-1085,X-5000,   ,2024/02/13,250,240V,2026/02/12,In Service,
EQ-5256,C-1249,X-7000,   ,09/02/2023,500,480V,09-01-2024,in service,Rooftop solar coupler
EQ-6045,C-1330,X-5000,SN-X5000-22042,2022-05-14,250,240V,05-13-2025,IN SERVICE,Rooftop solar coupler
EQ-6901,C-1465,X-7000,SN-X7000-85072,07-29-2023,500,480V,2024-07-28T00:00:00Z,Decommissioned,Substation B switchgear bay
EQ-7352,C-1470,X-7000,SN-X7000-45506,11-16-2022,500,480V,11-16-2023,In Service,Primary power grid node
EQ-6157,C-1320,X-3000,SN-X3000-80243,2023-12-10,100,120V,12-09-2024,In Service,<b>High humidity bay installation</b>
EQ-7470,C-1141,X-9000,SN-X9000-54433,2021-09-05T00:00:00Z,1000,480V,09/05/2023,in service,Underground vault 4
EQ-6087,C-1258,X-7000,NULL,02/25/2023,500,480V,02/25/2024,in service,Primary power grid node
EQ-7328,C-1054,X-3000,SN-X3000-32428,06/23/2021,100,120V,06-22-2024,Decommissioned,High humidity bay installation
EQ-5971,C-1250,X-7000,SN-X7000-35772,2023/10/29,500,480V,2024-10-28T00:00:00Z,Maintenance,Rooftop solar coupler
EQ-6309,C-1401,X-5000,SN-X5000-62627,2022/03/19,250,240V,2025/03/18,IN SERVICE,Backup unit near loading dock
EQ-6384,C-1466,X-9000,SN-X9000-64860,2022-12-16T00:00:00Z,1000,480V,2025-12-15T00:00:00Z,Maintenance,<html>Backup unit near loading dock</html>
EQ-5289,C-1034,X-7000,SN-X7000-13129,01/05/2023,500,480V,01/04/2025,IN SERVICE,Primary power grid node
EQ-6722,C-1506,X-7000,SN-X7000-15664,10/13/2023,500,480V,2025/10/12,Decommissioned,Backup unit near loading dock
EQ-5572,C-1439,X-3000,SN-X3000-89005,06/20/2022,100,120V,06/19/2024,Standby,Substation B switchgear bay
EQ-6896,C-1301,X-5000,SN-X5000-58797,05-17-2021,250,240V,2022-05-17T00:00:00Z,IN SERVICE,Primary power grid node
EQ-7449,C-1343,X-12000,SN-X12000-85200,2021-06-06,1500,600V,2024-06-05T00:00:00Z,Decommissioned,High humidity bay installation
EQ-6298,C-1241,X-5000,SN-X5000-51978,08/10/2023,250,240V,2026-08-09,IN SERVICE,NULL
EQ-5556,C-1336,X-5000,SN-X5000-32925,2022/02/06,250,240V,02/06/2024,IN SERVICE,Rooftop solar coupler
EQ-7137,C-1179,X-12000,SN-X12000-51072,2022-04-27,1500,600V,2023-04-27,Standby,<b>Primary power grid node</b>
EQ-5450,C-1413,X-9000,SN-X9000-90481,2021/08/09,1000,480V,2024-08-08T00:00:00Z,Standby,Underground vault 4
EQ-6062,C-1175,X-3000,SN-X3000-76056,04/18/2023,100,120V,2024-04-17,In Service,<strong>High humidity bay installation</strong>
EQ-7162,C-1299,X-7000,SN-X7000-98802,06-16-2021,500,480V,2022-06-16,IN SERVICE,NULL
EQ-6976,C-1465,X-12000,SN-X12000-35894,2021/04/23,1500,600V,2023-04-23T00:00:00Z,Standby,High humidity bay installation
EQ-6812,C-1106,X-5000,SN-X5000-74356,2022/03/06,250,240V,03-05-2025,Maintenance,Primary power grid node
EQ-5640,C-1422,X-12000,SN-X12000-32593,02/07/2024,1500,600V,2026-02-06,in service,High humidity bay installation
EQ-5503,C-1497,X-5000,SN-X5000-28460,12/13/2023,250,240V,2024/12/12,Maintenance,Primary power grid node
EQ-6181,C-1358,X-5000,SN-X5000-22506,2022-10-13T00:00:00Z,250,240V,10/12/2025,Decommissioned,<strong>Rooftop solar coupler</strong>
EQ-6050,C-1308,X-7000,SN-X7000-10363,2023-04-15,500,480V,04/14/2024,In Service,Duplicate scan log
EQ-7042,C-1509,X-7000,SN-X7000-47983,03-25-2023,500,480V,2025/03/24,Decommissioned,High humidity bay installation
EQ-6752,C-1368,X-9000,SN-X9000-11847,2023/09/22,1000,480V,09-21-2024,Standby,Underground vault 4
EQ-5662,C-1420,X-12000,SN-X12000-18333,08-31-2023,1500,600V,08-30-2024,in service,Backup unit near loading dock
EQ-6409,C-1216,X-7000,SN-X7000-76549,09/08/2023,500,480V,2025-09-07T00:00:00Z,in service,Backup unit near loading dock
EQ-5028,C-1377,X-9000,SN-X9000-93200,2023-02-03,1000,480V,02-02-2026,Maintenance,Rooftop solar coupler
EQ-6528,C-1029,X-7000,SN-X7000-38027,05/23/2023,500,480V,05-22-2025,IN SERVICE,Substation B switchgear bay
EQ-6033,C-1184,X-9000,SN-X9000-39555,2023/01/06,1000,480V,01-06-2024,In Service,
EQ-7491,C-1035,X-7000,SN-X7000-19514,2021-05-19T00:00:00Z,500,480V,05-19-2023,Maintenance,Underground vault 4
EQ-5813,C-1494,X-9000,SN-X9000-97678,01/13/2023,1000,480V,01/13/2024,IN SERVICE,Underground vault 4
EQ-6115,C-1287,X-5000,SN-X5000-71803,2024/06/17,250,240V,06-17-2025,In Service,Underground vault 4
EQ-5657,C-1356,X-7000,SN-X7000-96247,2024-06-13T00:00:00Z,500,480V,06-13-2027,Maintenance,High humidity bay installation
EQ-5515,C-1289,X-5000,SN-X5000-30523,09/18/2023,250,240V,2025-09-17,Maintenance,NULL
EQ-7008,C-1506,X-9000,SN-X9000-99399,02-01-2023,1000,480V,2024-02-01T00:00:00Z,Maintenance,High humidity bay installation
EQ-7229,C-1269,X-9000,SN-X9000-42519,06/10/2023,1000,480V,2025/06/09,Decommissioned,High humidity bay installation
EQ-7263,C-1361,X-9000,SN-X9000-55036,09-01-2021,1000,480V,09-01-2023,IN SERVICE,Rooftop solar coupler
EQ-5892,C-1316,X-5000,SN-X5000-18189,2022-05-18T00:00:00Z,250,240V,2023-05-18T00:00:00Z,Decommissioned,Rooftop solar coupler
EQ-5405,C-1292,X-9000,SN-X9000-22088,09-05-2022,1000,480V,09/05/2023,Standby,Underground vault 4
EQ-6693,C-1379,X-9000,NULL,2024-04-20,1000,480V,2026-04-20,IN SERVICE,Backup unit near loading dock
EQ-5764,C-1165,X-12000,SN-X12000-36361,2022-07-07T00:00:00Z,1500,600V,2025-07-06T00:00:00Z,Decommissioned,Backup unit near loading dock
EQ-5386,C-1049,X-12000,SN-X12000-26484,2021/08/11,1500,600V,08-11-2022,in service,Primary power grid node
EQ-6044,C-1099,X-3000,SN-X3000-15377,11/27/2021,100,120V,11/26/2024,Standby,Substation B switchgear bay
EQ-7069,C-1069,X-3000,NULL,05/30/2022,100,120V,2023-05-30T00:00:00Z,Decommissioned,
EQ-7004,C-1116,X-3000,SN-X3000-38629,2022-03-28,100,120V,03/27/2025,in service,Primary power grid node
EQ-6111,C-1377,X-9000,SN-X9000-72988,2022/11/21,1000,480V,11/20/2025,IN SERVICE,Primary power grid node
EQ-5606,C-1390,X-3000,SN-X3000-21546,2024-02-19T00:00:00Z,100,120V,2025-02-18,Maintenance,Backup unit near loading dock
EQ-6933,C-1126,X-5000,SN-X5000-99069,2022-06-28T00:00:00Z,250,240V,06/28/2023,In Service,Backup unit near loading dock
EQ-5095,C-1261,X-3000,SN-X3000-33877,04/30/2021,100,120V,04/30/2022,Standby,
EQ-5927,C-1123,X-9000,SN-X9000-89527,12-04-2021,1000,480V,12/04/2023,In Service,Rooftop solar coupler
EQ-5521,C-1420,X-9000,SN-X9000-89034,2024/05/14,1000,480V,2027-05-14,in service,Primary power grid node
EQ-5534,C-1515,X-9000,SN-X9000-48384,2021-07-02T00:00:00Z,1000,480V,2024/07/01,Maintenance,Underground vault 4
EQ-7114,C-1503,X-5000,SN-X5000-37745,2022-12-10T00:00:00Z,250,240V,12/09/2025,in service,<html><body>Backup unit near loading dock</body></html>
EQ-7315,C-1132,X-3000,SN-X3000-41517,07/01/2024,100,120V,07/01/2025,in service,Backup unit near loading dock
EQ-7119,C-1254,X-5000,SN-X5000-46491,2022-02-02,250,240V,2023-02-02T00:00:00Z,In Service,Primary power grid node
EQ-6580,C-1313,X-12000,SN-X12000-75057,12-16-2023,1500,600V,2026-12-15,IN SERVICE,   
EQ-5162,C-1116,X-9000,SN-X9000-47023,2023-06-02T00:00:00Z,1000,480V,06-01-2025,Standby,Backup unit near loading dock
EQ-6441,C-1204,X-9000,SN-X9000-62415,05/26/2023,1000,480V,05-25-2026,IN SERVICE,Underground vault 4
EQ-6109,C-1345,X-12000,SN-X12000-89478,01-16-2023,1500,600V,2026-01-15,Decommissioned,Rooftop solar coupler
EQ-6630,C-1086,X-12000,SN-X12000-84452,2024-01-11T00:00:00Z,1500,600V,2026/01/10,Standby,Rooftop solar coupler
EQ-5412,C-1294,X-3000,SN-X3000-40637,05/07/2023,100,120V,05-06-2026,Standby,Primary power grid node
EQ-7124,C-1278,X-9000,SN-X9000-68303,2022/08/18,1000,480V,2025-08-17,in service,Backup unit near loading dock
EQ-6623,C-1140,X-9000,SN-X9000-83963,2021/06/12,1000,480V,2023/06/12,Maintenance,Substation B switchgear bay
EQ-7054,C-1249,X-9000,SN-X9000-41407,09/23/2023,1000,480V,09/22/2026,Standby,High humidity bay installation
EQ-5964,C-1206,X-7000,SN-X7000-35454,2022-04-15,500,480V,04/15/2023,Maintenance,   
EQ-6242,C-1476,X-5000,SN-X5000-98496,2021/11/20,250,240V,2023-11-20,Maintenance,Underground vault 4
EQ-5235,C-1288,X-5000,SN-X5000-99654,02-15-2023,250,240V,2025-02-14T00:00:00Z,In Service,High humidity bay installation
EQ-6415,C-1050,X-9000,SN-X9000-69975,05-16-2021,1000,480V,2023-05-16T00:00:00Z,Decommissioned,Primary power grid node
EQ-6170,C-1502,X-7000,SN-X7000-67313,10/17/2023,500,480V,10-16-2026,Standby,Rooftop solar coupler
EQ-5093,C-1163,X-3000,SN-X3000-62931,10/31/2022,100,120V,10/30/2025,In Service,Backup unit near loading dock
EQ-5865,C-1029,X-3000,SN-X3000-51725,10/07/2021,100,120V,10-06-2024,Decommissioned,Substation B switchgear bay
EQ-5396,C-1090,X-9000,SN-X9000-28535,2021-10-27T00:00:00Z,1000,480V,2022/10/27,In Service,Underground vault 4
EQ-7012,C-1363,X-12000,SN-X12000-30961,04/09/2022,1500,600V,2023-04-09T00:00:00Z,Standby,<strong>Rooftop solar coupler</strong>
EQ-6452,C-1222,X-12000,SN-X12000-38197,2024-04-06T00:00:00Z,1500,600V,2025-04-06T00:00:00Z,In Service,<html><body>Substation B switchgear bay</body></html>
EQ-7337,C-1187,X-9000,SN-X9000-80879,2023-03-22T00:00:00Z,1000,480V,2025/03/21,Decommissioned,Rooftop solar coupler
EQ-6466,C-1236,X-9000,SN-X9000-83250,02/25/2023,1000,480V,2026-02-24T00:00:00Z,Maintenance,Underground vault 4
EQ-5492,C-1372,X-3000,SN-X3000-29557,06/26/2024,100,120V,2025-06-26,Standby,<strong>Substation B switchgear bay</strong>
EQ-7429,C-1501,X-3000,SN-X3000-16217,2022-08-25T00:00:00Z,100,120V,2023-08-25,in service,   
EQ-6450,C-1519,X-12000,SN-X12000-93584,03-10-2022,1500,600V,03-09-2025,In Service,Rooftop solar coupler
EQ-6710,C-1403,X-12000,SN-X12000-10916,11-21-2023,1500,600V,11/20/2024,Decommissioned,Rooftop solar coupler
EQ-7487,C-1190,X-12000,SN-X12000-57557,2023-01-12T00:00:00Z,1500,600V,01/11/2025,In Service,High humidity bay installation
EQ-6773,C-1491,X-5000,SN-X5000-87484,2021-11-10,250,240V,11/10/2022,In Service,Primary power grid node
EQ-6064,C-1355,X-7000,SN-X7000-37418,08-16-2022,500,480V,2025-08-15,in service,High humidity bay installation
EQ-5324,C-1178,X-9000,SN-X9000-66362,2021-07-07T00:00:00Z,1000,480V,2022/07/07,in service,<html><body>Substation B switchgear bay</body></html>
EQ-5918,C-1289,X-12000,SN-X12000-29333,2023-10-11,1500,600V,2024/10/10,Decommissioned,Substation B switchgear bay
EQ-6003,C-1384,X-7000,SN-X7000-79019,2023-01-29T00:00:00Z,500,480V,2024-01-29T00:00:00Z,Standby,Primary power grid node
EQ-5002,C-1285,X-7000,SN-X7000-96285,2021-06-09,500,480V,06/09/2023,Standby,Primary power grid node
EQ-5609,C-1211,X-12000,SN-X12000-63166,2022/10/12,1500,600V,10/11/2025,Maintenance,Primary power grid node
EQ-5019,C-1210,X-7000,SN-X7000-65797,02/21/2023,500,480V,02-20-2026,in service,
EQ-6593,C-1018,X-7000,SN-X7000-71179,08/09/2022,500,480V,08/09/2023,Standby,Primary power grid node
EQ-5706,C-1123,X-5000,SN-X5000-49283,2022-07-25T00:00:00Z,250,240V,2023-07-25T00:00:00Z,in service,Substation B switchgear bay
EQ-5307,C-1360,X-3000,SN-X3000-16731,04-05-2021,100,120V,04/05/2023,IN SERVICE,Primary power grid node
EQ-5108,C-1157,X-7000,SN-X7000-60004,09/06/2022,500,480V,09/06/2023,decommissioned,Rooftop solar coupler
EQ-6080,C-1469,X-3000,   ,2021/07/19,100,120V,2022/07/19,Maintenance,High humidity bay installation
EQ-7086,C-1178,X-3000,SN-X3000-85712,04-11-2024,100,120V,04/11/2026,In Service,Rooftop solar coupler
EQ-7462,C-1260,X-5000,SN-X5000-52418,03-01-2023,250,240V,2025-02-28T00:00:00Z,In Service,Backup unit near loading dock
EQ-6873,C-1383,X-12000,SN-X12000-97273,2023/07/11,1500,600V,07-10-2025,Standby,Primary power grid node
EQ-5212,C-1226,X-7000,SN-X7000-64085,2023-03-05T00:00:00Z,500,480V,2024/03/04,Maintenance,Rooftop solar coupler
EQ-7475,C-1303,X-3000,SN-X3000-39218,2022/01/11,100,120V,01/10/2025,Standby,Primary power grid node
EQ-7203,C-1473,X-9000,SN-X9000-86390,10-24-2021,1000,480V,2022-10-24,In Service,Primary power grid node
EQ-5779,C-1467,X-9000,,05-08-2024,1000,480V,2026-05-08,Maintenance,
EQ-6421,C-1359,X-3000,SN-X3000-53311,07/24/2021,100,120V,2024/07/23,IN SERVICE,Substation B switchgear bay
EQ-7484,C-1354,X-5000,SN-X5000-40882,2022-05-30T00:00:00Z,250,240V,05-29-2025,Maintenance,High humidity bay installation
EQ-7454,C-1002,X-9000,SN-X9000-78627,06-26-2024,1000,480V,2026-06-26,In Service,Backup unit near loading dock
EQ-7072,C-1083,X-3000,SN-X3000-38255,2023-01-09,100,120V,01/08/2026,IN SERVICE,Primary power grid node
EQ-5591,C-1507,X-3000,SN-X3000-27393,09/01/2023,100,120V,2026-08-31T00:00:00Z,in service,Rooftop solar coupler
EQ-6925,C-1199,X-12000,SN-X12000-34863,07-01-2023,1500,600V,06-30-2026,In Service,   High humidity bay installation
EQ-6729,C-1419,X-7000,SN-X7000-11789,07-28-2022,500,480V,07/28/2023,Maintenance,Substation B switchgear bay
EQ-6836,C-1042,X-3000,SN-X3000-55268,2022-10-28T00:00:00Z,100,120V,10/27/2024,Decommissioned,Rooftop solar coupler
EQ-7389,C-1385,X-9000,SN-X9000-30754,2021/08/15,1000,480V,08/15/2022,Decommissioned,Backup unit near loading dock
EQ-6191,C-1216,X-5000,SN-X5000-19687,08-28-2022,250,240V,2025-08-27T00:00:00Z,In Service,Primary power grid node
EQ-5659,C-1509,X-3000,SN-X3000-20164,2021/09/09,100,120V,2024-09-08,in service,Underground vault 4
EQ-5308,C-1507,X-7000,SN-X7000-15299,2022-03-05T00:00:00Z,500,480V,2024-03-04,in service,Primary power grid node
EQ-5562,C-1116,X-12000,SN-X12000-79768,07/08/2021,1500,600V,07/08/2023,Decommissioned,High humidity bay installation
EQ-5091,C-1012,X-9000,SN-X9000-27616,04-02-2021,1000,480V,04/02/2023,Maintenance,Rooftop solar coupler
EQ-6713,C-1451,X-12000,SN-X12000-12401,2022/12/17,1500,600V,12-16-2024,Maintenance,Rooftop solar coupler
EQ-6243,C-1242,X-9000,SN-X9000-53948,2022-08-17,1000,480V,2023-08-17T00:00:00Z,IN SERVICE,Backup unit near loading dock
EQ-6700,C-1044,X-12000,SN-X12000-64466,2023/06/21,1500,600V,2024-06-20T00:00:00Z,In Service,Rooftop solar coupler
EQ-7450,C-1217,X-9000,SN-X9000-18871,2024-03-08,1000,480V,03-08-2025,IN SERVICE,Primary power grid node
EQ-5399,C-1163,X-9000,SN-X9000-70517,2024-01-21,1000,480V,2026-01-20,Decommissioned,Underground vault 4
EQ-5281,C-1442,X-9000,SN-X9000-31840,2024-03-02T00:00:00Z,1000,480V,03/02/2025,IN SERVICE,Primary power grid node
EQ-5967,C-1246,X-7000,SN-X7000-46829,2023-06-29,500,480V,2024/06/28,Standby,Underground vault 4
EQ-5433,C-1045,X-5000,SN-X5000-62600,11/09/2021,250,240V,11/09/2023,Decommissioned,NULL
EQ-5756,C-1044,X-12000,SN-X12000-21802,2023/11/21,1500,600V,2026-11-20T00:00:00Z,Maintenance,Backup unit near loading dock
EQ-5156,C-1255,X-3000,SN-X3000-67140,2023-04-30,100,120V,04/29/2025,Standby,Backup unit near loading dock
EQ-7320,C-1437,X-12000,SN-X12000-24907,05-04-2023,1500,600V,2024/05/03,in service,High humidity bay installation
EQ-7123,C-1247,X-3000,SN-X3000-54785,08/27/2022,100,120V,08/26/2024,Decommissioned,Underground vault 4
EQ-6398,C-1325,X-5000,SN-X5000-63974,08-17-2022,250,240V,2023-08-17,Standby,<html>Backup unit near loading dock</html>
EQ-7304,C-1259,X-5000,SN-X5000-99690,2021-04-10T00:00:00Z,250,240V,2024/04/09,Decommissioned,Underground vault 4
EQ-7201,C-1141,X-7000,SN-X7000-16397,2023-09-08T00:00:00Z,500,480V,09/07/2024,Maintenance,Substation B switchgear bay
EQ-6389,C-1241,X-9000,SN-X9000-99139,04/27/2024,1000,480V,04/27/2025,IN SERVICE,Rooftop solar coupler
EQ-5198,C-1209,X-5000,SN-X5000-74291,04-27-2021,250,240V,04/27/2023,Standby,Backup unit near loading dock
EQ-5461,C-1242,X-5000,SN-X5000-86280,07/28/2022,250,240V,2024/07/27,In Service,Primary power grid node
EQ-5137,C-1099,X-3000,SN-X3000-10226,2024-03-19,100,120V,2025-03-19T00:00:00Z,In Service,High humidity bay installation
EQ-6393,C-1518,X-5000,SN-X5000-89050,08/10/2022,250,240V,08/10/2023,Maintenance,Substation B switchgear bay
EQ-5104,C-1162,X-12000,SN-X12000-17762,07/20/2023,1500,600V,2024/07/19,IN SERVICE,Rooftop solar coupler
EQ-6158,C-1437,X-9000,SN-X9000-80105,2023-07-24,1000,480V,2024/07/23,Standby,
EQ-5888,C-1038,X-12000,SN-X12000-75594,01-25-2024,1500,600V,2025-01-24T00:00:00Z,Standby,Primary power grid node
EQ-5789,C-1053,X-3000,SN-X3000-88110,07/25/2021,100,120V,07/25/2022,Standby,Backup unit near loading dock
EQ-5066,C-1086,X-5000,SN-X5000-96776,2022/09/07,250,240V,09-06-2024,in service,Primary power grid node
EQ-6097,C-1418,X-3000,SN-X3000-19344,07/29/2023,100,120V,07/28/2025,in service,High humidity bay installation
EQ-5495,C-1297,X-9000,SN-X9000-71152,01/11/2022,1000,480V,2023-01-11,In Service,<div>Substation B switchgear bay</div>
EQ-5172,C-1471,X-5000,SN-X5000-37919,2022-12-21T00:00:00Z,250,240V,2023/12/21,in service,Substation B switchgear bay
EQ-7081,C-1226,X-7000,SN-X7000-64867,02/07/2023,500,480V,02/06/2025,In Service,Rooftop solar coupler
EQ-6351,C-1315,X-5000,SN-X5000-24620,2023-08-24,250,240V,08/23/2024,Standby,Substation B switchgear bay
EQ-5049,C-1124,X-12000,SN-X12000-72517,2022-03-15T00:00:00Z,1500,600V,03-14-2024,Standby,Backup unit near loading dock
EQ-7110,C-1016,X-12000,SN-X12000-43237,12/10/2023,1500,600V,2026/12/09,In Service,Primary power grid node
EQ-6326,C-1332,X-7000,SN-X7000-41501,2022-02-10T00:00:00Z,500,480V,2023/02/10,Standby,<html>Rooftop solar coupler</html>
EQ-5075,C-1381,X-12000,SN-X12000-79699,2022-02-19T00:00:00Z,1500,600V,02/18/2025,In Service,Substation B switchgear bay
EQ-7135,C-1272,X-12000,SN-X12000-77304,2024-03-02T00:00:00Z,1500,600V,2026-03-02,Maintenance,High humidity bay installation
EQ-5059,C-1410,X-7000,SN-X7000-79755,08-23-2022,500,480V,08/22/2024,in service,Underground vault 4
EQ-5034,C-1073,X-7000,SN-X7000-97062,2023/01/11,500,480V,2026/01/10,Decommissioned,Substation B switchgear bay
EQ-6023,C-1266,X-12000,SN-X12000-52126,2022-02-06T00:00:00Z,1500,600V,2025-02-05T00:00:00Z,Decommissioned,Rooftop solar coupler
EQ-6997,C-1154,X-9000,SN-X9000-96226,08-17-2023,1000,480V,08/16/2025,Decommissioned,Rooftop solar coupler
EQ-5451,C-1113,X-5000,SN-X5000-76296,2024-01-14T00:00:00Z,250,240V,01/13/2027,IN SERVICE,Backup unit near loading dock
EQ-7111,C-1098,X-5000,SN-X5000-58285,12/07/2021,250,240V,12/07/2023,IN SERVICE,Substation B switchgear bay
EQ-6646,C-1178,X-12000,SN-X12000-50595,2022-12-30,1500,600V,2024-12-29T00:00:00Z,In Service,Substation B switchgear bay
EQ-5557,C-1504,X-5000,SN-X5000-90382,08-16-2021,250,240V,08/16/2023,In Service,Primary power grid node
EQ-5490,C-1418,X-7000,SN-X7000-34203,2022-07-29,500,480V,07/28/2025,Decommissioned,<p>Rooftop solar coupler</p>
EQ-6238,C-1041,X-9000,SN-X9000-71010,2024/03/30,1000,480V,03/30/2025,in service,High humidity bay installation
EQ-6833,C-1394,X-9000,SN-X9000-55449,02/09/2022,1000,480V,2024-02-09,Standby,Underground vault 4
EQ-6009,C-1451,X-5000,SN-X5000-70100,04-16-2023,250,240V,2024-04-15T00:00:00Z,In Service,Backup unit near loading dock
EQ-7216,C-1373,X-9000,SN-X9000-89680,08-05-2023,1000,480V,2026-08-04,Decommissioned,<strong>Backup unit near loading dock</strong>
EQ-5179,C-1490,X-7000,SN-X7000-66747,02/21/2023,500,480V,2024/02/21,in service,Underground vault 4
EQ-6117,C-1475,X-7000,SN-X7000-36545,2024-03-10,500,480V,2025/03/10,Decommissioned,Substation B switchgear bay
EQ-5297,C-1459,X-5000,SN-X5000-15768,12/12/2022,250,240V,2023/12/12,IN SERVICE,Backup unit near loading dock
EQ-6814,C-1298,X-7000,SN-X7000-95005,08/05/2022,500,480V,08/04/2025,Standby,<b>Rooftop solar coupler</b>
EQ-7368,C-1218,X-5000,SN-X5000-88508,2022/10/12,250,240V,10/11/2024,in service,Underground vault 4
EQ-5443,C-1254,X-5000,SN-X5000-52977,02-21-2022,250,240V,2023-02-21,Maintenance,Underground vault 4
EQ-7163,C-1442,X-9000,SN-X9000-27657,2024-02-25T00:00:00Z,1000,480V,2026/02/24,Maintenance,Primary power grid node
EQ-6105,C-1442,X-7000,SN-X7000-28396,09-03-2023,500,480V,09/02/2024,IN SERVICE,Underground vault 4
EQ-5440,C-1343,X-9000,SN-X9000-80694,08-11-2022,1000,480V,2023/08/11,Decommissioned,<strong>Backup unit near loading dock</strong>
EQ-7493,C-1457,X-12000,SN-X12000-55422,2022-09-27,1500,600V,09/26/2025,in service,Primary power grid node
EQ-5389,C-1421,X-5000,SN-X5000-63430,12/01/2022,250,240V,12/01/2023,In Service,Backup unit near loading dock
EQ-7090,C-1362,X-5000,SN-X5000-19068,2021-07-27T00:00:00Z,250,240V,2024-07-26,in service,Underground vault 4
EQ-5161,C-1079,X-3000,SN-X3000-10448,05/27/2024,100,120V,05/27/2025,Maintenance,   
EQ-6842,C-1377,X-12000,SN-X12000-13136,06/14/2022,1500,600V,2024/06/13,Decommissioned,Backup unit near loading dock
EQ-6072,C-1499,X-5000,SN-X5000-39338,03/31/2024,250,240V,03/31/2026,Standby,Backup unit near loading dock
EQ-5523,C-1083,X-12000,SN-X12000-86397,2024-06-08,1500,600V,06/08/2025,Decommissioned,Rooftop solar coupler
EQ-5579,C-1049,X-3000,SN-X3000-40149,2022/03/26,100,120V,2023/03/26,In Service,Primary power grid node
EQ-5620,C-1247,X-3000,SN-X3000-97349,08/13/2021,100,120V,2022-08-13T00:00:00Z,In Service,Rooftop solar coupler
EQ-6017,C-1059,X-12000,SN-X12000-33189,2022-04-23T00:00:00Z,1500,600V,04/22/2024,Maintenance,Substation B switchgear bay
EQ-6374,C-1332,X-9000,SN-X9000-59428,2024/04/08,1000,480V,2027-04-08,Maintenance,Substation B switchgear bay
EQ-6768,C-1201,X-7000,SN-X7000-34596,2022/08/02,500,480V,2024/08/01,Decommissioned,Backup unit near loading dock
EQ-5610,C-1384,X-7000,SN-X7000-81033,01-26-2024,500,480V,01/25/2025,Decommissioned,High humidity bay installation
EQ-6311,C-1386,X-12000,SN-X12000-70791,2022-11-18T00:00:00Z,1500,600V,2025-11-17T00:00:00Z,Decommissioned,<p>Backup unit near loading dock</p>
EQ-5316,C-1262,X-9000,SN-X9000-52412,2023/10/08,1000,480V,10/07/2024,in service,Underground vault 4
EQ-6543,C-1356,X-7000,SN-X7000-72916,12/29/2022,500,480V,12/28/2024,in service,NULL
EQ-6136,C-1183,X-12000,SN-X12000-96755,12-15-2022,1500,600V,2025-12-14,IN SERVICE,Backup unit near loading dock
EQ-6625,C-1143,X-9000,SN-X9000-49802,08/23/2022,1000,480V,2023/08/23,Decommissioned,Primary power grid node
EQ-5366,C-1319,X-7000,SN-X7000-82913,2022-03-03T00:00:00Z,500,480V,2023-03-03,Standby,Primary power grid node
EQ-6708,C-1199,X-3000,SN-X3000-53202,02/20/2022,100,120V,2024/02/20,in service,Substation B switchgear bay
EQ-6102,C-1074,X-3000,SN-X3000-88168,12-19-2023,100,120V,12/18/2026,Maintenance,Backup unit near loading dock
EQ-5809,C-1282,X-3000,SN-X3000-33884,06-20-2022,100,120V,2025/06/19,In Service,Backup unit near loading dock
EQ-5459,C-1140,X-9000,SN-X9000-60630,2024/05/19,1000,480V,05/19/2026,In Service,Substation B switchgear bay
EQ-5654,C-1435,X-9000,SN-X9000-26970,2022-03-12,1000,480V,2024-03-11,IN SERVICE,Rooftop solar coupler
EQ-6734,C-1003,X-7000,SN-X7000-83872,2022-10-14,500,480V,2024-10-13T00:00:00Z,Maintenance,Primary power grid node
EQ-7018,C-1357,X-9000,SN-X9000-42094,2023/06/08,1000,480V,2025/06/07,IN SERVICE,Underground vault 4
EQ-5271,C-1470,X-9000,SN-X9000-81003,05-06-2021,1000,480V,2022/05/06,In Service,Substation B switchgear bay
EQ-5082,C-1196,X-9000,SN-X9000-36952,2023-05-20T00:00:00Z,1000,480V,2026-05-19T00:00:00Z,In Service,Primary power grid node
EQ-7171,C-1357,X-7000,SN-X7000-72462,07-05-2022,500,480V,07-05-2023,In Service,High humidity bay installation
EQ-6370,C-1353,X-12000,SN-X12000-47551,07/05/2021,1500,600V,07/05/2022,Standby,Backup unit near loading dock
EQ-6029,C-1118,X-7000,SN-X7000-19508,2022/05/03,500,480V,2024-05-02,Standby,<div>Substation B switchgear bay</div>
EQ-6095,C-1203,X-12000,SN-X12000-52267,02/01/2023,1500,600V,01-31-2025,Maintenance,High humidity bay installation
EQ-5811,C-1053,X-12000,SN-X12000-23810,09/29/2023,1500,600V,2025-09-28T00:00:00Z,Decommissioned,Primary power grid node
EQ-6861,C-1365,X-7000,SN-X7000-40701,2023-01-02T00:00:00Z,500,480V,01/01/2026,In Service,Rooftop solar coupler
EQ-5708,C-1485,X-7000,SN-X7000-50290,2022-09-10T00:00:00Z,500,480V,2023-09-10T00:00:00Z,in service,Substation B switchgear bay
EQ-7439,C-1386,X-5000,SN-X5000-97679,2022-01-12T00:00:00Z,250,240V,2023-01-12T00:00:00Z,IN SERVICE,<b>Underground vault 4</b>
EQ-5893,C-1063,X-3000,SN-X3000-46178,2021/06/06,100,120V,2022-06-06,IN SERVICE,High humidity bay installation
EQ-6371,C-1476,X-9000,SN-X9000-49574,11/30/2022,1000,480V,11/29/2024,Maintenance,Backup unit near loading dock
EQ-6026,C-1128,X-12000,SN-X12000-26397,06-08-2024,1500,600V,2027/06/08,In Service,Underground vault 4
EQ-7134,C-1395,X-3000,SN-X3000-69011,2022-12-10T00:00:00Z,100,120V,12/10/2023,IN SERVICE,Primary power grid node
EQ-6945,C-1203,X-12000,SN-X12000-67066,04-17-2021,1500,600V,2022/04/17,in service,Substation B switchgear bay
EQ-5823,C-1292,X-9000,SN-X9000-14582,11-01-2021,1000,480V,10/31/2024,Standby,Rooftop solar coupler
EQ-5310,C-1227,X-3000,SN-X3000-89451,2022/09/15,100,120V,2023-09-15T00:00:00Z,Standby,Underground vault 4
EQ-6488,C-1216,X-5000,SN-X5000-21254,01/31/2023,250,240V,01-30-2026,Maintenance,Underground vault 4
EQ-6830,C-1290,X-3000,SN-X3000-95877,2022-06-20,100,120V,2025-06-19T00:00:00Z,Decommissioned,Substation B switchgear bay
EQ-7351,C-1519,X-5000,SN-X5000-70210,06/05/2021,250,240V,2023-06-05,in service,High humidity bay installation
EQ-5358,C-1379,X-7000,SN-X7000-73048,2022/05/02,500,480V,05-02-2023,In Service,Underground vault 4
EQ-6500,C-1320,X-5000,SN-X5000-66288,10/17/2022,250,240V,10/16/2025,Decommissioned,Backup unit near loading dock
EQ-5258,C-1362,X-9000,SN-X9000-64698,08/14/2021,1000,480V,08/13/2024,In Service,<p>Underground vault 4</p>
EQ-6417,C-1089,X-3000,SN-X3000-20036,04/16/2024,100,120V,2027-04-16,Decommissioned,Rooftop solar coupler
EQ-7399,C-1101,X-3000,SN-X3000-59052,2024-04-23T00:00:00Z,100,120V,2025-04-23T00:00:00Z,decommissioned,High humidity bay installation
EQ-5767,C-1355,X-5000,SN-X5000-91417,2021-12-17,250,240V,2023/12/17,Decommissioned,Rooftop solar coupler
EQ-6569,C-1310,X-9000,SN-X9000-22193,2023-01-28T00:00:00Z,1000,480V,2026-01-27T00:00:00Z,Maintenance,Rooftop solar coupler
EQ-5144,C-1005,X-7000,SN-X7000-27757,2023/10/05,500,480V,2024/10/04,in service,<b>Underground vault 4</b>
EQ-5103,C-1074,X-9000,,01/20/2023,1000,480V,2024-01-20T00:00:00Z,Standby,High humidity bay installation
EQ-6765,C-1505,X-9000,SN-X9000-94989,10-31-2023,1000,480V,10/30/2026,Standby,Underground vault 4
EQ-6285,C-1392,X-9000,SN-X9000-62266,2023-07-04T00:00:00Z,1000,480V,07/03/2025,Maintenance,High humidity bay installation
EQ-7362,C-1116,X-3000,SN-X3000-54324,04-19-2021,100,120V,2023-04-19T00:00:00Z,In Service,<b>High humidity bay installation</b>
EQ-6635,C-1423,X-5000,SN-X5000-47613,2021-06-19,250,240V,06/19/2023,Maintenance,Underground vault 4
EQ-5617,C-1185,X-7000,SN-X7000-11386,2022-02-18,500,480V,02-18-2024,Standby,Primary power grid node
EQ-6627,C-1255,X-9000,SN-X9000-12415,2022/05/15,1000,480V,2023-05-15,Maintenance,Rooftop solar coupler
EQ-6303,C-1159,X-5000,SN-X5000-78146,08/15/2021,250,240V,08-15-2023,Decommissioned,High humidity bay installation
EQ-5710,C-1311,X-12000,SN-X12000-29150,07/04/2022,1500,600V,2023-07-04T00:00:00Z,Decommissioned,High humidity bay installation
EQ-6778,C-1230,X-3000,SN-X3000-18419,2022-10-30T00:00:00Z,100,120V,10-29-2024,Standby,High humidity bay installation
EQ-7238,C-1034,X-9000,SN-X9000-61630,07/01/2024,1000,480V,2025-07-01,Maintenance,Underground vault 4
EQ-6408,C-1126,X-12000,SN-X12000-41212,09/10/2022,1500,600V,2023-09-10T00:00:00Z,Maintenance,High humidity bay installation
EQ-5783,C-1119,X-7000,SN-X7000-16239,07-17-2022,500,480V,07/16/2024,in service,High humidity bay installation
EQ-5519,C-1484,X-7000,SN-X7000-97518,2021-08-13T00:00:00Z,500,480V,2023-08-13T00:00:00Z,IN SERVICE,<html>Primary power grid node</html>
EQ-5380,C-1417,X-9000,SN-X9000-76062,11/15/2022,1000,480V,2024-11-14T00:00:00Z,in service,Backup unit near loading dock
EQ-6185,C-1347,X-5000,SN-X5000-85059,2022-09-20,250,240V,09/19/2025,Standby,Primary power grid node
EQ-6094,C-1277,X-3000,SN-X3000-52290,2023/03/31,100,120V,03-30-2025,Standby,Rooftop solar coupler
EQ-7019,C-1017,X-12000,SN-X12000-44993,2022-09-17T00:00:00Z,1500,600V,09-16-2024,In Service,Substation B switchgear bay
EQ-7178,C-1106,X-3000,SN-X3000-77652,2023-07-26T00:00:00Z,100,120V,2025-07-25T00:00:00Z,Maintenance,Underground vault 4
EQ-6633,C-1475,X-9000,SN-X9000-45582,07/26/2023,1000,480V,07/25/2025,IN SERVICE,Substation B switchgear bay
EQ-5148,C-1161,X-5000,SN-X5000-19563,2022-05-22,250,240V,2024-05-21,IN SERVICE,Substation B switchgear bay
EQ-6530,C-1301,X-9000,NULL,05-23-2023,1000,480V,05/22/2026,IN SERVICE,Backup unit near loading dock
EQ-5641,C-1414,X-9000,SN-X9000-10159,2021-07-20T00:00:00Z,1000,480V,07/20/2022,Decommissioned,Backup unit near loading dock
EQ-6492,C-1209,X-7000,SN-X7000-12067,2023-03-08,500,480V,2024-03-07T00:00:00Z,Decommissioned,Backup unit near loading dock
EQ-5035,C-1165,X-9000,SN-X9000-33281,2023/06/29,1000,480V,06/28/2025,In Service,Substation B switchgear bay
EQ-7039,C-1271,X-5000,SN-X5000-57712,2022/06/27,250,240V,2024/06/26,In Service,Backup unit near loading dock
EQ-6497,C-1225,X-12000,SN-X12000-62122,2023/12/05,1500,600V,2026-12-04,Decommissioned,High humidity bay installation
EQ-7364,C-1009,X-12000,SN-X12000-77035,2022-07-09,1500,600V,2025-07-08T00:00:00Z,IN SERVICE,   
EQ-5046,C-1018,X-5000,SN-X5000-78390,11/12/2022,250,240V,11-12-2023,IN SERVICE,High humidity bay installation
EQ-6805,C-1246,X-7000,SN-X7000-94531,10-30-2023,500,480V,2024/10/29,Decommissioned,Rooftop solar coupler
EQ-5124,C-1482,X-5000,NULL,2023-09-19,250,240V,2026-09-18T00:00:00Z,IN SERVICE,Backup unit near loading dock
EQ-5489,C-1341,X-12000,SN-X12000-89505,2023/11/10,1500,600V,11-09-2026,Decommissioned,Substation B switchgear bay
EQ-6292,C-1177,X-3000,SN-X3000-24129,11-02-2022,100,120V,2025/11/01,Maintenance,Rooftop solar coupler
EQ-5452,C-1240,X-12000,SN-X12000-99333,03/09/2024,1500,600V,03/09/2025,Maintenance,Underground vault 4
EQ-6675,C-1066,X-9000,SN-X9000-92330,2023-07-25T00:00:00Z,1000,480V,07/24/2025,in service,   
EQ-5547,C-1314,X-7000,SN-X7000-24502,12/11/2021,500,480V,2024-12-10,IN SERVICE,Underground vault 4
EQ-6525,C-1243,X-7000,SN-X7000-59494,2021-09-17T00:00:00Z,500,480V,2022-09-17T00:00:00Z,Decommissioned,Rooftop solar coupler
EQ-6361,C-1264,X-12000,SN-X12000-93515,2023-07-21T00:00:00Z,1500,600V,07/20/2024,Maintenance,Primary power grid node
EQ-6462,C-1463,X-3000,SN-X3000-80195,2022-01-15,100,120V,01/15/2024,Decommissioned,Backup unit near loading dock
EQ-6215,C-1038,X-3000,SN-X3000-53178,08/10/2022,100,120V,2024-08-09T00:00:00Z,In Service,Substation B switchgear bay
EQ-6577,C-1454,X-12000,SN-X12000-36432,04/28/2021,1500,600V,04/27/2024,in service,Substation B switchgear bay
EQ-6817,C-1049,X-3000,SN-X3000-22128,12-05-2022,100,120V,12/04/2024,Maintenance,   
EQ-6549,C-1146,X-3000,SN-X3000-60826,10/26/2022,100,120V,10/26/2023,in service,High humidity bay installation
EQ-5916,C-1168,X-5000,NULL,2023/01/12,250,240V,01-11-2025,IN SERVICE,Substation B switchgear bay
EQ-5475,C-1350,X-5000,SN-X5000-89505,2022-01-19,250,240V,2025-01-18,In Service,NULL
EQ-5766,C-1171,X-3000,SN-X3000-65376,2023-04-29T00:00:00Z,100,120V,2026-04-28T00:00:00Z,IN SERVICE,<html><body>Primary power grid node</body></html>
EQ-5919,C-1169,X-3000,SN-X3000-95551,2023-05-13,100,120V,05/12/2026,IN SERVICE,Backup unit near loading dock
EQ-6856,C-1197,X-3000,SN-X3000-19126,2022-04-23,100,120V,04/22/2024,Standby,High humidity bay installation
EQ-6364,C-1197,X-9000,SN-X9000-66846,2022-08-08,1000,480V,08/07/2024,Decommissioned,High humidity bay installation
EQ-5124,C-1482,X-5000,NULL,2023-09-19,250,240V,2026-09-18T00:00:00Z,Maintenance,Backup   unit   near   loading   dock
EQ-7128,C-1113,X-7000,SN-X7000-43173,09/23/2021,500,480V,09/22/2024,Standby,High humidity bay installation
EQ-5983,C-1319,X-5000,SN-X5000-72308,03-08-2022,250,240V,03-07-2025,In Service,<div>Primary power grid node</div>
EQ-5278,C-1305,X-9000,SN-X9000-21725,09-13-2023,1000,480V,2025/09/12,in service,Backup unit near loading dock
EQ-7270,C-1292,X-9000,SN-X9000-89523,07/29/2021,1000,480V,07/28/2024,Decommissioned,High humidity bay installation
EQ-6498,C-1437,X-3000,SN-X3000-55009,2021-09-16,100,120V,2024-09-15T00:00:00Z,Decommissioned,Underground vault 4
EQ-5050,C-1213,X-9000,NULL,12-14-2023,1000,480V,12/13/2024,Maintenance,Rooftop solar coupler
EQ-7254,C-1415,X-3000,SN-X3000-99865,12/27/2022,100,120V,2024/12/26,Maintenance,Underground vault 4
EQ-6911,C-1087,X-7000,SN-X7000-37971,07/23/2022,500,480V,07/22/2025,Maintenance,Substation B switchgear bay
EQ-5301,C-1482,X-12000,SN-X12000-39648,2021-05-16T00:00:00Z,1500,600V,05-16-2023,Maintenance,High humidity bay installation
EQ-6780,C-1301,X-5000,SN-X5000-44373,2023-08-29T00:00:00Z,250,240V,2024-08-28,Maintenance,Backup unit near loading dock
EQ-7051,C-1231,X-9000,SN-X9000-64029,10-15-2023,1000,480V,10/14/2025,Maintenance,Backup unit near loading dock
EQ-5683,C-1120,X-7000,SN-X7000-62761,12/06/2023,500,480V,12/05/2024,in service,Rooftop solar coupler
EQ-5917,C-1078,X-12000,SN-X12000-70164,04-06-2022,1500,600V,04-05-2024,In Service,Backup unit near loading dock
EQ-7327,C-1428,X-12000,SN-X12000-33529,01-16-2023,1500,600V,01/16/2024,Maintenance,Backup unit near loading dock
EQ-5907,C-1173,X-7000,SN-X7000-75980,2021-08-14,500,480V,08/14/2022,In Service,Primary power grid node
EQ-6137,C-1476,X-7000,SN-X7000-82088,2023-03-12T00:00:00Z,500,480V,2026/03/11,Standby,
EQ-6688,C-1489,X-12000,SN-X12000-43404,2023/10/12,1500,600V,10/11/2025,Standby,Primary power grid node
EQ-5467,C-1280,X-9000,SN-X9000-46639,2022-12-03T00:00:00Z,1000,480V,12-03-2023,IN SERVICE,Rooftop solar coupler
EQ-5643,C-1506,X-12000,SN-X12000-18655,08/12/2023,1500,600V,2025-08-11,Decommissioned,Substation B switchgear bay
EQ-6138,C-1375,X-5000,SN-X5000-48225,05/28/2023,250,240V,2025-05-27,Standby,High humidity bay installation
EQ-5733,C-1268,X-7000,SN-X7000-61668,03/29/2024,500,480V,03/29/2026,Standby,High humidity bay installation
EQ-5960,C-1080,X-12000,SN-X12000-32121,2024-05-12,1500,600V,2025-05-12,IN SERVICE,Backup unit near loading dock
EQ-6329,C-1303,X-12000,SN-X12000-79731,2022-10-04,1500,600V,2024-10-03,Maintenance,Backup unit near loading dock
EQ-5018,C-1052,X-12000,SN-X12000-67001,2021/07/09,1500,600V,2023/07/09,in service,Primary power grid node
EQ-6174,C-1499,X-7000,SN-X7000-47819,09/22/2023,500,480V,09/21/2025,Maintenance,Rooftop solar coupler
EQ-6323,C-1456,X-5000,SN-X5000-94664,12/14/2022,250,240V,2024-12-13,in service,Backup unit near loading dock
EQ-6663,C-1125,X-5000,SN-X5000-76396,01/10/2024,250,240V,01/09/2027,Standby,Backup unit near loading dock
EQ-6784,C-1515,X-9000,SN-X9000-69464,02-11-2023,1000,480V,2026/02/10,In Service,Underground vault 4
EQ-7390,C-1295,X-9000,SN-X9000-70788,2023/10/19,1000,480V,2024/10/18,Maintenance,High humidity bay installation
EQ-7345,C-1431,X-9000,SN-X9000-31418,2022/09/05,1000,480V,09/05/2023,Decommissioned,Backup unit near loading dock
EQ-6770,C-1295,X-3000,SN-X3000-49476,2021/07/05,100,120V,2023-07-05T00:00:00Z,Decommissioned,High humidity bay installation
EQ-5228,C-1293,X-7000,SN-X7000-72805,05/21/2022,500,480V,05/20/2024,In Service,Underground vault 4
EQ-5634,C-1273,X-7000,SN-X7000-78244,2022-04-18,500,480V,04/18/2023,in service,
EQ-5554,C-1223,X-3000,SN-X3000-27151,08/10/2022,100,120V,08/09/2024,in service,Rooftop solar coupler
EQ-5384,C-1424,X-7000,SN-X7000-96681,2021/07/10,500,480V,07/10/2023,in service,
EQ-5928,C-1258,X-3000,SN-X3000-45154,05-06-2024,100,120V,05/06/2026,Decommissioned,Substation B switchgear bay
EQ-6931,C-1141,X-5000,SN-X5000-27210,2021-06-07T00:00:00Z,250,240V,06-06-2024,IN SERVICE,Primary power grid node
EQ-5121,C-1251,X-9000,SN-X9000-36033,10/09/2021,1000,480V,2022/10/09,Standby,Substation B switchgear bay
EQ-6055,C-1276,X-7000,SN-X7000-88309,04/21/2023,500,480V,2024/04/20,In Service,<html>Substation B switchgear bay</html>
EQ-5974,C-1100,X-7000,SN-X7000-15397,03-12-2022,500,480V,03-11-2024,Decommissioned,<div>Backup unit near loading dock</div>
EQ-5265,C-1461,X-9000,SN-X9000-29181,2022/09/04,1000,480V,2025-09-03T00:00:00Z,In Service,NULL
EQ-6610,C-1329,X-7000,SN-X7000-18962,11-20-2023,500,480V,11-19-2024,in service,Underground vault 4
EQ-5757,C-1189,X-7000,SN-X7000-95418,2022-02-24T00:00:00Z,500,480V,2025-02-23,Standby,<div>Backup unit near loading dock</div>
EQ-5135,C-1100,X-7000,SN-X7000-22564,12-29-2022,500,480V,2024/12/28,IN SERVICE,<p>Underground vault 4</p>
EQ-6438,C-1155,X-7000,SN-X7000-20196,2021-09-09T00:00:00Z,500,480V,09/08/2024,Standby,Substation B switchgear bay
EQ-5843,C-1494,X-12000,SN-X12000-13407,2023-11-01,1500,600V,10/31/2024,In Service,Rooftop solar coupler
EQ-5441,C-1372,X-9000,SN-X9000-74595,2024-04-20,1000,480V,2027/04/20,Standby,
EQ-6601,C-1307,X-9000,SN-X9000-45080,06/13/2024,1000,480V,06/13/2025,Decommissioned,Backup unit near loading dock
EQ-5088,C-1182,X-5000,SN-X5000-57850,2021/11/11,250,240V,11/11/2022,In Service,Rooftop solar coupler
EQ-6786,C-1336,X-9000,SN-X9000-19162,04/08/2023,1000,480V,04/07/2025,Decommissioned,Rooftop solar coupler
EQ-5837,C-1126,X-5000,SN-X5000-46313,2024-04-19T00:00:00Z,250,240V,2026/04/19,In Service,Substation B switchgear bay
EQ-5184,C-1081,X-7000,SN-X7000-30479,2023-10-31,500,480V,2026-10-30,in service,Underground vault 4
EQ-5646,C-1071,X-9000,SN-X9000-61887,2022-05-09T00:00:00Z,1000,480V,05/09/2023,Standby,Primary power grid node
EQ-7099,C-1275,X-3000,SN-X3000-83815,2023-02-17T00:00:00Z,100,120V,2025/02/16,Standby,
EQ-6915,C-1426,X-3000,SN-X3000-84796,06/08/2023,100,120V,06-07-2025,Maintenance,Substation B switchgear bay
EQ-6573,C-1174,X-3000,SN-X3000-12779,2022-01-27,100,120V,2025-01-26,IN SERVICE,Underground vault 4
EQ-6159,C-1442,X-3000,SN-X3000-90627,07/10/2023,100,120V,07-09-2026,Decommissioned,High humidity bay installation
EQ-5222,C-1295,X-7000,SN-X7000-61216,03/05/2022,500,480V,03/04/2024,Maintenance,<b>Substation B switchgear bay</b>
EQ-6715,C-1279,X-7000,SN-X7000-33794,2021-11-25T00:00:00Z,500,480V,2022/11/25,IN SERVICE,<html>Rooftop solar coupler</html>
EQ-6375,C-1343,X-5000,SN-X5000-13710,10/22/2022,250,240V,10/21/2025,IN SERVICE,Rooftop solar coupler
EQ-5517,C-1142,X-3000,SN-X3000-25267,2021-07-13,100,120V,07-13-2023,Decommissioned,<html><body>Rooftop solar coupler</body></html>
EQ-6977,C-1128,X-9000,SN-X9000-96524,06/23/2023,1000,480V,2024-06-22,in service,Substation B switchgear bay
EQ-6118,C-1379,X-3000,SN-X3000-86439,2021-08-11T00:00:00Z,100,120V,08-11-2023,Maintenance,Substation B switchgear bay
EQ-6725,C-1159,X-12000,SN-X12000-57693,02/01/2024,1500,600V,2026/01/31,Maintenance,Substation B switchgear bay
EQ-6266,C-1211,X-12000,SN-X12000-80895,07/09/2021,1500,600V,07/09/2022,Decommissioned,Underground vault 4
EQ-7091,C-1454,X-12000,SN-X12000-42420,2021/08/29,1500,600V,08-29-2023,Decommissioned,   
EQ-6305,C-1510,X-12000,SN-X12000-75168,05/21/2022,1500,600V,2025-05-20,Maintenance,Substation B switchgear bay
EQ-7290,C-1354,X-3000,SN-X3000-15714,06/28/2021,100,120V,06-28-2022,Maintenance,Rooftop solar coupler
EQ-7354,C-1260,X-7000,SN-X7000-41147,2024-01-31,500,480V,2025-01-30,in service,Primary power grid node
EQ-5951,C-1407,X-7000,SN-X7000-28013,2022-10-06,500,480V,10-06-2023,IN SERVICE,Backup unit near loading dock
EQ-6624,C-1164,X-7000,SN-X7000-23235,09-20-2021,500,480V,09/20/2023,in service,High humidity bay installation
EQ-5295,C-1179,X-12000,SN-X12000-67461,2023-12-25T00:00:00Z,1500,600V,12/24/2025,Decommissioned,Primary power grid node
EQ-6010,C-1484,X-3000,SN-X3000-89959,05-12-2023,100,120V,05/11/2026,Maintenance,Primary power grid node
EQ-6278,C-1248,X-9000,SN-X9000-72782,05/27/2023,1000,480V,05-26-2025,Decommissioned,Substation B switchgear bay
EQ-6030,C-1213,X-5000,SN-X5000-19604,2024-01-12T00:00:00Z,250,240V,01/11/2026,decommissioned,     
EQ-5590,C-1159,X-12000,SN-X12000-33672,2023/04/14,1500,600V,2025-04-13,In Service,Substation B switchgear bay
EQ-5142,C-1443,X-9000,SN-X9000-62990,06/25/2021,1000,480V,06/25/2023,In Service,Rooftop solar coupler
EQ-6796,C-1097,X-5000,SN-X5000-30885,05-05-2021,250,240V,05/05/2022,Maintenance,Rooftop solar coupler
EQ-5688,C-1298,X-3000,SN-X3000-29463,04/28/2021,100,120V,2024/04/27,In Service,Backup unit near loading dock
EQ-5555,C-1033,X-7000,SN-X7000-24208,06/22/2023,500,480V,2026-06-21,in service,<html><body>Substation B switchgear bay</body></html>
EQ-6629,C-1284,X-7000,SN-X7000-52106,2021-05-19,500,480V,2024-05-18T00:00:00Z,In Service,High humidity bay installation
EQ-6892,C-1421,X-7000,SN-X7000-49642,2022-01-21T00:00:00Z,500,480V,01/21/2023,in service,Rooftop solar coupler
EQ-6668,C-1328,X-12000,SN-X12000-12041,10-26-2021,1500,600V,2023/10/26,Standby,<strong>Underground vault 4</strong>
EQ-6996,C-1006,X-9000,SN-X9000-37857,2022-05-04,1000,480V,05/03/2024,in service,High humidity bay installation
EQ-5413,C-1434,X-12000,SN-X12000-76505,04-25-2023,1500,600V,04-24-2026,Decommissioned,Underground vault 4
EQ-7244,C-1292,X-7000,SN-X7000-67827,2021-05-27,500,480V,2024/05/26,Maintenance,Primary power grid node
EQ-7097,C-1114,X-5000,SN-X5000-63243,03/11/2022,250,240V,03/10/2025,In Service,High humidity bay installation
EQ-5863,C-1375,X-7000,SN-X7000-81214,2021/09/16,500,480V,09/15/2024,Maintenance,<b>Rooftop solar coupler</b>
EQ-6205,C-1086,X-9000,SN-X9000-57922,04/16/2023,1000,480V,2026/04/15,in service,Backup unit near loading dock
EQ-5097,C-1284,X-12000,SN-X12000-54204,2022/04/17,1500,600V,04/16/2024,in service,<p>Rooftop solar coupler</p>
EQ-7333,C-1356,X-3000,SN-X3000-75214,2022/03/01,100,120V,02/29/2024,IN SERVICE,Rooftop solar coupler
EQ-5645,C-1019,X-7000,SN-X7000-23531,08/13/2022,500,480V,2024-08-12T00:00:00Z,Standby,<p>Backup unit near loading dock</p>
EQ-6879,C-1347,X-7000,SN-X7000-51505,09/22/2023,500,480V,09-21-2024,Maintenance,<html>Rooftop solar coupler</html>
EQ-5731,C-1390,X-7000,SN-X7000-23876,2022-04-10T00:00:00Z,500,480V,04/09/2024,In Service,Rooftop solar coupler
EQ-6211,C-1188,X-5000,SN-X5000-56912,11/30/2022,250,240V,2023-11-30T00:00:00Z,In Service,High humidity bay installation
EQ-6682,C-1055,X-9000,SN-X9000-76492,11/18/2021,1000,480V,11/18/2022,In Service,   
EQ-5038,C-1426,X-9000,SN-X9000-35301,02/25/2022,1000,480V,2024/02/25,in service,Underground vault 4
EQ-6335,C-1133,X-12000,SN-X12000-46014,03-08-2022,1500,600V,03/07/2024,in service,Backup unit near loading dock
EQ-5873,C-1338,X-5000,SN-X5000-55344,2024/05/31,250,240V,2025-05-31,in service,   
EQ-7430,C-1271,X-9000,SN-X9000-29891,2022-11-03T00:00:00Z,1000,480V,11-02-2025,in service,Substation B switchgear bay
EQ-6799,C-1249,X-3000,SN-X3000-33854,04-04-2024,100,120V,04/04/2025,IN SERVICE,High humidity bay installation
EQ-5421,C-1048,X-3000,SN-X3000-84221,09/07/2023,100,120V,2025/09/06,In Service,Substation B switchgear bay
EQ-6920,C-1463,X-12000,SN-X12000-51026,03/21/2023,1500,600V,2026-03-20,Maintenance,Underground vault 4
EQ-7358,C-1385,X-5000,SN-X5000-54512,11/10/2023,250,240V,2026-11-09,IN SERVICE,<html>High humidity bay installation</html>
EQ-6835,C-1504,X-3000,SN-X3000-67605,06/03/2021,100,120V,2022-06-03,Decommissioned,Substation B switchgear bay
EQ-5638,C-1393,X-12000,SN-X12000-71662,2022-03-09T00:00:00Z,1500,600V,2025-03-08,Standby,Primary power grid node
EQ-7111,C-1098,X-5000,SN-X5000-58285,12/07/2021,250,240V,12/07/2023,Maintenance,Substation B switchgear bay
EQ-6794,C-1091,X-9000,SN-X9000-33016,04-04-2024,1000,480V,2027/04/04,IN SERVICE,Underground vault 4
EQ-5003,C-1177,X-3000,SN-X3000-56924,2022-12-19,100,120V,2023/12/19,Maintenance,Substation B switchgear bay
EQ-7452,C-1006,X-3000,SN-X3000-31764,2024/06/26,100,120V,2026-06-26T00:00:00Z,In Service,Backup unit near loading dock
EQ-5605,C-1041,X-5000,SN-X5000-64159,2024-05-12T00:00:00Z,250,240V,05-12-2027,IN SERVICE,Rooftop solar coupler
EQ-6443,C-1096,X-5000,SN-X5000-75061,2023/08/14,250,240V,08/13/2025,In Service,High humidity bay installation
EQ-6905,C-1096,X-5000,SN-X5000-32283,05/24/2022,250,240V,2024-05-23T00:00:00Z,Decommissioned,Rooftop solar coupler
EQ-7025,C-1321,X-3000,SN-X3000-77787,12/15/2021,100,120V,2022-12-15,in service,Substation B switchgear bay
EQ-6626,C-1064,X-3000,SN-X3000-27655,03/17/2023,100,120V,03/16/2026,in service,Rooftop solar coupler
EQ-6676,C-1478,X-12000,SN-X12000-28311,2021/05/13,1500,600V,05-13-2023,IN SERVICE,Primary power grid node
EQ-5408,C-1318,X-9000,SN-X9000-13574,06/01/2023,1000,480V,05/31/2024,Standby,<strong>Rooftop solar coupler</strong>
EQ-5824,C-1297,X-7000,SN-X7000-44812,2021-06-27T00:00:00Z,500,480V,2023-06-27T00:00:00Z,In Service,<div>Primary power grid node</div>
EQ-5496,C-1182,X-5000,SN-X5000-15485,12/04/2021,250,240V,12-03-2024,Standby,Primary power grid node
EQ-6203,C-1075,X-9000,SN-X9000-71150,2024-04-16T00:00:00Z,1000,480V,04-16-2027,Standby,Substation B switchgear bay
EQ-5192,C-1214,X-7000,SN-X7000-56938,12-10-2023,500,480V,2025-12-09T00:00:00Z,Maintenance,High humidity bay installation
EQ-5242,C-1482,X-3000,SN-X3000-92745,2021-10-10T00:00:00Z,100,120V,2023/10/10,Maintenance,<p>Underground vault 4</p>
EQ-6545,C-1070,X-12000,SN-X12000-84221,2024-06-28T00:00:00Z,1500,600V,2025/06/28,IN SERVICE,<div>High humidity bay installation</div>
EQ-6435,C-1357,X-7000,SN-X7000-29662,08/09/2022,500,480V,2025-08-08T00:00:00Z,in service,Underground vault 4
EQ-5647,C-1432,X-9000,SN-X9000-62151,2021-10-14,1000,480V,10/13/2024,Decommissioned,<strong>Backup unit near loading dock</strong>
EQ-5251,C-1034,X-12000,SN-X12000-83055,2022/09/21,1500,600V,2024-09-20,In Service,Underground vault 4
EQ-6054,C-1450,X-3000,SN-X3000-57819,01/03/2022,100,120V,01/03/2023,Decommissioned,High humidity bay installation
EQ-5083,C-1245,X-5000,SN-X5000-74108,2023-04-04,250,240V,2026-04-03T00:00:00Z,in service,Rooftop solar coupler
EQ-5920,C-1128,X-12000,SN-X12000-72375,08/04/2023,1500,600V,2026-08-03T00:00:00Z,IN SERVICE,High humidity bay installation
EQ-6186,C-1173,X-9000,SN-X9000-84338,10/30/2023,1000,480V,2024-10-29,Decommissioned,Rooftop solar coupler
EQ-6948,C-1072,X-5000,,03/01/2023,250,240V,2026-02-28T00:00:00Z,Maintenance,Primary power grid node
EQ-5438,C-1054,X-12000,SN-X12000-34464,2021/09/01,1500,600V,2022-09-01T00:00:00Z,IN SERVICE,Underground vault 4
EQ-5009,C-1477,X-9000,SN-X9000-37851,2023-11-24,1000,480V,2026/11/23,Maintenance,Rooftop solar coupler
EQ-6644,C-1083,X-5000,SN-X5000-18308,07/02/2021,250,240V,2022-07-02,in service,Primary power grid node
EQ-7451,C-1071,X-12000,SN-X12000-95818,2022-03-25T00:00:00Z,1500,600V,03/24/2024,Standby,<p>Primary power grid node</p>
EQ-6327,C-1483,X-7000,SN-X7000-30849,07/16/2023,500,480V,07-15-2026,Decommissioned,Backup unit near loading dock
EQ-7287,C-1236,X-9000,SN-X9000-48024,2022/08/28,1000,480V,2023-08-28T00:00:00Z,IN SERVICE,<strong>Underground vault 4</strong>
EQ-5494,C-1417,X-12000,SN-X12000-29029,2023-06-24,1500,600V,06/23/2024,Standby,Backup unit near loading dock
EQ-6883,C-1120,X-9000,SN-X9000-15140,05-21-2023,1000,480V,05/20/2024,in service,Primary power grid node
EQ-7030,C-1250,X-12000,SN-X12000-54111,2023-02-23T00:00:00Z,1500,600V,2026-02-22,In Service,Backup unit near loading dock
EQ-6762,C-1278,X-9000,SN-X9000-97777,2021-07-19T00:00:00Z,1000,480V,2023-07-19,In Service,NULL
EQ-5226,C-1125,X-12000,SN-X12000-45398,05/17/2021,1500,600V,05/16/2024,Decommissioned,Rooftop solar coupler
EQ-7418,C-1387,X-5000,SN-X5000-99413,2021/05/05,250,240V,2024-05-04,in service,Underground vault 4
EQ-6453,C-1239,X-3000,SN-X3000-79844,08/12/2021,100,120V,2023-08-12T00:00:00Z,Maintenance,Backup unit near loading dock
EQ-5586,C-1293,X-5000,SN-X5000-10207,2023-10-03T00:00:00Z,250,240V,10-02-2026,in service,Primary power grid node
EQ-7405,C-1253,X-3000,SN-X3000-50578,09/05/2021,100,120V,2023/09/05,Maintenance,Underground vault 4
EQ-5769,C-1471,X-3000,SN-X3000-61221,05/12/2023,100,120V,2025-05-11T00:00:00Z,Standby,Rooftop solar coupler
EQ-6322,C-1340,X-7000,SN-X7000-96945,04/23/2023,500,480V,2025/04/22,Standby,Rooftop solar coupler
EQ-5246,C-1196,X-3000,SN-X3000-73195,12/22/2023,100,120V,12/21/2024,In Service,NULL
EQ-5275,C-1455,X-12000,SN-X12000-67958,05/26/2022,1500,600V,05/25/2024,IN SERVICE,Underground vault 4
EQ-6984,C-1223,X-12000,SN-X12000-19424,2022-06-02T00:00:00Z,1500,600V,2024-06-01,In Service,Rooftop solar coupler
EQ-5997,C-1414,X-12000,SN-X12000-45593,07/20/2022,1500,600V,07/19/2025,Decommissioned,Underground vault 4
EQ-6932,C-1201,X-9000,SN-X9000-32022,11/12/2021,1000,480V,2022-11-12,Maintenance,Rooftop solar coupler
EQ-6891,C-1197,X-7000,SN-X7000-72589,08/11/2023,500,480V,08/10/2026,Standby,Rooftop solar coupler
EQ-7084,C-1064,X-12000,SN-X12000-51426,2021/10/19,1500,600V,10-19-2022,Decommissioned,Backup unit near loading dock
EQ-6501,C-1074,X-12000,SN-X12000-45666,09-19-2023,1500,600V,2025-09-18T00:00:00Z,Maintenance,High humidity bay installation
EQ-6825,C-1471,X-3000,SN-X3000-13397,2022-03-05T00:00:00Z,100,120V,2025-03-04,In Service,
EQ-6130,C-1288,X-5000,SN-X5000-94957,2023/01/21,250,240V,2024-01-21,IN SERVICE,Rooftop solar coupler
EQ-6318,C-1511,X-9000,SN-X9000-74671,10/16/2022,1000,480V,2023-10-16T00:00:00Z,Decommissioned,Primary power grid node
EQ-6671,C-1348,X-3000,SN-X3000-97454,2021-07-23,100,120V,2022-07-23T00:00:00Z,in service,Rooftop solar coupler
EQ-7473,C-1043,X-5000,SN-X5000-13222,06-03-2022,250,240V,2025/06/02,Decommissioned,High humidity bay installation
EQ-5799,C-1383,X-7000,SN-X7000-52823,2022-06-10T00:00:00Z,500,480V,2024-06-09,Standby,<html>Backup unit near loading dock</html>
EQ-6968,C-1025,X-12000,SN-X12000-57749,04/16/2024,1500,600V,2027-04-16,in service,Substation B switchgear bay
EQ-7444,C-1266,X-12000,SN-X12000-41599,2021-07-12,1500,600V,2023-07-12,Decommissioned,Substation B switchgear bay
EQ-5471,C-1349,X-9000,SN-X9000-78391,05/23/2022,1000,480V,05/22/2025,Standby,<p>Rooftop solar coupler</p>
EQ-6536,C-1128,X-7000,SN-X7000-43646,2023-08-28,500,480V,2025/08/27,in service,<html><body>Primary power grid node</body></html>
EQ-5612,C-1092,X-9000,SN-X9000-56194,09/11/2021,1000,480V,09/11/2023,Maintenance,Backup unit near loading dock
EQ-7455,C-1456,X-9000,SN-X9000-79960,11/01/2023,1000,480V,2025-10-31,in service,Underground vault 4
EQ-7359,C-1463,X-7000,SN-X7000-49303,2022/08/02,500,480V,08/01/2025,Maintenance,Substation B switchgear bay
EQ-6989,C-1442,X-3000,SN-X3000-92423,06/12/2024,100,120V,2025-06-12,in service,Rooftop solar coupler
EQ-7412,C-1108,X-12000,SN-X12000-64437,2022-04-20,1500,600V,2023-04-20T00:00:00Z,IN SERVICE,High humidity bay installation
EQ-6060,C-1407,X-3000,SN-X3000-63398,2023/05/19,100,120V,05/18/2024,IN SERVICE,Rooftop solar coupler
EQ-6096,C-1518,X-3000,SN-X3000-60648,2024/03/08,100,120V,2026-03-08T00:00:00Z,in service,Substation B switchgear bay
EQ-5845,C-1514,X-3000,SN-X3000-43277,2023-01-08,100,120V,2026/01/07,in service,<strong>Underground vault 4</strong>
EQ-6858,C-1092,X-12000,SN-X12000-26267,2022-12-16T00:00:00Z,1500,600V,12/16/2023,Decommissioned,High humidity bay installation
EQ-5631,C-1321,X-3000,SN-X3000-61456,09-27-2023,100,120V,09/26/2024,IN SERVICE,Substation B switchgear bay
EQ-7494,C-1129,X-5000,,03/12/2022,250,240V,03/12/2023,Standby,<div>Underground vault 4</div>
EQ-6353,C-1149,X-9000,SN-X9000-24930,2021/05/26,1000,480V,2023/05/26,IN SERVICE,<html><body>Substation B switchgear bay</body></html>
EQ-7062,C-1106,X-7000,SN-X7000-96847,2023/06/27,500,480V,2026-06-26T00:00:00Z,Standby,High humidity bay installation
EQ-7302,C-1033,X-5000,SN-X5000-81535,11-15-2023,250,240V,2026/11/14,IN SERVICE,Underground vault 4
EQ-5723,C-1468,X-12000,SN-X12000-65328,06/10/2023,1500,600V,06/09/2025,IN SERVICE,Rooftop solar coupler
EQ-5661,C-1092,X-7000,SN-X7000-36131,04-09-2023,500,480V,2024/04/08,Maintenance,High humidity bay installation
EQ-7147,C-1401,X-5000,SN-X5000-81995,08/22/2023,250,240V,2026-08-21,In Service,Rooftop solar coupler
EQ-6684,C-1455,X-3000,SN-X3000-31875,12-13-2023,100,120V,2026-12-12T00:00:00Z,Maintenance,   
EQ-7394,C-1069,X-7000,SN-X7000-13734,2023/11/08,500,480V,11/07/2024,IN SERVICE,Rooftop solar coupler
EQ-5651,C-1181,X-9000,SN-X9000-70359,06/23/2021,1000,480V,2023-06-23,IN SERVICE,Underground vault 4
EQ-6992,C-1243,X-9000,SN-X9000-44990,04/14/2023,1000,480V,04-13-2026,Maintenance,Primary power grid node
EQ-7488,C-1360,X-9000,SN-X9000-31343,2024-06-21T00:00:00Z,1000,480V,06-21-2026,In Service,
EQ-5166,C-1307,X-9000,SN-X9000-54276,01/28/2023,1000,480V,01/27/2026,Maintenance,Backup unit near loading dock
EQ-6280,C-1428,X-5000,SN-X5000-80145,05/30/2024,250,240V,2026/05/30,IN SERVICE,Underground vault 4
EQ-6732,C-1370,X-9000,SN-X9000-19808,2022-11-20T00:00:00Z,1000,480V,11/19/2024,Decommissioned,High humidity bay installation
EQ-5209,C-1433,X-7000,SN-X7000-26241,07-17-2021,500,480V,07/17/2023,Decommissioned,
EQ-5504,C-1053,X-3000,SN-X3000-88520,2021/08/04,100,120V,2023/08/04,Standby,NULL
EQ-5977,C-1166,X-9000,SN-X9000-18286,04-25-2021,1000,480V,04/25/2022,Decommissioned,High humidity bay installation
EQ-5611,C-1124,X-7000,SN-X7000-28074,2024/04/11,500,480V,04-11-2025,in service,High humidity bay installation
EQ-5185,C-1096,X-3000,SN-X3000-22019,2021-10-05,100,120V,10/05/2022,Maintenance,<p>Underground vault 4</p>
EQ-5278,C-1305,X-9000,SN-X9000-21725,09-13-2023,1000,480V,2025/09/12,decommissioned,Backup unit near loading dock
EQ-6514,C-1270,X-7000,SN-X7000-62746,2021/06/15,500,480V,2022-06-15,Maintenance,<div>Primary power grid node</div>
EQ-6821,C-1331,X-12000,SN-X12000-57408,2022-03-04T00:00:00Z,1500,600V,2024-03-03,Maintenance,Substation B switchgear bay
EQ-5149,C-1098,X-3000,SN-X3000-10621,08/06/2022,100,120V,08-05-2025,in service,Backup unit near loading dock
EQ-6114,C-1037,X-5000,SN-X5000-70315,2022-01-21T00:00:00Z,250,240V,2023-01-21T00:00:00Z,Standby,NULL
EQ-5243,C-1373,X-9000,SN-X9000-90441,07/20/2023,1000,480V,2024-07-19,In Service,Underground vault 4
EQ-5020,C-1511,X-7000,SN-X7000-88089,2021/11/15,500,480V,11/15/2023,Standby,Primary power grid node
EQ-5010,C-1246,X-5000,SN-X5000-52875,2022-11-01T00:00:00Z,250,240V,2025-10-31,Standby,Rooftop solar coupler
EQ-6252,C-1038,X-12000,SN-X12000-58183,12-03-2021,1500,600V,2022-12-03,in service,Rooftop solar coupler
EQ-6110,C-1099,X-5000,SN-X5000-66277,2021/06/03,250,240V,06/02/2024,Standby,High humidity bay installation
EQ-5392,C-1006,X-5000,SN-X5000-35122,2021/05/18,250,240V,05-17-2024,In Service,Rooftop solar coupler
EQ-7243,C-1482,X-3000,SN-X3000-93476,2023-07-10T00:00:00Z,100,120V,07-09-2025,Standby,Backup unit near loading dock
EQ-6046,C-1434,X-12000,SN-X12000-54945,2022-02-28,1500,600V,2024-02-28T00:00:00Z,IN SERVICE,
EQ-6047,C-1156,X-5000,SN-X5000-12371,2023/01/03,250,240V,2024/01/03,Decommissioned,Rooftop solar coupler
EQ-6783,C-1199,X-3000,SN-X3000-90003,2022/01/04,100,120V,2025-01-03,Decommissioned,Underground vault 4
EQ-5505,C-1300,X-5000,SN-X5000-46883,03/23/2024,250,240V,03/23/2027,In Service,   
EQ-7020,C-1350,X-3000,SN-X3000-34404,06/08/2021,100,120V,06-08-2023,Standby,High humidity bay installation
EQ-5090,C-1213,X-12000,SN-X12000-30731,2021-10-23,1500,600V,2022-10-23,in service,Backup unit near loading dock
EQ-7024,C-1201,X-5000,SN-X5000-83194,2023-01-29,250,240V,01/29/2024,In Service,High humidity bay installation
EQ-6653,C-1226,X-3000,SN-X3000-13507,2024/03/29,100,120V,2027-03-29,Maintenance,Underground vault 4
EQ-7317,C-1123,X-12000,SN-X12000-73426,2022-04-19T00:00:00Z,1500,600V,2023-04-19,In Service,Backup unit near loading dock
EQ-6510,C-1456,X-9000,SN-X9000-75743,2021-10-18T00:00:00Z,1000,480V,10-17-2024,Maintenance,Rooftop solar coupler
EQ-6315,C-1491,X-12000,SN-X12000-20522,11/20/2021,1500,600V,11-20-2023,Decommissioned,   
EQ-7170,C-1184,X-3000,SN-X3000-37929,2024/04/04,100,120V,04/04/2025,Decommissioned,Substation B switchgear bay
EQ-5508,C-1001,X-5000,SN-X5000-42935,2023-12-09,250,240V,2024-12-08,IN SERVICE,<b>High humidity bay installation</b>
EQ-5833,C-1188,X-7000,SN-X7000-77194,08/07/2023,500,480V,08-06-2024,IN SERVICE,Substation B switchgear bay
EQ-6706,C-1385,X-12000,SN-X12000-52516,01/26/2024,1500,600V,01-25-2027,IN SERVICE,Rooftop solar coupler
EQ-6867,C-1041,X-3000,SN-X3000-14917,2024-03-04,100,120V,2027/03/04,in service,Primary power grid node
EQ-5879,C-1164,X-7000,SN-X7000-29516,2022-09-14,500,480V,2023/09/14,in service,Substation B switchgear bay
EQ-6140,C-1042,X-7000,SN-X7000-31176,2022-03-06T00:00:00Z,500,480V,2023-03-06T00:00:00Z,Decommissioned,<p>Underground vault 4</p>
EQ-5253,C-1146,X-12000,SN-X12000-49759,01/06/2022,1500,600V,01/06/2024,IN SERVICE,Rooftop solar coupler
EQ-5930,C-1505,X-9000,NULL,2021/09/06,1000,480V,2022/09/06,Maintenance,Substation B switchgear bay
EQ-6906,C-1344,X-9000,SN-X9000-22587,2021-12-10T00:00:00Z,1000,480V,2022/12/10,Decommissioned,Primary power grid node
EQ-5792,C-1516,X-7000,SN-X7000-50976,10-25-2021,500,480V,2023-10-25T00:00:00Z,In Service,NULL
EQ-6507,C-1069,X-12000,SN-X12000-62597,09/04/2022,1500,600V,09/04/2023,IN SERVICE,High humidity bay installation
EQ-6372,C-1406,X-3000,SN-X3000-69910,08/01/2023,100,120V,2024-07-31,Standby,High humidity bay installation
EQ-7295,C-1383,X-7000,SN-X7000-52887,07/23/2023,500,480V,07/22/2024,In Service,Underground vault 4
EQ-6425,C-1183,X-12000,SN-X12000-29323,2023/12/29,1500,600V,2025-12-28,in service,Substation B switchgear bay
EQ-5410,C-1450,X-9000,SN-X9000-91419,2022-06-06,1000,480V,2025-06-05,in service,High humidity bay installation
EQ-6197,C-1028,X-3000,SN-X3000-78256,05/12/2024,100,120V,2027-05-12T00:00:00Z,In Service,High humidity bay installation
EQ-7171,C-1357,X-7000,SN-X7000-72462,07-05-2022,500,480V,07-05-2023,in service,High humidity bay installation
EQ-5106,C-1465,X-5000,NULL,2022-01-17T00:00:00Z,250,240V,01-16-2025,in service,High humidity bay installation
EQ-6657,C-1261,X-7000,SN-X7000-36475,2021-06-15,500,480V,2023/06/15,Decommissioned,<html><body>Primary power grid node</body></html>
EQ-5263,C-1456,X-5000,SN-X5000-81142,05/07/2024,250,240V,2026-05-07,IN SERVICE,Rooftop solar coupler
EQ-7386,C-1454,X-12000,SN-X12000-96377,06/22/2022,1500,600V,2025-06-21T00:00:00Z,Decommissioned,<b>Primary power grid node</b>
EQ-7366,C-1444,X-9000,SN-X9000-44244,2022-03-02,1000,480V,03-02-2023,In Service,Underground vault 4
EQ-6058,C-1431,X-12000,SN-X12000-92656,05-24-2024,1500,600V,05/24/2025,Standby,Substation B switchgear bay
EQ-5675,C-1179,X-5000,SN-X5000-38523,06/25/2023,250,240V,2026-06-24,Standby,Underground vault 4
EQ-6504,C-1033,X-12000,SN-X12000-73815,07-09-2023,1500,600V,07/08/2026,IN SERVICE,High humidity bay installation
EQ-7085,C-1058,X-9000,SN-X9000-41210,04/14/2021,1000,480V,04-14-2023,Maintenance,Underground vault 4
EQ-7188,C-1066,X-7000,SN-X7000-27812,08-20-2022,500,480V,2023-08-20,in service,High humidity bay installation
EQ-7303,C-1374,X-3000,SN-X3000-67449,2024/01/31,100,120V,2025/01/30,in service,High humidity bay installation
EQ-7010,C-1105,X-7000,,03/17/2024,500,480V,03/17/2027,IN SERVICE,High humidity bay installation
EQ-5681,C-1079,X-5000,SN-X5000-15056,2021-10-20,250,240V,10-20-2022,Maintenance,Primary power grid node
EQ-5482,C-1520,X-5000,SN-X5000-65980,01/30/2023,250,240V,2026-01-29T00:00:00Z,Decommissioned,Primary power grid node
EQ-7404,C-1171,X-9000,SN-X9000-90748,07-12-2022,1000,480V,2024-07-11,Maintenance,Backup unit near loading dock
EQ-5589,C-1336,X-12000,SN-X12000-71928,2024-03-19T00:00:00Z,1500,600V,2027-03-19,Standby,Underground vault 4
EQ-7267,C-1119,X-3000,SN-X3000-88643,2021/11/14,100,120V,2024-11-13T00:00:00Z,Maintenance,Backup unit near loading dock
EQ-5274,C-1221,X-12000,SN-X12000-13018,2024-04-13T00:00:00Z,1500,600V,04-13-2026,IN SERVICE,Underground vault 4
EQ-7250,C-1143,X-9000,SN-X9000-43847,06/15/2024,1000,480V,06/15/2025,In Service,Underground vault 4
EQ-5655,C-1496,X-5000,SN-X5000-97223,01-07-2022,250,240V,01-06-2025,in service,Underground vault 4
EQ-6955,C-1301,X-12000,SN-X12000-75830,2021-11-10T00:00:00Z,1500,600V,2024/11/09,In Service,Primary power grid node
EQ-6343,C-1241,X-3000,SN-X3000-91063,2023-02-18,100,120V,02-18-2024,Maintenance,Underground vault 4
EQ-6578,C-1289,X-12000,SN-X12000-65868,2021-07-10T00:00:00Z,1500,600V,07/10/2022,in service,High humidity bay installation
EQ-5596,C-1022,X-7000,SN-X7000-44917,12-27-2021,500,480V,2022/12/27,Decommissioned,
EQ-5453,C-1003,X-3000,SN-X3000-61138,2023-05-21T00:00:00Z,100,120V,2026-05-20,Decommissioned,<b>High humidity bay installation</b>
EQ-6841,C-1230,X-7000,SN-X7000-99901,05-06-2023,500,480V,2026-05-05,in service,Underground vault 4
EQ-6719,C-1379,X-12000,SN-X12000-29075,2024-02-16T00:00:00Z,1500,600V,2026-02-15T00:00:00Z,Standby,Underground vault 4
EQ-7278,C-1255,X-7000,SN-X7000-26936,2023/12/28,500,480V,12-27-2025,Standby,Underground vault 4
EQ-6801,C-1418,X-12000,SN-X12000-86547,11/19/2023,1500,600V,11/18/2024,In Service,Backup unit near loading dock
EQ-6360,C-1456,X-5000,SN-X5000-40939,03/22/2022,250,240V,2023-03-22,Decommissioned,Underground vault 4
EQ-7204,C-1273,X-7000,SN-X7000-35967,2023-09-09T00:00:00Z,500,480V,09/08/2024,In Service,Rooftop solar coupler
EQ-6081,C-1237,X-5000,SN-X5000-69433,2023/08/09,250,240V,08/08/2024,in service,<b>Substation B switchgear bay</b>
EQ-5132,C-1126,X-9000,SN-X9000-80728,01-05-2023,1000,480V,2024-01-05T00:00:00Z,Decommissioned,<b>Primary power grid node</b>
EQ-5487,C-1217,X-9000,SN-X9000-24747,2022-06-13T00:00:00Z,1000,480V,2024-06-12T00:00:00Z,Standby,High humidity bay installation
EQ-5288,C-1053,X-9000,SN-X9000-75949,01-19-2024,1000,480V,01-18-2025,In Service,<div>Backup unit near loading dock</div>
EQ-6263,C-1088,X-3000,SN-X3000-59963,04-18-2021,100,120V,2023/04/18,Standby,Underground vault 4
EQ-6013,C-1344,X-12000,SN-X12000-75327,2022/08/23,1500,600V,2025/08/22,in service,High humidity bay installation
EQ-6681,C-1332,X-5000,SN-X5000-34249,07-28-2023,250,240V,07/27/2025,in service,High humidity bay installation
EQ-5949,C-1184,X-9000,SN-X9000-65515,2022-10-14T00:00:00Z,1000,480V,10/13/2024,in service,Backup unit near loading dock
EQ-5742,C-1515,X-7000,SN-X7000-62069,2023-08-23T00:00:00Z,500,480V,08/22/2026,Standby,Backup unit near loading dock
EQ-6895,C-1216,X-12000,SN-X12000-38960,10/23/2023,1500,600V,10/22/2026,Decommissioned,Rooftop solar coupler
EQ-7074,C-1007,X-7000,SN-X7000-36367,10/29/2023,500,480V,2024-10-28,in service,Rooftop solar coupler
EQ-6312,C-1422,X-9000,SN-X9000-70929,2022/02/06,1000,480V,02-06-2024,in service,<strong>Substation B switchgear bay</strong>
EQ-6586,C-1047,X-12000,SN-X12000-68921,2022/07/27,1500,600V,07/26/2025,Maintenance,Underground vault 4
EQ-5414,C-1144,X-9000,SN-X9000-86401,03/06/2022,1000,480V,2024/03/05,Decommissioned,Underground vault 4
EQ-7410,C-1301,X-9000,SN-X9000-65229,2023-07-29T00:00:00Z,1000,480V,07/28/2026,Decommissioned,High humidity bay installation
EQ-7361,C-1390,X-12000,SN-X12000-41764,10/01/2023,1500,600V,2025-09-30,Decommissioned,Primary power grid node
EQ-6739,C-1343,X-5000,SN-X5000-94694,2022-01-06T00:00:00Z,250,240V,2024-01-06,Maintenance,Backup unit near loading dock
EQ-5280,C-1250,X-7000,SN-X7000-78846,2022/09/05,500,480V,09-04-2024,IN SERVICE,High humidity bay installation
